게임ID,게임한글명,게임Lv,상태,CSV_ID,CSV영문명,CSV_Lv,드롭수,비고
9,새끼 데저트 울프,6,확정,1107,Baby Desert Wolf,9,8,
19,파밀리어,8,확정,1005,Familiar,8,8,
108,수컷 도둑벌레,12,확정,1054,Thief Bug Male,19,8,
109,암컷 도둑벌레,14,확정,1053,Thief Bug Female,10,8,
34,새비지 베베,16,확정,1167,Savage Babe,7,8,
42,타라프로그,19,확정,1034,Thara Frog,22,7,
33,오크 베이비,22,확정,1686,Orc Baby,21,7,
27,고블린,25,확정,1122,Goblin,25,8,
32,오크 레이디,26,확정,1273,Orc Lady,31,8,
49,본건,27,확정,1188,Bongun,32,8,
35,새비지,32,확정,1166,Savage,26,8,
128,오크 스켈레톤,32,확정,1152,Orc Skeleton,28,7,
73,펜,32,확정,1158,Phen,26,7,
47,아르기오페,38,확정,1099,Argiope,41,7,
134,피트맨,40,확정,1616,Pitman,43,8,
68,샌드맨,42,확정,1165,Sandman,34,8,
75,소드피쉬,44,확정,1069,Swordfish,30,8,
130,오크 아처,45,확정,1189,Orc Archer,49,8,
381,코볼트(도끼),48,확정,1133,Kobold,36,7,
382,코볼트(모닝스타),48,확정,1133,Kobold,36,7,
72,스터락타이트 고렘,54,확정,1278,Stalactic Golem,60,7,
141,바토리,55,확정,1102,Bathory,44,8,
151,아크로우즈,55,확정,1194,Arclouze,59,8,
148,시계탑 관리자,58,확정,1270,Clock Tower Manager,63,8,
365,파이어락 솔져,58,확정,1403,Firelock Soldier,47,8,
373,테디베어,60,확정,1622,Teddy Bear,71,8,
212,혈호접,62,확정,1408,Bloody Butterfly,55,7,
78,반어인,63,확정,1264,Merman,53,8,
211,인면도화,63,확정,1513,Mao Guai,62,6,
193,드리어드,64,확정,1493,Dryad,50,8,
356,방황하는 자,65,확정,1208,Wanderer,74,8,
93,아크앙겔링,65,확정,1388,Arc Angeling,60,8,
226,카하오,65,확정,1072,Kaho,60,8,
213,요선녀,66,확정,1512,Yao Jun,56,6,
215,아크담,67,확정,1979,Zakudam,82,7,
214,신선초,68,확정,1401,Shinobi,69,8,
192,우탄 슈터,68,확정,1883,Uzhas,61,7,
174,리비오,69,확정,1201,Rybio,71,8,
224,딜리터(지상),70,확정,1384,Deleter,66,5,
225,딜리터(공중),71,확정,1384,Deleter,66,5,
208,엑스큐서너,72,확정,1205,Executioner,65,8,
276,플레임 스컬,74,확정,1869,Flame Skull,60,5,
327,아르마이아 딘제(일반),75,확정,1654,Armeyer Dinze,66,8,
315,위로하는 자,75,확정,1703,Lady Solace,77,8,
326,이그니젬 세니아(일반),75,확정,1658,Egnigem Cenia,79,8,
236,호드렘림,75,확정,1773,Hodremlin,61,8,
328,위케바인 트레스(일반),76,확정,1653,Wickebine Tres,62,8,
317,지키는 자,78,확정,1702,Baroness of Retribution,79,8,
89,심연의 기사,80,확정,1219,Abysmal Knight,79,8,
297,블루 어시더스,82,확정,1713,Acidus,80,8,
401,모로크 인카네이션,83,확정,1920,Incarnation of Morocc,96,7,
298,골드 어시더스,84,확정,1713,Acidus,80,8,
319,타나토스의 슬픔,84,확정,1707,Dolor of Thanatos,83,7,
291,스케골트(청),85,확정,1755,Skeggiold,83,8,
256,백소진,87,확정,1839,Byorgue,86,8,
321,타나토스의 절망,88,확정,1705,Despero of Thanatos,88,7,
310,하이드롤랜서,89,확정,1720,Hydrolancer,89,8,
322,타나토스의 증오,90,확정,1704,Odium of Thanatos,92,7,
331,스나이퍼 세실(일반),92,확정,1638,Cecil Damon,82,8,
332,하이프리스트 마가레타(일반),92,확정,1637,Margaretha Sorin,90,8,
333,화이트스미스 하워드(일반),92,확정,1636,Howard Alt-Eisen,83,8,
270,글룸 언더 나이트,93,확정,1768,Gloom Under Night,89,7,
221,키엘-D-01,94,확정,1734,Kiel D-01,90,8,
336,모로크의 현신(골렘형),95,확정,1920,Incarnation of Morocc,96,7,
337,모로크의 현신(물질형),95,확정,1920,Incarnation of Morocc,96,7,
335,모로크의 현신(인간형),95,확정,1920,Incarnation of Morocc,96,7,
334,모로크의 현신(천사형),95,확정,1920,Incarnation of Morocc,96,7,
282,타락한 대신관 히밤,95,확정,1871,Fallen Bishop Hibram,80,7,
249,디타르테우르스,97,확정,1719,Detardeurus,90,8,
239,로드나이트 세이렌,99,확정,1646,Lord Knight Seyren,99,8,
295,발키리 란드그리스,99,확정,1751,Valkyrie Randgris,99,7,
243,스나이퍼 세실,99,확정,1650,Sniper Cecil,99,8,
323,타나토스의 사념체,99,확정,1708,Memory of Thanatos,99,8,
244,하이위자드 카트린느,99,확정,1651,High Wizard Kathryne,99,8,
242,하이프리스트 마가레타,99,확정,1649,High Priest Margaretha,99,8,
127,오크 좀비,30,검토,1197,Zombie Prisoner,53,8,lvΔ=23
92,앙겔링,40,검토,1096,Angeling,20,8,lvΔ=-20
397,하티 베베,45,검토,1515,Baby Hatii,61,6,lvΔ=16
61,제롬,48,검토,1178,Zerom,23,8,lvΔ=-25
201,크리스마스 쿠키,48,검토,1246,Christmas Cookie,28,8,lvΔ=-20
393,거대 위스퍼,55,검토,1186,Giant Whisper,34,5,lvΔ=-21
183,미아비,58,검토,1404,Miyabi Doll,33,8,lvΔ=-25
205,와일드 로즈,58,검토,1261,Wild Rose,38,8,lvΔ=-20
255,잎사귀 캣,60,검토,1586,Leaf Cat,38,8,lvΔ=-22
99,쁘띠(비행),62,검토,1156,Petite,45,8,lvΔ=-17
98,쁘띠(지상),64,검토,1156,Petite,45,8,lvΔ=-19
391,네레이드,65,검토,1255,Nereid,40,8,lvΔ=-25
100,바포메트 주니어,66,검토,1101,Baphomet Jr.,50,8,lvΔ=-16
191,우탄 파이터,66,검토,1861,Choco,43,8,lvΔ=-23
223,블레이저,68,검토,1367,Blazer,43,4,lvΔ=-25
251,식양,68,검토,1417,Zipper Bear,35,6,lvΔ=-33
262,무스시펠라,74,검토,1780,Muscipular,57,7,lvΔ=-17
286,바바야가,76,검토,1882,Baba Yaga,49,7,lvΔ=-27
186,원령무사,84,검토,1542,Incantation Samurai,71,0,no-drops
375,쌍둥이-S58,88,검토,1656,Kavach Icarus,60,8,lvΔ=-28
338,마왕 모로크,99,검토,1916,Satan Morocc,99,0,no-drops
166,룻더,50,보류,,,,,"ALIAS ""Ludder"" not in CSV"
392,스콜피온 킹,50,보류,,,,,"ALIAS ""Scorpion King"" not in CSV"
374,폐수 난로,62,보류,,,,,"ALIAS ""Sedora"" not in CSV"
254,흑사,69,보류,,,,,별칭없음
312,앙그라 만티스,74,보류,,,,,"ALIAS ""Angra Mantis"" not in CSV"
228,가디언,75,보류,,,,,"ALIAS ""Guardian"" not in CSV"
288,키키모라,78,보류,,,,,"ALIAS ""Kiki mora"" not in CSV"
318,은총받은 자,80,보류,,,,,별칭없음
325,이미르의 잔해,95,보류,,,,,별칭없음
