ID,AegisName,이름(영),MVP,레벨,HP,BaseEXP,JobEXP,ATK(min),ATK(max),DEF,MDEF,STR,AGI,VIT,INT,DEX,LUK,크기,종족,속성,속성레벨,사거리,공격딜레이,AI
1002,PORING,Poring,,1,50,2,1,7,10,0,5,0,0,0,0,6,30,중형,식물,물,1,1,1872,2
1078,RED_PLANT,Red Plant,,1,10,0,0,1,2,100,99,0,0,0,0,0,0,소형,식물,땅,1,1,1,
1079,BLUE_PLANT,Blue Plant,,1,10,0,0,1,2,100,99,0,0,0,0,0,0,소형,식물,땅,1,1,1,
1080,GREEN_PLANT,Green Plant,,1,10,0,0,1,2,100,99,0,0,0,0,0,0,소형,식물,땅,1,1,1,
1081,YELLOW_PLANT,Yellow Plant,,1,10,0,0,1,2,100,99,0,0,0,0,0,0,소형,식물,땅,1,1,1,
1082,WHITE_PLANT,White Plant,,1,10,0,0,1,2,100,99,0,0,0,0,0,0,소형,식물,땅,1,1,1,
1083,SHINING_PLANT,Shining Plant,,1,20,0,0,1,2,100,99,0,0,0,0,0,90,소형,식물,성,1,1,1,
1084,BLACK_MUSHROOM,Black Mushroom,,1,15,0,0,1,2,100,99,0,0,0,0,0,0,소형,식물,땅,1,1,1,
1085,RED_MUSHROOM,Red Mushroom,,1,15,0,0,1,2,100,99,0,0,0,0,0,0,소형,식물,땅,1,1,1,
1182,THIEF_MUSHROOM,Thief Mushroom,,1,15,0,0,1,2,100,99,0,0,0,0,0,0,소형,식물,땅,1,1,1,
1184,FABRE_,Fabre,,1,30,1,0,4,7,0,0,0,2,0,0,4,5,소형,곤충,땅,1,1,1672,4
1187,SWITCH,Switch,,1,2,1,1,1,2,0,0,0,0,0,0,0,0,중형,무형,무속성,1,1,1,
1395,CRYSTAL_1,Wind Crystal,,1,15,0,0,0,0,100,99,0,0,0,0,999,0,소형,무형,무속성,1,0,0,25
1396,CRYSTAL_2,Earth Crystal,,1,15,0,0,0,0,100,99,0,0,0,0,999,0,소형,무형,무속성,1,0,0,25
1397,CRYSTAL_3,Fire Crystal,,1,15,0,0,0,0,100,99,0,0,0,0,999,0,소형,무형,무속성,1,0,0,25
1398,CRYSTAL_4,Water Crystal,,1,15,0,0,0,0,100,99,0,0,0,0,999,0,소형,무형,무속성,1,0,0,25
1725,R_PORING,Poring,,1,50,0,0,7,10,0,5,0,0,0,0,6,30,중형,식물,물,1,1,1872,2
1750,G_RED_PLANT,Red Plant,,1,100,0,0,100,200,100,99,0,0,0,0,0,100,소형,식물,땅,1,1,1,
1792,SOCCER_BALL,Soccer Ball,,1,1000,0,0,0,0,127,99,0,0,0,0,0,0,소형,무형,무속성,1,0,96,
1877,CRYSTAL_5,Crystal,,1,15,0,0,0,0,100,99,0,0,0,0,999,0,소형,무형,무속성,1,0,0,25
1878,E_SHINING_PLANT,Shining Plant,,1,20,0,0,1,2,100,99,0,0,0,0,0,90,소형,식물,성,1,1,1,
1951,CRYSTAL_6,Crystal,,1,15,0,0,0,0,100,99,0,0,0,0,999,0,소형,무형,무속성,1,0,0,25
1952,CRYSTAL_7,Crystal,,1,15,0,0,0,0,100,99,0,0,0,0,999,0,소형,무형,무속성,1,0,0,25
1953,CRYSTAL_8,Crystal,,1,15,0,0,0,0,100,99,0,0,0,0,999,0,소형,무형,무속성,1,0,0,25
1954,CRYSTAL_9,Crystal,,1,15,0,0,0,0,100,99,0,0,0,0,999,0,소형,무형,무속성,1,0,0,25
1973,E_PORING,Poring,,1,50,2,1,7,10,0,5,0,0,0,0,6,30,중형,식물,물,1,1,1872,
2057,E_CRAMP,Cramp,,1,50,0,0,7,10,0,5,0,0,0,0,6,30,중형,식물,물,1,1,1872,
1007,FABRE,Fabre,,2,63,3,2,8,11,0,0,0,2,4,0,7,5,소형,곤충,땅,1,1,1672,1
1008,PUPA,Pupa,,2,427,2,4,1,2,0,20,0,0,0,0,0,20,소형,곤충,땅,1,0,1001,
1090,MASTERING,Mastering,,2,2415,30,10,18,24,0,10,0,2,2,0,17,60,중형,식물,물,1,1,1072,21
1229,META_FABRE,Fabre,,2,63,3,2,8,11,0,0,0,2,4,0,7,5,소형,곤충,땅,1,1,1672,1
1230,META_PUPA,Pupa,,2,427,2,4,1,2,20,20,0,0,0,0,0,20,소형,곤충,땅,1,0,1001,
1047,PECOPECO_EGG,Peco Peco Egg,,3,420,4,4,1,2,20,20,0,0,0,0,0,20,소형,무형,무속성,3,0,1001,
1049,PICKY,Picky,,3,80,4,3,9,12,0,0,0,3,3,5,10,30,소형,동물,불,1,1,988,1
1062,PORING_,Santa Poring,,3,69,4,5,12,16,0,0,0,14,3,10,12,90,중형,식물,성,1,1,1672,1
1063,LUNATIC,Lunatic,,3,60,6,2,9,12,0,20,0,3,3,10,8,60,소형,동물,무속성,3,1,1456,1
1113,DROPS,Drops,,3,55,4,3,10,13,0,0,0,3,3,0,12,15,중형,식물,불,1,1,1372,2
1232,META_PECOPECO_EGG,Peco Peco Egg,,3,420,4,4,1,2,20,20,0,0,0,0,0,20,소형,무형,무속성,3,0,1001,
1240,META_PICKY,Picky,,3,80,4,3,9,12,0,0,0,3,3,0,10,30,소형,동물,불,1,1,988,1
1572,G_DROPS,Drops,,3,55,0,0,10,13,0,0,0,3,3,0,12,15,중형,식물,불,1,1,1372,2
1726,R_LUNATIC,Lunatic,,3,60,0,0,9,12,0,20,0,3,3,10,8,60,소형,동물,무속성,3,1,1456,2
1010,WILOW,Willow,,4,95,5,4,9,12,5,15,0,4,8,30,9,10,중형,식물,땅,1,1,1672,1
1011,CHONCHON,Chonchon,,4,67,5,4,10,13,10,0,0,10,4,5,12,2,소형,곤충,바람,1,1,1076,1
1048,THIEF_BUG_EGG,Thief Bug Egg,,4,48,8,4,13,17,20,0,0,6,4,0,14,20,소형,곤충,어둠,1,0,701,
1050,PICKY_,Picky,,4,83,5,4,8,11,20,0,0,3,3,10,11,20,소형,동물,불,1,1,988,1
1097,ANT_EGG,Ant Egg,,4,420,5,4,1,2,20,20,0,0,0,0,0,20,소형,무형,무속성,3,0,1001,
1183,CHONCHON_,Chonchon,,4,67,5,4,10,13,10,0,0,10,4,5,12,2,소형,곤충,바람,1,1,1076,4
1236,META_ANT_EGG,Ant Egg,,4,420,5,4,1,2,20,20,0,0,0,0,0,20,소형,무형,무속성,3,0,1001,
1241,META_PICKY_,Picky,,4,83,5,4,8,11,20,0,0,3,3,0,11,20,소형,동물,불,1,1,988,1
1009,CONDOR,Condor,,5,92,6,5,11,14,0,0,0,13,5,0,13,10,중형,동물,바람,1,1,1148,3
1012,RODA_FROG,Roda Frog,,5,133,6,5,11,14,0,5,0,5,5,5,10,5,중형,어류,물,1,1,2016,1
1901,E_CONDOR,Condor,,5,8000,100,100,200,400,10,15,0,13,10,25,95,10,소형,천사,성,1,1,1148,3
1051,THIEF_BUG,Thief Bug,,6,126,17,5,18,24,5,0,0,6,6,0,11,0,소형,곤충,무속성,3,1,1288,7
1093,ECLIPSE,Eclipse,,6,1800,60,55,20,26,0,40,0,36,6,0,11,80,중형,동물,무속성,3,1,1456,21
1879,ECLIPSE_P,Eclipse,,6,1800,0,0,20,26,0,40,0,36,6,0,11,80,중형,동물,무속성,3,1,1456,21
1167,SAVAGE_BABE,Savage Babe,,7,182,14,12,20,25,0,0,0,7,14,5,12,35,소형,동물,땅,1,1,1624,1
1727,R_SAVAGE_BABE,Savage Babe,,7,182,0,0,20,25,0,0,0,7,14,5,12,35,소형,동물,땅,1,1,1624,2
1004,HORNET,Hornet,,8,169,19,15,22,27,5,5,6,20,8,10,17,5,소형,곤충,바람,1,1,1292,3
1005,FARMILIAR,Familiar,,8,155,28,15,20,28,0,0,0,12,8,5,28,0,소형,동물,어둠,1,1,1276,4
1091,DRAGON_FLY,Dragon Fly,,8,2400,88,44,22,27,40,0,0,20,8,15,17,5,소형,곤충,바람,1,1,1076,21
1419,G_FARMILIAR,Familiar,,8,155,0,0,20,28,0,0,0,12,8,5,28,0,소형,동물,어둠,1,1,1276,4
1052,ROCKER,Rocker,,9,198,20,16,24,29,5,10,0,9,18,10,14,15,중형,곤충,땅,1,1,1864,1
1107,DESERT_WOLF_B,Baby Desert Wolf,,9,164,20,16,30,36,0,0,0,9,9,5,21,40,소형,동물,불,1,1,1600,3
1728,R_DESERT_WOLF_B,Baby Desert Wolf,,9,164,0,0,30,36,0,0,0,9,9,5,21,40,소형,동물,불,1,1,1600,2
1053,THIEF_BUG_,Thief Bug Female,,10,170,35,18,33,40,5,5,0,15,10,5,23,5,중형,곤충,어둠,1,1,988,7
1076,SKELETON,Skeleton,,10,234,18,14,39,47,10,10,0,5,10,0,12,0,중형,언데드,불사,1,1,2228,17
1089,TOAD,Toad,,10,5065,100,50,26,32,0,0,0,5,10,10,10,25,중형,어류,물,1,1,1236,21
1161,PLANKTON,Plankton,,10,354,23,18,26,31,0,5,0,10,10,0,15,0,소형,식물,물,3,1,2208,1
1247,ANTONIO,Antonio,,10,10,3,2,13,20,100,0,0,0,0,50,100,100,중형,식물,성,3,1,720,1
1858,E_PLANKTON,Plankton,,10,354,23,18,26,31,0,5,0,10,10,0,15,0,소형,식물,물,3,1,2208,1
1962,ANTONIO_,Christmas Thief,,10,15,0,0,13,20,100,99,0,0,0,50,100,100,중형,인간형,무속성,1,1,720,2
1070,KUKRE,Kukre,,11,507,38,28,28,37,15,0,0,11,11,5,16,2,소형,어류,물,1,1,1776,2
1175,TAROU,Tarou,,11,284,57,28,34,45,0,0,0,20,11,10,24,5,소형,동물,어둠,1,1,1744,17
1020,MANDRAGORA,Mandragora,,12,405,45,32,26,35,0,25,0,12,24,0,36,15,중형,식물,땅,3,4,1768,10
1589,G_MANDRAGORA,Mandragora,,12,405,0,0,26,35,0,25,0,12,24,0,36,15,중형,식물,땅,3,4,1768,10
1690,G_SPRING_RABBIT,Spring Rabbit,,12,15,0,0,0,0,100,99,0,0,0,0,0,0,중형,동물,땅,2,1,1120,2
1815,EVENT_RICECAKE,Rice Cake,,12,20,0,0,1,2,100,99,0,0,0,0,0,0,중형,무형,무속성,1,1,1320,
1816,EVENT_GOURD,Gourd,,12,1000,0,0,1,2,100,99,0,0,0,0,0,0,중형,무형,무속성,1,1,96,
1859,E_MANDRAGORA,Mandragora,,12,405,45,32,26,35,0,25,0,12,24,0,36,15,중형,식물,땅,3,4,1768,10
1898,EVENT_ZOMBIE,Zombie,,12,434,0,0,67,79,0,10,0,0,0,0,0,0,중형,언데드,불사,1,1,2612,4
1094,AMBERNITE,Ambernite,,13,495,57,38,39,46,30,0,0,13,13,5,18,5,대형,곤충,물,1,1,2048,17
1024,WORM_TAIL,Wormtail,,14,426,59,40,42,51,5,0,0,14,28,5,46,5,중형,식물,땅,1,2,1048,17
1031,POPORING,Poporing,,14,344,81,44,59,72,0,10,0,14,14,0,19,15,중형,식물,독,1,1,1672,2
1068,HYDRA,Hydra,,14,660,59,40,22,28,0,40,0,14,14,0,40,2,소형,식물,물,2,7,800,10
1579,G_HYDRA,Hydra,,14,660,0,0,22,28,0,40,0,14,14,0,40,2,소형,식물,물,2,7,800,10
2081,E_HYDRA,Strange Hydra,,14,660,0,0,22,28,100,100,0,14,14,0,40,2,소형,식물,물,2,7,800,
1015,ZOMBIE,Zombie,,15,534,50,33,67,79,0,10,0,8,7,0,15,0,중형,언데드,불사,1,1,2612,4
1025,SNAKE,Boa,,15,471,72,48,46,55,0,0,0,15,15,10,35,5,중형,동물,땅,1,1,1576,1
1074,SHELLFISH,Shellfish,,15,920,66,44,35,42,35,0,0,12,8,0,32,5,소형,어류,물,1,1,864,17
1242,MARIN,Marin,,15,742,66,44,39,43,0,10,0,10,10,5,35,15,중형,식물,물,2,1,1872,1
1394,G_ZOMBIE,Zombie,,15,534,0,0,67,79,0,10,0,8,7,0,15,0,중형,언데드,불사,1,1,2612,4
1520,BOILED_RICE,Boiled Rice,,15,400,84,45,49,82,0,10,0,14,14,0,19,15,중형,식물,물,1,1,1152,1
1595,G_MARIN,Marin,,15,742,0,0,39,43,0,10,0,10,10,5,35,15,중형,식물,물,2,1,1872,1
1747,G_SNAKE,Boa,,15,471,0,0,46,55,0,0,0,15,15,10,35,5,중형,동물,땅,1,1,1576,4
1841,G_SNAKE_,Snake Lord's Minion,,15,10,1,1,46,55,100,99,0,15,15,10,35,5,중형,동물,땅,1,1,1576,1
1857,E_MARIN,Marin,,15,742,66,44,39,43,0,10,0,10,10,5,35,15,중형,식물,물,2,1,1872,1
1014,SPORE,Spore,,16,510,66,108,24,48,0,5,0,12,12,5,19,8,중형,식물,물,1,1,1872,1
1018,CREAMY,Creamy,,16,595,105,70,53,64,0,30,0,40,16,15,16,55,소형,곤충,바람,1,1,1136,1
1174,STAINER,Stainer,,16,538,105,70,53,64,10,0,0,40,16,5,30,5,소형,곤충,바람,1,1,1688,17
1231,META_CREAMY,Creamy,,16,595,96,64,53,64,0,30,0,40,16,15,16,55,소형,곤충,바람,1,1,1220,1
1042,STEEL_CHONCHON,Steel Chonchon,,17,530,109,71,54,65,15,0,0,43,17,5,33,10,소형,곤충,바람,1,1,1076,7
1055,MUKA,Muka,,17,610,273,120,40,49,5,5,15,15,30,5,20,10,대형,식물,땅,1,1,1960,1
1095,ANDRE,Andre,,17,688,109,71,60,71,10,0,0,17,24,20,26,20,소형,곤충,땅,1,1,1288,7
1104,COCO,Coco,,17,817,120,78,56,67,0,0,24,17,34,20,24,10,소형,동물,땅,1,1,1864,17
1162,RAFFLESIA,Rafflesia,,17,1333,333,333,105,127,0,2,0,18,24,11,37,10,소형,식물,땅,1,3,512,4
1237,META_ANDRE,Andre,,17,688,109,71,60,71,10,0,0,17,24,20,26,20,소형,곤충,땅,1,1,1288,7
1790,G_RAFFLESIA,Rafflesia,,17,1333,0,0,105,127,0,2,0,18,24,11,37,10,소형,식물,땅,1,3,512,4
1854,E_MUKA,Muka,,17,610,273,120,40,49,5,5,15,15,30,5,20,10,대형,식물,땅,1,1,1960,2
1860,E_COCO,Coco,,17,817,120,78,56,67,0,0,24,17,34,20,24,10,소형,동물,땅,1,1,1864,17
1056,SMOKIE,Smokie,,18,641,134,86,61,72,0,10,0,18,36,25,26,35,소형,동물,땅,1,1,1576,17
1088,VOCAL,Vocal,,18,3016,110,88,71,82,10,30,77,28,26,30,53,40,중형,곤충,땅,1,1,1080,21
1120,GHOSTRING,Ghostring,,18,73300,101,108,82,122,0,60,40,27,18,45,72,30,중형,악마,유령,4,1,1220,21
1128,HORN,Horn,,18,659,134,86,58,69,10,0,22,18,28,10,47,15,중형,곤충,땅,1,1,1528,17
1145,MARTIN,Martin,,18,1109,134,86,52,63,0,5,12,18,30,15,15,5,소형,동물,땅,2,1,1480,1
1160,PIERE,Piere,,18,733,122,78,64,75,15,0,0,18,26,20,27,15,소형,곤충,땅,1,1,1288,7
1238,META_PIERE,Piere,,18,733,122,78,64,75,15,0,0,18,26,20,27,15,소형,곤충,땅,1,1,1288,7
1266,ASTER,Aster,,18,1372,122,78,56,64,0,10,0,19,15,0,34,5,소형,어류,땅,1,1,1264,17
1561,G_SMOKIE,Smokie,,18,641,0,0,61,72,0,10,0,18,36,25,26,35,소형,동물,땅,1,1,1576,17
1576,G_GHOSTRING,Ghostring,,18,73300,0,0,82,122,0,60,40,27,18,45,72,30,중형,악마,유령,4,1,1220,21
1581,G_VOCAL,Vocal,,18,3016,0,0,71,82,10,30,77,28,26,30,53,40,중형,곤충,땅,1,1,1080,21
1811,G_SMOKIE_,Bandit,,18,641,0,0,61,72,0,10,0,18,36,25,26,35,소형,동물,땅,1,1,1576,17
1862,E_MARTIN,Martin,,18,1109,134,86,52,63,0,5,12,18,30,15,15,5,소형,동물,땅,2,1,1480,1
1019,PECOPECO,Peco Peco,,19,531,159,72,50,64,0,0,0,13,13,25,27,9,대형,동물,불,1,1,1564,3
1054,THIEF_BUG__,Thief Bug Male,,19,583,223,93,76,88,15,5,0,29,16,5,36,0,중형,곤충,어둠,1,1,988,13
1066,VADON,Vadon,,19,1017,135,85,74,85,20,0,0,19,16,10,36,15,소형,어류,물,1,1,1632,17
1077,POISON_SPORE,Poison Spore,,19,665,186,93,89,101,0,0,0,19,25,0,24,0,중형,식물,독,1,1,1672,4
1105,DENIRO,Deniro,,19,760,135,85,68,79,15,0,0,19,30,20,43,10,소형,곤충,땅,1,1,1288,7
1234,PROVOKE_YOYO,Yoyo,,19,879,135,85,71,82,0,0,0,24,30,35,32,55,소형,동물,땅,1,1,1054,7
1239,META_DENIRO,Deniro,,19,760,135,85,68,79,15,0,0,19,30,20,43,10,소형,곤충,땅,1,1,1288,7
1428,G_POISON_SPORE,Poison Spore,,19,665,0,0,89,101,0,0,0,19,25,0,24,0,중형,식물,독,1,1,1672,4
1608,G_THIEF_BUG__,Thief Bug Male,,19,583,0,0,76,88,15,5,0,29,16,5,36,0,중형,곤충,어둠,1,1,988,13
1855,E_POISONSPORE,Poison Spore,,19,665,186,93,89,101,0,0,0,19,25,0,24,0,중형,식물,독,1,1,1672,4
1971,E_VADON,Vadon,,19,1017,270,170,74,85,20,0,0,19,16,10,36,15,소형,어류,물,1,1,1632,
1033,ELDER_WILOW,Elder Willow,,20,693,163,101,58,70,10,30,0,20,25,35,38,30,중형,식물,불,2,1,1372,09
1073,CRAB,Crab,,20,2451,163,101,71,81,35,0,18,20,15,0,36,15,소형,어류,물,1,1,992,1
1096,ANGELING,Angeling,,20,55000,163,144,120,195,0,70,0,50,20,75,68,200,중형,천사,성,4,1,1072,21
1176,VITATA,Vitata,,20,894,163,101,69,80,15,20,0,20,25,65,40,70,소형,곤충,땅,1,1,1768,17
1568,G_ANGELING,Angeling,,20,55000,0,0,120,195,0,70,0,50,20,75,68,200,중형,천사,성,4,1,1072,21
1574,G_ELDER_WILOW,Elder Willow,,20,693,0,0,58,70,10,30,0,20,25,35,38,30,중형,식물,불,2,1,1372,09
1828,EVENT_GULLINBURSTI,Gullinbrusti,,20,20,0,0,59,72,100,99,0,14,14,0,19,15,대형,동물,땅,2,1,1960,17
1057,YOYO,Yoyo,,21,879,280,111,71,82,0,0,0,24,30,35,32,55,소형,동물,땅,1,1,1054,7
1114,DUSTINESS,Dustiness,,21,1044,218,140,80,102,0,10,0,53,17,0,38,5,소형,곤충,바람,2,1,1004,17
1141,MARINA,Marina,,21,2087,218,140,84,106,0,5,0,21,21,0,36,10,소형,식물,물,2,1,2280,1
1254,RAGGLER,Raggler,,21,1020,218,140,102,113,0,5,18,10,32,20,39,35,소형,동물,바람,1,1,1000,21
1445,G_RAGGLER,Raggler,,21,1020,0,0,102,113,0,5,18,10,32,20,39,35,소형,동물,바람,1,1,1000,4
1686,ORC_BABY,Orc Baby,,21,912,220,220,135,270,10,10,30,15,10,18,35,2,소형,인간형,땅,1,1,672,4
1972,E_MARINA,Marina,,21,2087,436,280,84,106,0,5,0,21,21,0,36,10,소형,식물,물,2,1,2280,
1034,THARA_FROG,Thara Frog,,22,2152,219,138,105,127,0,10,0,22,22,5,34,10,중형,어류,물,2,1,2016,1
1058,METALLER,Metaller,,22,926,241,152,131,159,15,30,0,22,22,20,49,50,중형,곤충,불,1,1,1708,7
1126,GOBLIN_5,Goblin,,22,1952,241,152,105,127,10,5,0,22,22,15,32,10,중형,인간형,물,1,1,3074,13
1538,G_GOBLIN_5,Goblin,,22,1952,0,0,105,127,10,5,0,22,22,15,32,10,중형,인간형,물,1,1,3074,13
1030,ANACONDAQ,Anacondaq,,23,1109,300,149,124,157,0,0,0,23,28,10,36,5,중형,동물,독,1,1,1576,17
1067,CORNUTUS,Cornutus,,23,1620,240,149,109,131,30,0,0,23,23,5,36,12,소형,어류,물,1,1,1248,17
1103,CARAMEL,Caramel,,23,1424,264,162,90,112,5,5,35,23,46,5,38,10,소형,동물,땅,1,1,1604,17
1125,GOBLIN_4,Goblin,,23,1359,264,164,109,131,10,5,0,23,46,15,36,10,중형,인간형,땅,1,1,1624,13
1178,ZEROM,Zerom,,23,1109,240,149,127,155,0,10,0,23,23,5,42,0,중형,인간형,불,1,1,1780,4
1470,G_ZEROM,Zerom,,23,1109,0,0,127,155,0,10,0,23,23,5,42,0,중형,인간형,불,1,1,1780,4
1537,G_GOBLIN_4,Goblin,,23,1359,0,0,109,131,10,5,0,23,46,15,36,10,중형,인간형,땅,1,1,1624,13
1627,ANOPHELES,Anopheles,,23,100,99,55,48,63,0,90,0,200,4,5,120,5,소형,곤충,바람,3,1,140,4
1748,G_ANACONDAQ,Anacondaq,,23,1109,0,0,124,157,0,0,0,23,28,10,36,5,중형,동물,독,1,1,1576,4
1784,STAPO,Stapo,,23,666,332,221,135,370,90,5,12,11,15,12,23,0,소형,무형,땅,2,1,936,2
1842,G_ANACONDAQ_,Snake Lord's Minion,,23,15,1,1,124,157,100,99,0,23,28,10,36,5,중형,동물,독,1,1,1576,17
1001,SCORPION,Scorpion,,24,1109,287,176,80,135,30,0,0,24,24,5,52,5,소형,곤충,불,1,1,1564,09
1023,ORK_WARRIOR,Orc Warrior,,24,1400,408,160,104,126,10,5,0,24,48,25,34,10,중형,인간형,땅,1,1,1864,4
1064,MEGALODON,Megalodon,,24,1648,215,132,155,188,0,15,0,12,24,0,26,5,중형,언데드,불사,1,1,2492,1
1092,VAGABOND_WOLF,Vagabond Wolf,,24,12240,247,176,135,159,10,0,57,45,48,20,50,65,중형,동물,땅,1,1,1048,21
1111,DRAINLIAR,Drainliar,,24,1162,431,176,74,84,0,0,0,36,24,0,78,0,소형,동물,어둠,2,1,1276,09
1116,EGGYRA,Eggyra,,24,633,215,220,85,107,20,25,0,36,24,0,32,0,중형,무형,유령,2,1,1816,17
1123,GOBLIN_2,Goblin,,24,1034,287,176,88,100,10,5,0,24,24,15,66,10,중형,인간형,불,1,1,1320,09
1124,GOBLIN_3,Goblin,,24,1034,357,176,132,165,10,5,0,24,24,15,24,10,중형,인간형,독,1,1,1624,13
1153,ORC_ZOMBIE,Orc Zombie,,24,1568,196,120,151,184,5,10,0,12,24,0,24,5,중형,언데드,불사,1,1,2852,4
1235,SMOKING_ORC,Smoking Orc,,24,1400,261,160,114,136,10,20,0,24,48,20,34,0,중형,인간형,땅,1,1,1864,13
1434,G_DRAINLIAR,Drainliar,,24,1162,0,0,74,84,0,0,0,36,24,0,78,0,소형,동물,어둠,2,1,1276,4
1463,G_ORC_ZOMBIE,Orc Zombie,,24,1568,0,0,151,184,5,10,0,12,24,0,24,5,중형,언데드,불사,1,1,2852,4
1535,G_GOBLIN_2,Goblin,,24,1034,0,0,88,100,10,5,0,24,24,15,66,10,중형,인간형,불,1,1,1320,09
1536,G_GOBLIN_3,Goblin,,24,1034,0,0,132,165,10,5,0,24,24,15,24,10,중형,인간형,독,1,1,1624,13
1559,G_SCORPION,Scorpion,,24,1109,0,0,80,135,30,0,0,24,24,5,52,5,소형,곤충,불,1,1,1564,09
1588,ORC_XMAS,Christmas Orc,,24,1400,261,160,104,126,10,5,0,24,48,25,34,10,중형,인간형,땅,1,1,1864,1
1013,WOLF,Wolf,,25,919,329,199,37,46,0,0,0,20,28,15,32,20,중형,동물,땅,1,1,1054,3
1040,GOLEM,Golem,,25,3900,465,94,175,187,40,0,0,15,25,0,15,0,대형,무형,무속성,3,1,1608,17
1060,BIGFOOT,Bigfoot,,25,1619,310,188,198,220,10,0,0,25,55,15,20,25,대형,동물,땅,1,1,1260,17
1071,PIRATE_SKEL,Pirate Skeleton,,25,1676,233,142,145,178,10,15,25,13,25,5,25,10,중형,언데드,불사,1,1,1754,4
1100,ARGOS,Argos,,25,1117,388,188,158,191,15,0,0,25,25,5,32,15,대형,곤충,독,1,1,1468,09
1122,GOBLIN_1,Goblin,,25,1176,310,188,118,140,10,5,0,53,25,20,38,10,중형,인간형,바람,1,1,1120,21
1245,GOBLINE_XMAS,Christmas Goblin,,25,1176,282,171,118,140,10,5,0,53,25,20,38,45,중형,인간형,바람,1,1,1120,1
1265,COOKIE,Cookie,,25,950,310,188,130,145,0,25,0,35,20,53,37,90,소형,인간형,무속성,3,1,1036,3
1392,ROTAR_ZAIRO,Rotar Zairo,,25,1209,351,215,109,137,4,34,0,62,45,26,55,5,대형,무형,바람,2,10,2416,5
1430,G_ARGOS,Argos,,25,1117,0,0,158,191,15,0,0,25,25,5,32,15,대형,곤충,독,1,1,1468,4
1534,G_GOBLIN_1,Goblin,,25,1176,0,0,118,140,10,5,0,53,25,20,38,10,중형,인간형,바람,1,1,1120,21
1540,G_GOLEM,Golem,,25,3900,0,0,175,187,40,0,0,15,25,0,15,0,대형,무형,무속성,3,1,1608,17
1557,G_ROTAR_ZAIRO,Rotar Zairo,,25,1209,0,0,109,137,4,34,0,62,45,26,55,5,대형,무형,바람,2,10,2416,5
1603,G_BIGFOOT,Bigfoot,,25,1619,0,0,198,220,10,0,0,25,55,15,20,25,대형,동물,땅,1,1,1260,17
1607,G_GOBLINE_XMAS,Christmas Goblin,,25,1176,0,0,118,140,10,5,0,53,25,20,38,45,중형,인간형,바람,1,1,1120,21
1820,EVENT_BIGFOOT,Bigfoot,,25,1619,0,0,198,220,10,0,0,25,55,15,20,25,대형,동물,땅,1,1,1260,17
1825,EVENT_GOBLINE_XMAS,Christmas Goblin,,25,1176,0,0,118,140,10,5,0,53,25,20,38,45,중형,인간형,바람,1,1,1120,21
1863,E_SPRING_RABBIT,Spring Rabbit,,25,4500,0,0,292,406,14,10,20,15,15,5,15,5,중형,동물,땅,2,1,1120,2
1118,FLORA,Flora,,26,2092,357,226,242,273,10,35,0,26,35,5,43,80,대형,식물,땅,1,3,1432,10
1127,HODE,Hode,,26,2282,550,300,146,177,0,30,0,26,42,5,49,40,중형,동물,땅,2,1,1480,1
1138,MAGNOLIA,Magnolia,,26,3195,393,248,120,151,5,30,0,26,26,0,39,5,소형,악마,물,1,1,1560,2
1139,MANTIS,Mantis,,26,2472,393,248,118,149,10,0,0,26,24,5,45,15,중형,곤충,땅,1,1,1528,09
1158,PHEN,Phen,,26,3347,357,226,138,150,0,15,0,26,26,0,88,75,중형,어류,물,2,1,2544,17
1166,SAVAGE,Savage,,26,2092,521,248,120,150,10,5,0,26,54,10,37,15,대형,동물,땅,2,1,1960,17
1221,M_SAVAGE,Savage,,26,2092,357,226,146,177,10,5,0,26,54,10,37,10,대형,동물,땅,2,1,1960,21
1457,G_MANTIS,Mantis,,26,2472,0,0,118,149,10,0,0,26,24,5,45,15,중형,곤충,땅,1,1,1528,4
1575,G_FLORA,Flora,,26,2092,0,0,242,273,10,35,0,26,35,5,43,80,대형,식물,땅,1,3,1432,10
1613,METALING,Metaling,,26,889,492,249,135,270,5,3,30,15,10,18,35,2,소형,무형,무속성,1,1,384,2
1856,E_MAGNOLIA,Magnolia,,26,3195,393,248,120,151,5,30,0,26,26,0,39,5,소형,악마,물,1,1,1560,2
1106,DESERT_WOLF,Desert Wolf,,27,1716,427,266,169,208,0,10,56,27,45,15,56,10,중형,동물,불,1,1,1120,13
1220,M_DESERT_WOLF,Desert Wolf,,27,1716,388,242,169,208,0,10,0,27,45,15,56,10,중형,동물,불,1,1,1120,21
1409,RICE_CAKE_BOY,Dumpling Child,,27,2098,231,149,112,134,5,12,0,22,29,5,41,10,소형,인간형,무속성,1,1,647,17
1432,G_DESERT_WOLF,Desert Wolf,,27,1716,0,0,169,208,0,10,56,27,45,15,56,10,중형,동물,불,1,1,1120,4
1821,EVENT_DESERT_WOLF,Desert Wolf,,27,1716,0,0,169,208,0,10,56,27,45,15,56,10,중형,동물,불,1,1,1120,13
1142,MARINE_SPHERE,Marine Sphere,,28,3518,461,284,120,320,0,40,0,28,28,0,33,50,소형,식물,물,2,1,1201,
1152,ORC_SKELETON,Orc Skeleton,,28,2278,315,194,190,236,10,10,0,14,18,0,30,15,중형,언데드,불사,1,1,2420,4
1246,COOKIE_XMAS,Christmas Cookie,,28,2090,461,284,140,170,0,50,0,24,30,53,45,100,소형,인간형,성,2,1,1248,17
1258,GOBLIN_ARCHER,Goblin Archer,,28,1750,461,284,89,113,0,0,10,15,20,15,72,20,소형,인간형,독,1,9,1172,5
1462,G_ORC_SKELETON,Orc Skeleton,,28,2278,0,0,190,236,10,10,0,14,18,0,30,15,중형,언데드,불사,1,1,2420,4
1577,G_GOBLIN_ARCHER,Goblin Archer,,28,1750,0,0,89,113,0,0,10,15,20,15,72,20,소형,인간형,독,1,9,1172,5
1619,PORCELLIO,Porcellio,,28,1654,512,346,82,247,0,8,0,31,21,50,54,85,소형,곤충,땅,3,1,720,2
1741,G_COOKIE_XMAS,Christmas Cookie,,28,2090,0,0,140,170,0,50,0,24,30,53,45,100,소형,인간형,성,2,1,1248,4
1904,BOMBPORING,Bomb Poring,,28,1000000,461,284,120,320,100,99,0,28,28,0,33,50,소형,무형,무속성,1,1,1672,13
1028,SOLDIER_SKELETON,Soldier Skeleton,,29,2334,372,226,221,245,10,15,0,15,22,5,40,15,중형,언데드,불사,1,1,2276,4
1121,GIEARTH,Giearth,,29,2252,495,301,154,185,10,50,25,29,46,60,64,105,소형,악마,땅,1,1,1848,17
1562,G_SOLDIER_SKELETON,Soldier Skeleton,,29,2334,0,0,221,245,10,15,0,15,22,5,40,15,중형,언데드,불사,1,1,2276,4
1591,A_LUNATIC,Lunatic,,29,2334,0,0,221,245,10,20,0,15,22,5,40,15,소형,동물,무속성,3,1,1456,4
1026,MUNAK,Munak,,30,2872,601,318,150,230,0,0,0,15,20,5,46,15,중형,언데드,불사,1,1,2468,4
1069,SWORD_FISH,Swordfish,,30,4299,1251,638,168,199,5,20,0,30,30,41,62,30,대형,어류,물,2,1,1968,4
1119,FRILLDORA,Frilldora,,30,2023,529,319,200,239,0,10,35,30,38,15,53,30,중형,동물,불,1,1,1540,4
1169,SKEL_WORKER,Skeleton Worker,,30,2872,397,240,242,288,0,15,0,15,30,5,42,10,중형,언데드,불사,1,1,2420,4
1243,SASQUATCH,Sasquatch,,30,3163,529,319,250,280,5,0,75,25,60,10,34,20,대형,동물,무속성,3,1,1260,21
1400,KARAKASA,Karakasa,,30,3092,489,322,141,183,1,5,0,45,12,20,49,60,중형,무형,무속성,3,1,1638,1
1442,G_SASQUATCH,Sasquatch,,30,3163,0,0,250,280,5,0,75,25,60,10,34,20,대형,동물,무속성,3,1,1260,4
1469,G_SKEL_WORKER,Skeleton Worker,,30,2872,0,0,242,288,0,15,0,15,30,5,42,10,중형,언데드,불사,1,1,2420,4
1544,G_KARAKASA,Karakasa,,30,3092,0,0,141,183,1,5,0,45,12,20,49,60,중형,무형,무속성,3,1,1638,1
1610,A_MUNAK,Munak,,30,2872,0,0,40,50,0,0,0,15,20,5,120,15,중형,언데드,불사,4,1,2468,4
1827,EVENT_SASQUATCH,Sasquatch,,30,3163,0,0,250,280,5,0,75,25,60,10,34,20,대형,동물,무속성,3,1,1260,21
1964,NIGHTMARE_T,Nightmare,,30,2000,512,387,100,200,0,40,0,100,0,0,100,0,대형,동물,유령,3,1,1816,
1016,ARCHER_SKELETON,Archer Skeleton,,31,3040,483,283,128,153,0,0,0,8,14,5,90,5,중형,언데드,불사,1,9,2864,5
1044,OBEAUNE,Obeaune,,31,3952,644,407,141,165,0,40,0,31,31,55,74,85,중형,어류,물,2,1,1872,09
1134,KOBOLD_2,Kobold,,31,2179,806,407,262,324,15,10,0,31,31,20,46,20,중형,인간형,독,2,1,1528,13
1135,KOBOLD_3,Kobold,,31,2179,644,407,186,216,15,10,0,31,31,20,88,20,중형,인간형,불,2,1,1228,13
1144,MARSE,Marse,,31,5034,586,370,211,252,0,5,0,31,25,5,52,30,소형,어류,물,2,1,1956,17
1146,MATYR,Matyr,,31,2585,967,407,134,160,0,0,0,47,38,5,64,5,중형,동물,어둠,1,1,432,09
1177,ZENORC,Zenorc,,31,2585,967,407,188,223,0,15,0,77,15,0,76,10,중형,인간형,어둠,1,1,1180,2
1273,ORC_LADY,Orc Lady,,31,2000,644,407,135,170,10,10,35,42,25,15,69,55,중형,인간형,땅,2,1,1050,21
1420,G_ARCHER_SKELETON,Archer Skeleton,,31,3040,0,0,128,153,0,0,0,8,14,5,90,5,중형,언데드,불사,1,9,2864,4
1425,G_OBEAUNE,Obeaune,,31,3952,0,0,141,165,0,40,0,31,31,55,74,85,중형,어류,물,2,1,1872,4
1452,G_ORC_LADY,Orc Lady,,31,2000,0,0,135,170,10,10,35,42,25,15,69,55,중형,인간형,땅,2,1,1050,4
1460,G_MATYR,Matyr,,31,2585,0,0,134,160,0,0,0,47,38,5,64,5,중형,동물,어둠,1,1,432,4
1546,G_KOBOLD_2,Kobold,,31,2179,0,0,262,324,15,10,0,31,31,20,46,20,중형,인간형,독,2,1,1528,13
1547,G_KOBOLD_3,Kobold,,31,2179,0,0,186,216,15,10,0,31,31,20,88,20,중형,인간형,불,2,1,1228,13
1551,G_MARSE,Marse,,31,5034,0,0,211,252,0,5,0,31,25,5,52,30,소형,어류,물,2,1,1956,17
1582,DEVILING,Deviling,,31,64500,211,412,135,270,5,70,30,50,20,75,77,200,중형,악마,어둠,4,1,1072,21
1782,ROWEEN,Roween,,31,5716,1669,1266,298,377,0,7,51,39,48,18,67,19,중형,동물,바람,1,1,412,7
1794,G_ROWEEN,Roween,,31,5716,0,0,298,377,0,7,51,39,48,18,67,19,중형,동물,바람,1,1,412,20
1970,E_OBEAUNE,Obeune,,31,3952,1288,814,141,165,0,40,0,31,31,55,74,85,중형,어류,물,2,1,1872,
1188,BON_GUN,Bongun,,32,3520,424,242,220,260,0,0,45,15,36,10,48,15,중형,언데드,불사,1,1,1720,09
1279,TRI_JOINT,Tri Joint,,32,2300,386,220,178,206,20,5,0,48,24,10,67,20,소형,곤충,땅,1,1,860,21
1415,BABY_LEOPARD,Baby Leopard,,32,2590,352,201,155,207,0,5,20,44,20,4,49,10,소형,동물,유령,1,2,318,4
1454,G_TRI_JOINT,Tri Joint,,32,2300,0,0,178,206,20,5,0,48,24,10,67,20,소형,곤충,땅,1,1,860,4
1472,G_BON_GUN,Bongun,,32,3520,0,0,220,260,0,0,45,15,36,10,48,15,중형,언데드,불사,1,1,1720,4
1524,G_BABY_LEOPARD,Baby Leopard,,32,2590,0,0,155,207,0,5,20,44,20,4,49,10,소형,동물,유령,1,2,318,4
1611,A_BON_GUN,Bongun,,32,3520,0,0,220,260,0,0,45,15,36,10,48,15,중형,언데드,불사,4,1,1720,09
1110,DOKEBI,Dokebi,,33,2697,889,455,197,249,0,10,50,50,40,35,69,40,소형,악마,어둠,1,1,1156,17
1170,SOHEE,Sohee,,33,5628,739,455,210,251,0,10,0,33,33,10,58,15,중형,악마,물,1,1,2112,17
1282,KOBOLD_ARCHER,Kobold Archer,,33,2560,739,455,155,185,10,5,10,20,15,30,100,25,소형,인간형,불,1,9,1008,5
1404,MIYABI_NINGYO,Miyabi Doll,,33,6300,795,453,250,305,1,20,0,52,15,10,62,15,중형,악마,어둠,1,1,1938,17
1455,G_KOBOLD_ARCHER,Kobold Archer,,33,2560,0,0,155,185,10,5,10,20,15,30,100,25,소형,인간형,불,1,9,1008,4
1491,G_DOKEBI,Dokebi,,33,2697,0,0,197,249,0,10,50,50,40,35,69,40,소형,악마,어둠,1,1,1156,4
1552,G_MIYABI_NINGYO,Miyabi Doll,,33,6300,0,0,250,305,1,20,0,52,15,10,62,15,중형,악마,어둠,1,1,1938,17
1129,HORONG,Horong,,34,1939,786,479,275,327,99,50,0,34,10,0,50,0,소형,무형,불,4,1,1888,13
1165,SAND_MAN,Sandman,,34,3413,810,492,180,205,10,25,24,34,58,38,60,5,중형,무형,땅,3,1,1672,4
1179,WHISPER,Whisper,,34,1796,591,599,180,221,0,45,0,51,14,0,60,0,소형,악마,유령,3,1,1960,09
1185,WHISPER_,Whisper,,34,1796,537,545,198,239,0,45,0,51,14,0,60,0,소형,언데드,유령,1,1,1960,
1186,WHISPER_BOSS,Giant Whisper,,34,5040,537,545,198,239,0,45,0,51,14,0,60,0,소형,악마,유령,2,1,2536,21
1494,KIND_OF_BEETLE,Beetle King,,34,1874,679,442,191,243,45,12,0,34,10,0,40,0,소형,곤충,땅,1,1,1247,3
1558,G_SAND_MAN,Sandman,,34,3413,0,0,180,205,10,25,24,34,58,38,60,5,중형,무형,땅,3,1,1672,4
1578,G_HORONG,Horong,,34,1939,0,0,275,327,99,50,0,34,10,0,50,0,소형,무형,불,4,1,1888,13
1599,G_WHISPER_BOSS,Giant Whisper,,34,5040,0,0,198,239,0,45,0,51,14,0,60,0,소형,악마,유령,2,1,2536,21
1927,WHISPER_H,Whisper,,34,100,0,0,5,10,0,45,0,51,14,0,60,0,소형,악마,유령,3,1,1960,09
1164,REQUIEM,Requiem,,35,3089,800,458,220,272,0,15,0,53,35,5,57,2,중형,인간형,어둠,1,1,1516,4
1248,CRUISER,Cruiser,,35,2820,1100,450,175,215,5,5,0,40,10,10,90,25,중형,무형,무속성,3,7,1296,5
1280,STEAM_GOBLIN,Goblin Steamrider,,35,2490,864,495,234,269,20,5,58,59,32,15,75,25,중형,인간형,바람,2,1,1008,17
1417,ZIPPER_BEAR,Zipper Bear,,35,2901,370,225,248,289,10,5,30,25,55,15,28,25,중형,동물,어둠,1,1,780,17
1443,G_CRUISER,Cruiser,,35,2820,0,0,175,215,5,5,0,40,10,10,90,25,중형,무형,무속성,3,7,1296,4
1468,G_REQUIEM,Requim,,35,3089,0,0,220,272,0,15,0,53,35,5,57,2,중형,인간형,어둠,1,1,1516,4
1620,NOXIOUS,Noxious,,35,2038,698,698,299,400,0,60,12,41,10,30,44,2,중형,무형,유령,3,1,768,4
1045,MARC,Marc,,36,6900,988,625,220,280,5,10,0,36,36,20,56,30,중형,어류,물,2,1,1272,4
1133,KOBOLD_1,Kobold,,36,3893,988,625,265,318,15,10,0,90,36,30,52,20,중형,인간형,바람,2,1,1028,13
1426,G_MARC,Marc,,36,6900,0,0,220,280,5,10,0,36,36,20,56,30,중형,어류,물,2,1,1272,4
1509,LUDE,Lude,,36,3214,392,247,287,451,14,10,0,59,21,18,36,21,소형,언데드,불사,1,2,890,4
1545,G_KOBOLD_1,Kobold,,36,3893,0,0,265,318,15,10,0,90,36,30,52,20,중형,인간형,바람,2,1,1028,13
1628,MOLE,Holden,,36,2209,268,172,52,63,0,5,24,18,23,30,45,5,소형,동물,땅,2,9,140,3
1969,E_MARC,Marc,,36,6900,1976,1250,220,280,5,10,0,36,36,20,56,30,중형,어류,물,2,1,1272,
1041,MUMMY,Mummy,,37,5176,800,602,305,360,0,10,28,19,32,0,63,20,중형,언데드,불사,2,1,1772,4
1393,G_MUMMY,Mummy,,37,5176,0,0,305,360,0,10,28,19,32,0,63,20,중형,언데드,불사,2,1,1772,4
1985,DANDELION,Dandelion Member,,37,5176,0,0,305,360,0,10,28,19,32,0,63,20,중형,인간형,어둠,2,1,1772,21
1032,VERIT,Verit,,38,5272,835,517,389,469,0,5,0,19,38,0,38,20,중형,언데드,불사,1,1,2468,2
1130,JAKK,Jakk,,38,3581,1408,880,315,382,5,30,0,38,38,43,75,45,중형,무형,불,2,1,1180,21
1151,MYST,Myst,,38,3745,1391,688,365,445,0,40,0,38,18,0,53,10,대형,무형,독,1,1,1576,21
1244,JAKK_XMAS,Christmas Jakk,,38,3581,1113,688,315,382,5,30,0,38,38,43,75,45,중형,무형,불,2,1,1180,1
1249,MYSTCASE,Myst Case,,38,3450,1113,688,160,360,5,10,65,50,25,5,48,75,중형,무형,무속성,3,1,1248,17
1261,WILD_ROSE,Wild Rose,,38,2980,1113,688,315,360,0,15,65,85,15,35,65,80,소형,동물,바람,1,1,964,2
1436,G_JAKK,Jakk,,38,3581,0,0,315,382,5,30,0,38,38,43,75,45,중형,무형,불,2,1,1180,4
1553,G_MYST,Myst,,38,3745,0,0,365,445,0,40,0,38,18,0,53,10,대형,무형,독,1,1,1576,21
1586,LEAF_CAT,Leaf Cat,,38,2396,165,1212,266,307,5,19,25,67,12,45,60,29,소형,동물,땅,1,1,960,2
1743,G_MYSTCASE,Myst Case,,38,3450,0,0,160,360,5,10,65,50,25,5,48,75,중형,무형,무속성,3,1,1248,4
1744,G_WILD_ROSE,Wild Rose,,38,2980,0,0,315,360,0,15,65,85,15,35,65,80,소형,동물,바람,1,1,964,4
1789,ICEICLE,Iceicle,,38,10,5,5,241,1082,0,10,0,10,10,10,172,5,소형,무형,물,2,3,1344,10
1826,EVENT_MYST,Myst,,38,3745,0,0,365,445,0,40,0,38,18,0,53,10,대형,무형,독,1,1,1576,21
1926,JAKK_H,Jakk,,38,300,0,0,5,10,5,30,0,38,38,43,75,45,중형,무형,불,2,1,1180,21
1965,M_WILD_ROSE,Wild Rose,,38,4000,0,0,100,145,0,15,0,85,15,35,65,80,소형,동물,바람,1,1,964,
1423,G_GHOUL,Ghoul,,39,5118,0,0,420,500,5,20,0,20,29,0,33,20,중형,언데드,불사,2,1,2456,4
1498,WOOTAN_SHOOTER,Wootan Shooter,,39,3977,886,453,84,105,10,28,15,35,29,15,100,42,중형,인간형,땅,2,10,857,4
1881,LES,Les,,39,3080,1521,912,102,113,0,17,0,33,12,32,52,38,중형,식물,땅,4,1,1728,3
1036,GHOUL,Ghoul,,40,5418,1088,622,420,500,5,20,0,20,29,0,45,20,중형,언데드,불사,2,1,2456,4
1140,MARDUK,Marduk,,40,4214,1238,752,315,382,0,60,0,40,20,79,78,20,대형,인간형,불,1,1,1540,09
1215,STEM_WORM,Stem Worm,,40,6136,1452,939,290,375,5,10,0,30,26,15,79,35,중형,식물,바람,1,2,1500,09
1255,NERAID,Nereid,,40,4120,1126,684,325,360,0,10,0,45,50,5,64,5,소형,동물,땅,1,1,776,21
1256,PEST,Pest,,40,3240,1238,752,375,450,0,5,0,60,22,5,80,5,소형,동물,어둠,2,1,700,21
1277,GREATEST_GENERAL,Greatest General,,40,3632,1238,752,350,400,15,15,0,20,60,55,82,140,중형,무형,불,2,3,1152,10
1440,G_STEM_WORM,Stem Worm,,40,6136,0,0,290,375,5,10,0,30,26,15,79,35,중형,식물,바람,1,2,1500,4
1458,G_MARDUK,Marduk,,40,4214,0,0,315,382,0,60,0,40,20,79,78,20,대형,인간형,불,1,1,1540,4
1508,QUVE,Quve,,40,4559,414,306,299,469,12,12,0,61,24,19,37,24,소형,언데드,불사,1,1,912,4
1541,G_GREATEST_GENERAL,Greatest General,,40,3632,0,0,350,400,15,15,0,20,60,55,82,140,중형,무형,불,2,3,1152,10
1585,MIME_MONKEY,Mime Monkey,,40,6000,200,22,300,350,40,40,0,40,40,40,40,30,중형,식물,물,1,3,1872,2
1592,A_MOBSTER,Gangster,,40,8000,0,0,300,355,20,27,0,50,45,45,73,30,중형,인간형,무속성,1,1,1100,3
1836,MAGMARING,Magmaring,,40,5300,2110,1910,550,700,25,24,40,60,30,10,60,17,소형,무형,불,2,1,1472,2
1099,ARGIOPE,Argiope,,41,4382,1797,849,395,480,30,0,0,41,31,10,56,30,대형,곤충,독,1,1,1792,21
1143,MARIONETTE,Marionette,,41,3222,1078,1276,355,422,0,25,0,62,36,44,69,45,소형,악마,유령,3,1,1480,09
1406,KAPHA,Kapha,,41,7892,2278,1552,399,719,20,38,0,51,49,22,73,45,중형,어류,물,1,3,2012,4
1429,G_ARGIOPE,Argiope,,41,4382,0,0,395,480,30,0,0,41,31,10,56,30,대형,곤충,독,1,1,1792,4
1459,G_MARIONETTE,Marionette,,41,3222,0,0,355,422,0,25,0,62,36,44,69,45,소형,악마,유령,3,1,1480,4
1499,WOOTAN_FIGHTER,Wootan Fighter,,41,4457,1790,833,395,480,30,19,0,41,31,10,45,30,중형,인간형,불,2,1,912,4
1543,G_KAPHA,Kapha,,41,7892,0,0,399,719,20,38,0,51,49,22,73,45,중형,어류,물,1,3,2012,4
1035,HUNTER_FLY,Hunter Fly,,42,5242,1517,952,246,333,25,15,33,105,32,15,72,30,소형,곤충,바람,2,1,676,4
1250,CHEPET,Chepet,,42,4950,1518,946,380,440,0,25,0,72,35,71,65,85,중형,인간형,불,1,1,672,21
1271,ALLIGATOR,Alligator,,42,6962,1379,866,315,360,2,5,0,45,50,10,69,65,중형,동물,물,1,1,1100,17
1422,G_HUNTER_FLY,Hunter Fly,,42,5242,0,0,246,333,25,15,33,105,32,15,72,30,소형,곤충,바람,2,1,676,4
1444,G_CHEPET,Chepet,,42,4950,0,0,380,440,0,25,0,72,35,71,65,85,중형,인간형,불,1,1,672,4
1495,STONE_SHOOTER,Stone Shooter,,42,4104,1238,752,309,350,12,45,0,40,20,79,92,20,중형,식물,불,3,10,2413,4
1621,VENOMOUS,Venomous,,42,4653,1780,1280,422,844,0,49,12,60,17,19,60,0,중형,무형,독,1,1,768,4
1715,NOVUS,Novus,,42,5430,1320,1002,284,384,20,28,0,56,43,45,124,43,소형,드래곤,무속성,1,1,151,4
1776,SIROMA,Siroma,,42,6800,2230,1005,220,440,12,8,33,23,52,11,40,19,소형,무형,물,3,1,432,2
1880,WOOD_GOBLIN,Wood Goblin,,42,6982,2201,1552,600,620,32,3,0,5,45,45,55,155,중형,식물,땅,3,1,2304,1
1037,SIDE_WINDER,Side Winder,,43,4929,1996,993,240,320,5,10,38,43,40,15,115,20,중형,동물,독,1,1,1576,09
1199,PUNK,Punk,,43,3620,1699,1033,292,365,0,45,0,105,5,45,65,20,소형,식물,바람,1,1,1500,09
1214,CHOCO,Choco,,43,4278,1265,1265,315,402,5,5,65,68,55,45,65,25,소형,동물,불,1,1,1500,09
1281,SAGEWORM,Sage Worm,,43,3850,1155,1320,120,280,0,50,0,52,24,88,79,55,소형,동물,무속성,3,1,936,17
1367,BLAZZER,Blazer,,43,8252,3173,1871,533,709,50,40,0,52,50,39,69,40,중형,악마,불,2,2,1732,20
1421,G_ISIS,Isis,,43,4828,0,0,423,507,10,35,38,65,43,30,72,15,대형,악마,어둠,1,1,1384,4
1424,G_SIDE_WINDER,Side Winder,,43,4929,0,0,240,320,5,10,38,43,40,15,115,20,중형,동물,독,1,1,1576,4
1481,G_PUNK,Punk,,43,3620,0,0,292,365,0,45,0,105,5,45,65,20,소형,식물,바람,1,1,1500,4
1598,G_BLAZZER,Blazzer,,43,8252,0,0,533,709,50,40,0,52,50,39,69,40,중형,악마,불,2,2,1732,20
1616,PITMAN,Pitman,,43,5015,1799,1083,290,486,22,26,0,15,5,5,52,36,대형,언데드,땅,2,1,960,17
1625,G_PORCELLIO,Porcellio,,43,5523,1024,693,164,494,0,8,0,31,21,50,64,85,소형,곤충,땅,3,1,720,4
1629,HILL_WIND,Hill Wind,,43,3189,1800,1100,290,480,10,15,21,42,31,50,41,23,중형,동물,바람,3,3,336,4
1694,PLASMA_R,Plasma,,43,5700,2000,1000,300,700,0,30,0,30,5,56,90,30,소형,무형,불,4,3,608,4
1718,NOVUS_,Novus,,43,5830,1411,1100,314,414,24,28,0,60,43,39,119,43,소형,드래곤,무속성,1,1,252,4
1721,DRAGON_EGG,Dragon Egg,,43,18322,6740,0,1,2,78,60,0,0,56,67,0,63,중형,드래곤,무속성,2,0,24,
1843,G_SIDE_WINDER_,Snake Lord's Minion,,43,18,1,1,240,320,100,99,38,43,40,15,115,20,중형,동물,독,1,1,1576,09
1861,E_CHOCO,Choco,,43,4278,1265,1265,315,402,5,5,65,68,55,45,65,25,소형,동물,불,1,1,1500,09
1102,BATHORY,Bathory,,44,5415,2503,1034,198,398,0,60,0,76,24,85,65,15,중형,인간형,어둠,1,1,1504,21
1155,PETIT,Petite,,44,6881,1677,1034,360,427,30,30,0,44,62,55,79,60,중형,드래곤,땅,1,1,1624,09
1465,G_PETIT,Petite,,44,6881,0,0,360,427,30,30,0,44,62,55,79,60,중형,드래곤,땅,1,1,1624,4
1525,G_BATHORY,Bathory,,44,5415,0,0,198,398,0,60,0,76,24,85,65,15,중형,인간형,어둠,1,1,1504,21
1697,PLASMA_B,Plasma,,44,8200,2000,1000,300,700,0,30,0,30,5,73,90,30,소형,무형,물,4,3,608,4
1783,GALION,Galion,,44,32240,10020,3368,336,441,11,12,51,52,59,25,72,32,중형,동물,바람,2,1,864,7
1791,G_GALION,Galion,,44,32240,0,0,336,441,11,12,51,52,59,25,72,32,중형,동물,바람,2,1,864,7
1819,EVENT_BATHORY,Bathory,,44,5415,0,0,198,398,0,60,0,76,24,85,65,15,중형,인간형,어둠,1,1,1504,21
1156,PETIT_,Petite,,45,5747,1758,1075,300,355,20,45,0,113,45,55,73,80,중형,드래곤,바람,1,1,1420,09
1274,MEGALITH,Megalith,,45,5300,1758,1075,264,314,50,25,0,45,60,5,95,5,대형,무형,무속성,4,9,1332,10
1466,G_PETIT_,Petite,,45,5747,0,0,300,355,20,45,0,113,45,55,73,80,중형,드래곤,바람,1,1,1420,4
1680,HILL_WIND_1,Hill Wind,,45,4233,2132,1722,320,510,10,15,21,42,31,50,67,23,중형,동물,바람,3,3,504,4
1793,G_MEGALITH,Megalith,,45,5300,0,0,264,314,50,25,0,45,60,5,95,5,대형,무형,무속성,4,9,1332,21
1109,DEVIRUCHI,Deviruchi,,46,6666,2662,1278,475,560,10,25,0,69,40,55,70,30,소형,악마,어둠,1,1,980,21
1211,BRILIGHT,Brilight,,46,5562,1826,1331,298,383,30,5,0,90,15,10,50,35,소형,곤충,불,1,1,1500,09
1383,EXPLOSION,Explosion,,46,8054,2404,1642,336,447,35,27,0,61,56,50,66,38,소형,동물,불,3,1,1260,4
1402,POISON_TOAD,Poison Toad,,46,6629,1929,1457,288,408,5,10,20,34,19,14,66,55,중형,동물,독,2,3,1148,1
1413,WILD_GINSENG,Hermit Plant,,46,6900,1038,692,220,280,10,20,13,42,36,55,66,30,소형,식물,불,2,1,512,17
1433,G_DEVIRUCHI,Deviruchi,,46,7360,0,0,475,560,10,25,0,69,40,55,87,30,소형,악마,어둠,1,1,980,4
1532,G_EXPLOSION,Explosion,,46,8054,0,0,336,447,35,27,0,61,56,50,66,38,소형,동물,불,3,1,1260,4
1556,G_POISON_TOAD,Poisonous Toad,,46,6629,0,0,288,408,5,10,20,34,19,14,66,55,중형,동물,독,2,3,1148,1
1565,G_WILD_GINSENG,Hermit Plant,,46,6900,0,0,220,280,10,20,13,42,36,55,66,30,소형,식물,불,2,1,512,17
1683,G_POTON_CANON,Photon Cannon,,46,7000,0,0,560,570,5,10,0,36,36,20,56,30,중형,무형,불,2,9,1536,4
1730,R_DEVIRUCHI,Deviruchi,,46,7360,0,0,475,560,10,25,0,69,40,55,87,30,소형,악마,어둠,1,1,980,2
1781,DROSERA,Drosera,,46,7221,2612,1022,389,589,10,13,0,30,27,17,76,41,중형,식물,땅,1,7,864,10
1822,EVENT_DEVIRUCHI,Deviruchi,,46,6666,0,0,475,560,10,25,0,69,40,55,70,30,소형,악마,어둠,1,1,980,21
1928,DEVIRUCHI_H,Deviruchi,,46,500,0,0,5,10,10,25,0,69,40,55,70,30,소형,악마,어둠,1,1,980,21
1029,ISIS,Isis,,47,7003,3709,1550,423,507,10,35,38,65,43,50,66,15,대형,악마,어둠,1,1,1384,09
1108,DEVIACE,Deviace,,47,20090,9988,7207,514,1024,10,20,0,47,62,48,62,25,중형,어류,물,4,1,1680,17
1212,IRON_FIST,Iron Fist,,47,4221,1435,1520,430,590,40,5,0,25,15,10,81,20,중형,곤충,무속성,3,1,1500,09
1403,ANTIQUE_FIRELOCK,Firelock Soldier,,47,3852,1293,1003,289,336,10,10,15,35,29,15,120,42,중형,언데드,불사,2,10,1084,5
1523,G_ANTIQUE_FIRELOCK,Firelock Soldier,,47,3852,0,0,289,336,10,10,15,35,29,15,120,42,중형,언데드,불사,2,10,1084,5
1571,G_DEVIACE,Deviace,,47,19192,0,0,514,674,10,20,0,47,62,48,62,25,중형,어류,물,4,1,1680,17
1695,PLASMA_G,Plasma,,47,7600,2000,1000,300,700,0,30,0,30,5,61,90,30,소형,무형,땅,4,3,608,4
1844,G_ISIS_,Snake Lord's Minion,,47,25,1,1,423,507,100,99,38,65,43,50,66,15,대형,악마,어둠,1,1,1384,09
1065,STROUF,Strouf,,48,11990,3080,2098,200,1250,5,50,0,40,45,92,43,65,대형,어류,물,3,1,1872,4
1253,GARGOYLE,Gargoyle,,48,3950,1650,1650,290,360,10,10,15,61,20,20,126,40,중형,악마,바람,3,9,1020,5
1517,LI_ME_MANG_RYANG,Jing Guai,,48,5920,1643,1643,434,633,23,16,46,51,19,8,57,30,중형,악마,땅,3,1,1120,4
1597,G_GARGOYLE,Gargoyle,,48,3950,0,0,290,360,10,10,15,61,20,20,126,40,중형,악마,바람,3,9,1020,5
1968,E_STROUF,Strouf,,48,11990,6160,4196,200,1250,5,50,0,40,45,92,43,65,대형,어류,물,3,1,1872,
1061,NIGHTMARE,Nightmare,,49,4437,1912,1912,447,529,0,40,0,74,25,15,64,10,대형,악마,유령,3,1,1816,20
1189,ORC_ARCHER,Orc Archer,,49,7440,1729,1787,310,390,10,5,0,44,25,20,125,20,중형,인간형,땅,1,9,1960,09
1427,G_NIGHTMARE,Nightmare,,49,4437,0,0,447,529,0,40,0,74,25,15,64,10,대형,악마,유령,3,1,1816,4
1473,G_ORC_ARCHER,Orc Archer,,49,7440,0,0,310,390,10,5,0,44,25,20,125,20,중형,인간형,땅,1,9,1960,4
1500,PARASITE,Parasite,,49,5188,1098,1453,215,430,10,19,0,40,30,30,90,50,중형,식물,바람,2,8,864,10
1519,CHUNG_E,Green Maiden,,49,23900,2396,993,460,1050,8,15,38,65,43,30,90,15,중형,인간형,무속성,2,1,1728,21
1555,G_PARASITE,Parasite,,49,5188,0,0,215,430,10,19,0,40,30,30,90,50,중형,식물,바람,2,8,864,10
1696,PLASMA_P,Plasma,,49,5900,2000,1000,300,700,0,30,0,30,5,54,90,30,소형,무형,어둠,4,3,608,4
1882,VAVAYAGA,Baba Yaga,,49,7444,2583,2583,255,387,4,29,0,76,24,88,55,18,중형,인간형,물,1,2,1536,4
1963,P_CHUNG_E,New Year Doll,,49,23900,2396,993,460,1050,8,15,38,65,43,30,90,15,중형,인간형,무속성,2,1,1728,21
1101,BAPHOMET_,Baphomet Jr.,,50,8578,2706,1480,487,590,15,25,0,75,55,0,93,45,소형,악마,어둠,1,1,868,21
1431,G_BAPHOMET_,Baphomet Jr.,,50,8578,0,0,487,590,15,25,0,75,55,0,93,45,소형,악마,어둠,1,1,868,4
1493,DRYAD,Dryad,,50,8791,2763,1493,499,589,15,33,0,75,55,0,78,45,중형,식물,땅,4,3,950,4
1587,KRABEN,Kraben,,50,5880,206,1322,125,765,5,42,50,125,0,66,75,50,중형,무형,유령,2,1,1152,09
1615,OBSIDIAN,Obsidian,,50,8812,2799,1802,841,980,35,5,62,32,42,24,61,55,소형,무형,땅,2,1,720,4
1729,R_BAPHOMET_,Baphomet Jr.,,50,8578,0,0,487,590,15,25,0,75,55,0,93,45,소형,악마,어둠,1,1,868,2
1838,KNOCKER,Knocker,,50,7755,2202,4023,889,990,28,50,25,44,50,62,65,60,소형,악마,땅,1,1,1548,17
1848,EVENT_BAPHOMET,Baphomet,,50,45000,1000,1000,1500,3000,10,10,0,60,15,15,160,30,대형,악마,어둠,3,2,768,21
1850,EVENT_ORCHERO,Orc Hero,,50,175000,3000,3000,4000,5500,25,45,0,60,35,80,160,30,대형,인간형,땅,4,1,1678,21
1894,POURING,Pouring,,50,100000,0,0,550,1450,20,50,45,30,36,55,85,30,소형,식물,유령,3,1,1672,7
1180,NINE_TAIL,Nine Tail,,51,7766,2812,825,610,734,10,25,0,80,46,0,74,85,중형,동물,불,3,1,840,21
1191,MIMIC,Mimic,,51,6120,165,165,150,900,10,40,44,121,0,60,75,110,중형,무형,무속성,3,1,972,09
1257,INJUSTICE,Injustice,,51,7600,2118,1488,480,600,0,0,84,42,39,0,71,35,중형,언데드,어둠,2,1,770,21
1263,WIND_GHOST,Wind Ghost,,51,4820,2424,1488,489,639,0,45,0,89,15,90,85,25,중형,악마,바람,3,2,1056,21
1267,CARAT,Carat,,51,5200,1926,1353,330,417,0,25,0,41,45,5,85,155,중형,악마,바람,2,1,1078,21
1446,G_INJUSTICE,Injustice,,51,7600,0,0,480,600,0,0,84,42,39,0,71,35,중형,언데드,어둠,2,1,770,4
1450,G_WIND_GHOST,Wind Ghost,,51,4820,0,0,489,639,0,45,0,89,15,90,85,25,중형,악마,바람,3,2,1056,4
1471,G_NINE_TAIL,Nine Tail,,51,9466,0,0,610,734,10,25,0,80,46,0,89,85,중형,동물,불,3,1,840,4
1474,G_MIMIC,Mimic,,51,6120,0,0,150,900,10,40,44,121,0,60,75,110,중형,무형,무속성,3,1,972,4
1497,WOODEN_GOLEM,Wooden Golem,,51,9200,1926,1353,570,657,32,36,0,41,69,5,85,155,대형,식물,땅,4,1,1543,4
1510,HYLOZOIST,Heirozoist,,51,7186,2314,1297,317,498,16,51,0,28,26,47,66,14,소형,악마,어둠,2,1,741,4
1516,INCREASE_SOIL,Mi Gao,,51,8230,2760,2110,560,700,30,12,40,45,23,12,69,12,중형,무형,땅,3,1,106,17
1742,G_CARAT,Carat,,51,5200,0,0,330,417,0,25,0,41,45,5,85,155,중형,악마,바람,2,1,1078,4
1149,MINOROUS,Minorous,,52,7431,2750,1379,590,770,15,5,65,42,61,66,52,25,대형,동물,불,2,1,1360,09
1163,RAYDRIC,Raydric,,52,8613,3410,1795,830,930,40,15,58,47,42,5,69,26,대형,인간형,어둠,2,1,824,09
1196,SKEL_PRISONER,Skeleton Prisoner,,52,8691,2466,1562,660,890,10,20,55,20,36,0,76,25,중형,언데드,불사,3,1,1848,13
1213,HIGH_ORC,High Orc,,52,6890,3618,1639,428,533,15,5,55,46,55,35,82,40,대형,인간형,불,2,1,1500,21
1276,RAYDRIC_ARCHER,Raydric Archer,,52,5250,3025,2125,415,500,35,5,15,25,22,5,145,35,중형,악마,어둠,2,9,1152,5
1380,DRILLER,Driller,,52,7452,3215,1860,666,886,48,31,0,66,58,50,60,47,중형,동물,땅,1,1,1300,4
1439,G_HIGH_ORC,High Orc,,52,6890,0,0,428,533,15,5,55,46,55,35,82,40,대형,인간형,불,2,1,1500,4
1453,G_RAYDRIC_ARCHER,Raydric Archer,,52,5250,0,0,415,500,35,5,15,25,22,5,145,35,중형,악마,어둠,2,9,1152,4
1461,G_MINOROUS,Minorous,,52,7431,0,0,590,770,15,5,65,42,61,66,52,25,대형,동물,불,2,1,1360,4
1467,G_RAYDRIC,Raydric,,52,8613,0,0,830,930,40,15,58,47,42,5,69,26,대형,인간형,어둠,2,1,824,4
1479,G_SKEL_PRISONER,Skeleton Prisoner,,52,8691,0,0,660,890,10,20,55,20,36,0,76,25,중형,언데드,불사,3,1,1848,4
1584,TAMRUAN,Tamruan,,52,10234,3812,55,489,534,15,35,80,62,38,75,72,15,대형,악마,어둠,3,1,512,13
1593,A_ANCIENT_MUMMY,Ancient Mummy,,52,8613,0,0,830,930,40,27,58,47,42,5,69,26,중형,언데드,불사,3,1,1772,4
1596,G_TAMRUAN,Tamruan,,52,10234,0,0,489,534,15,35,80,62,38,75,72,15,대형,악마,어둠,3,1,512,13
1192,WRAITH,Wraith,,53,10999,2199,1099,580,760,5,30,0,95,30,65,95,35,대형,언데드,불사,4,1,1816,21
1197,ZOMBIE_PRISONER,Zombie Prisoner,,53,11280,2635,1724,780,930,10,20,0,24,39,0,72,25,중형,언데드,불사,3,1,1768,13
1264,MERMAN,Merman,,53,14690,4500,3000,482,964,10,35,72,45,46,35,60,55,중형,인간형,물,3,2,916,21
1410,LIVE_PEACH_TREE,Enchanted Peach Tree,,53,8905,2591,1799,301,351,10,38,72,45,35,39,80,5,중형,식물,땅,2,7,400,5
1451,G_MERMAN,Merman,,53,12300,0,0,482,603,10,35,72,45,46,15,85,55,중형,인간형,물,2,2,916,4
1475,G_WRAITH,Wraith,,53,10999,0,0,580,760,5,30,0,95,30,65,95,35,대형,언데드,불사,4,1,1816,4
1480,G_ZOMBIE_PRISONER,Zombie Prisoner,,53,11280,0,0,780,930,10,20,0,24,39,0,72,25,중형,언데드,불사,3,1,1768,4
1550,G_LIVE_PEACH_TREE,Enchanted Peach Tree,,53,8905,0,0,301,351,10,38,72,45,35,39,80,5,중형,식물,땅,2,7,400,5
1632,GREMLIN,Gremlin,,53,9280,4355,1768,329,762,29,25,80,41,59,75,62,15,대형,악마,어둠,2,1,432,17
1514,DANCING_DRAGON,Zhu Po Long,,54,9136,3030,769,550,789,39,10,55,62,55,25,72,22,중형,드래곤,바람,2,2,600,2
1609,G_DANCING_DRAGON,Zhu Po Long,,54,9136,3030,769,550,789,39,10,55,62,55,25,72,22,중형,드래곤,바람,2,2,600,2
1687,GREEN_IGUANA,Grove,,54,6444,2400,2050,550,650,0,10,0,52,64,5,98,14,중형,동물,땅,2,1,720,2
1304,GIANT_SPIDER,Giant Spider,,55,11874,6211,2146,624,801,41,28,5,36,43,5,73,69,대형,곤충,독,1,1,1468,21
1408,BLOOD_BUTTERFLY,Bloody Butterfly,,55,8082,2119,1562,121,342,5,23,0,59,14,55,68,15,중형,곤충,바람,2,3,472,13
1506,DISGUISE,Disguise,,55,7543,2815,1919,279,546,18,29,0,72,45,35,48,65,중형,악마,땅,4,2,516,4
1526,G_BLOOD_BUTTERFLY,Bloody Butterfly,,55,8082,0,0,121,342,5,23,0,59,14,55,68,15,중형,곤충,바람,2,3,472,13
1682,REMOVAL,Remover,,55,10289,3831,1278,558,797,5,20,0,20,56,35,57,20,중형,언데드,불사,2,1,1536,4
1738,CONSTANT,Constant,,55,10000,3230,116,460,580,12,12,50,28,26,47,66,14,소형,무형,어둠,3,1,720,4
1745,G_CONSTANT,Constant,,55,1000,0,0,460,580,12,12,50,28,26,47,66,14,소형,악마,어둠,3,1,720,5
1778,GAZETI,Gazeti,,55,12300,5758,2075,512,612,65,25,0,12,20,60,101,5,중형,악마,물,1,10,576,20
1937,CONSTANT_,Constant,,55,10000,0,0,460,580,12,12,50,28,26,47,66,14,소형,무형,어둠,3,1,720,4
1209,CRAMP,Cramp,,56,4720,2300,1513,395,465,0,5,0,85,35,5,65,60,소형,동물,독,2,1,1000,09
1287,SOLDIER_GUARDIAN,Soldier Guardian,,56,15670,1,1,873,1036,35,0,85,56,100,45,103,43,소형,곤충,땅,1,1,1288,12
1294,KILLER_MANTIS,Killer Mantis,,56,13183,6509,2366,764,927,35,20,5,26,24,5,75,40,중형,곤충,땅,1,1,1528,21
1303,GIANT_HONET,Giant Hornet,,56,13105,5785,2006,650,852,38,43,35,38,32,10,71,64,소형,곤충,바람,1,1,1292,21
1368,GEOGRAPHER,Geographer,,56,8071,2715,2000,467,621,28,26,0,66,47,60,68,44,중형,식물,땅,3,3,1308,10
1375,THE_PAPER,The Paper,,56,18557,2849,1998,845,1124,25,24,0,66,52,76,71,79,중형,무형,무속성,3,1,1160,4
1378,DEMON_PUNGUS,Demon Pungus,,56,7259,3148,1817,360,479,48,31,0,83,55,59,63,34,소형,악마,독,3,1,1260,4
1412,EVIL_CLOUD_HERMIT,Taoist Hermit,,56,10392,3304,2198,311,333,25,59,0,20,18,50,136,11,대형,무형,무속성,2,10,480,5
1512,HYEGUN,Yao Jun,,56,9981,2199,1022,710,1128,12,10,60,40,36,10,73,15,중형,언데드,불사,2,1,890,4
1531,G_EVIL_CLOUD_HERMIT,Taoist Hermit,,56,10392,0,0,311,333,25,59,0,20,18,50,136,11,대형,무형,무속성,2,10,480,5
1570,G_CRAMP,Cramp,,56,4720,0,0,395,465,0,5,0,85,35,5,65,60,소형,동물,독,2,1,1000,09
1590,G_GEOGRAPHER,Geographer,,56,8071,0,0,467,621,28,26,0,66,47,60,68,44,중형,식물,땅,3,3,1308,10
1604,G_GIANT_HONET,Giant Hornet,,56,13105,0,0,650,852,38,43,35,38,32,10,71,64,소형,곤충,바람,1,1,1292,21
1612,A_HYEGUN,Yao Jun,,56,9981,0,0,710,1128,12,10,60,40,36,10,73,15,중형,언데드,불사,4,1,890,4
1614,MINERAL,Mineral,,56,7950,3563,1768,723,812,29,35,60,52,35,21,67,32,소형,무형,무속성,2,1,648,17
1633,BEHOLDER,Beholder,,56,7950,4821,3822,723,812,17,30,60,62,25,59,85,32,소형,무형,바람,2,6,336,17
1692,BREEZE,Breeze,,56,5099,2390,1340,94,215,7,32,0,96,6,38,91,45,중형,무형,바람,3,2,140,4
1693,PLASMA_Y,Plasma,,56,8400,2200,2100,400,900,0,40,0,30,10,83,105,45,소형,무형,유령,4,3,608,4
1131,JOKER,Joker,,57,12450,3706,2362,621,738,10,35,0,143,47,75,98,175,대형,인간형,바람,4,1,1364,21
1216,PENOMENA,Penomena,,57,7256,2870,2200,415,565,5,50,0,5,35,15,136,30,중형,어류,독,1,7,832,21
1437,G_JOKER,Joker,,57,12450,0,0,621,738,10,35,0,143,47,75,98,175,대형,인간형,바람,4,1,1364,4
1441,G_PENOMENA,Penomena,,57,7256,0,0,415,565,5,50,0,5,35,15,136,30,중형,어류,독,1,7,832,4
1684,G_ARCHDAM,Archdam,,57,11000,0,0,600,700,15,15,65,65,35,75,75,15,대형,천사,무속성,3,3,1080,4
1780,MUSCIPULAR,Muscipular,,57,4332,1706,1706,521,726,12,12,0,53,39,25,92,51,중형,식물,땅,1,3,672,10
1117,EVIL_DRUID,Evil Druid,,58,16506,2890,1827,420,670,5,60,0,29,58,80,68,30,대형,언데드,불사,4,1,2276,21
1193,ALARM,Alarm,,58,10647,3987,2300,480,600,15,15,0,62,72,10,85,45,중형,무형,무속성,3,1,1020,21
1306,LEIB_OLMAI,Leib Olmai,,58,24233,6011,2171,740,1390,27,31,5,35,95,5,64,85,대형,동물,땅,1,1,1260,21
1322,SPRING_RABBIT,Spring Rabbit,,58,9045,3982,1766,585,813,29,21,45,61,5,15,77,90,중형,동물,땅,2,1,1120,2
1369,GRAND_PECO,Grand Peco,,58,8054,2387,1361,444,565,37,30,0,66,66,50,71,51,대형,동물,불,2,2,1460,3
1435,G_EVIL_DRUID,Evil Druid,,58,16506,0,0,420,670,5,60,0,29,58,80,68,30,대형,언데드,불사,4,1,2276,4
1476,G_ALARM,Alarm,,58,10647,0,0,480,600,15,15,0,62,72,10,85,45,중형,무형,무속성,3,1,1020,4
1503,GIBBET,Gibbet,,58,6841,4011,1824,418,656,28,31,0,42,42,27,46,28,대형,악마,어둠,1,1,917,4
1652,YGNIZEM,Egnigem Cenia,,58,11200,4870,98,823,1212,35,8,60,35,52,18,79,20,중형,인간형,불,2,1,576,4
1818,EVENT_ALARM,Alarm,,58,10647,0,0,1,2,15,15,0,62,72,10,85,45,중형,무형,무속성,3,0,1020,21
1948,G_YGNIZEM,Egnigem Cenia,,58,11200,0,0,823,1212,35,8,60,35,52,18,79,20,중형,인간형,불,2,1,576,4
1984,I_ORC_LADY,Shaman Cargalache,,58,50058,4870,98,823,1212,35,10,60,35,52,18,79,20,중형,인간형,땅,2,1,1050,21
1194,ARCLOUSE,Arclouze,,59,6075,860,1000,570,640,10,15,0,75,5,5,75,50,중형,곤충,땅,2,1,960,09
1195,RIDEWORD,Rideword,,59,11638,2007,3106,584,804,5,35,48,75,10,20,120,45,소형,무형,무속성,3,1,864,21
1260,DARK_FRAME,Dark Frame,,59,7500,3652,3271,960,1210,10,45,0,72,42,45,85,25,중형,악마,어둠,3,1,920,21
1308,PANZER_GOBLIN,Panzer Goblin,,59,14130,7212,2697,683,878,41,28,60,60,40,20,81,160,중형,인간형,바람,2,1,960,21
1323,SEE_OTTER,Sea Otter,,59,9999,3048,1642,650,813,33,35,5,36,40,25,82,65,중형,동물,물,3,1,1132,4
1364,G_ASSULTER,Assaulter,,59,12853,0,0,152,177,35,36,85,55,10,35,145,100,중형,악마,바람,2,2,1000,21
1448,G_DARK_FRAME,Dark Frame,,59,7500,0,0,960,1210,10,45,0,72,42,45,85,25,중형,악마,어둠,3,1,920,4
1477,G_ARCLOUSE,Arclouze,,59,6075,0,0,570,640,10,15,0,75,5,5,75,50,중형,곤충,땅,2,1,960,4
1478,G_RIDEWORD,Rideword,,59,11638,0,0,584,804,5,35,48,75,10,20,120,45,소형,무형,무속성,3,1,864,4
1631,CHUNG_E_,Green Maiden,,59,23900,4256,920,460,1050,8,15,38,65,43,30,90,15,중형,인간형,바람,2,2,1728,4
1655,EREND,Errende Ebecee,,59,6980,4501,67,896,1159,14,30,0,31,41,93,67,30,중형,인간형,성,2,1,576,4
1661,G_EREND,Errende Ebecee,,59,6980,0,0,796,1059,14,30,0,31,41,93,60,30,중형,인간형,성,2,1,1008,4
1771,VANBERK,Vanberk,,59,9988,4203,901,230,660,24,6,69,66,39,29,51,41,중형,인간형,무속성,4,1,768,4
1072,KAHO,Kaho,,60,8409,3990,450,110,760,5,50,0,55,43,88,80,46,중형,악마,불,4,1,1700,4
1269,CLOCK,Clock,,60,11050,3410,2904,720,909,15,10,0,70,50,25,90,50,중형,무형,땅,2,1,1092,17
1278,STALACTIC_GOLEM,Stalactic Golem,,60,18700,5808,2695,950,1260,50,5,73,45,85,5,90,25,대형,무형,무속성,4,1,1264,17
1387,GIG,Gig,,60,8409,3934,2039,360,479,60,28,0,61,80,53,59,46,소형,동물,불,2,1,1264,4
1388,ARCHANGELING,Arc Angeling,,60,79523,4152,2173,669,890,54,58,0,65,80,74,65,105,중형,천사,성,3,1,1072,21
1528,G_CLOCK,Clock,,60,11050,0,0,720,909,15,10,0,70,50,25,90,50,중형,무형,땅,2,1,1092,17
1656,KAVAC,Kavach Icarus,,60,7899,4090,86,684,904,12,5,48,100,10,15,118,40,중형,인간형,바람,2,9,576,4
1662,G_KAVAC,Kavach Icarus,,60,7899,0,0,584,804,12,5,48,100,10,20,118,40,중형,인간형,바람,2,9,1008,4
1699,ANCIENT_MIMIC,Ancient Mimic,,60,8080,2950,2650,530,1697,20,40,50,100,30,40,150,110,대형,무형,무속성,3,1,168,4
1775,SNOWIER,Snowier,,60,19230,5882,2699,770,1347,22,12,73,46,72,15,52,25,대형,무형,물,2,2,936,4
1777,ICE_TITAN,Ice Titan,,60,38200,13872,7928,1090,1570,71,15,99,34,88,10,79,29,대형,무형,물,3,1,861,4
1788,G_ICE_TITAN,Ice Titan,,60,32900,0,0,1090,1570,71,15,99,34,88,10,79,29,대형,무형,물,3,1,861,20
1849,EVENT_OSIRIS,Osiris,,60,125000,2000,2000,3500,5000,20,20,0,60,25,25,160,30,중형,언데드,불사,4,1,1072,21
1869,FLAME_SKULL,Flame Skull,,60,10080,3000,2600,100,1200,20,40,50,100,30,40,140,110,소형,악마,유령,3,1,972,09
1154,PASANA,Pasana,,61,8289,4087,2135,513,682,29,35,0,73,50,61,59,43,중형,인간형,불,2,1,976,09
1206,ANOLIAN,Anolian,,61,18960,5900,3700,640,980,15,15,0,43,58,25,80,65,중형,어류,물,2,1,900,21
1207,STING,Sting,,61,9500,4081,2970,850,1032,5,30,57,45,55,5,120,85,중형,무형,땅,3,1,528,21
1301,AM_MUT,Am Mut,,61,12099,7709,2690,1040,1121,50,10,50,65,40,35,83,45,소형,악마,어둠,1,1,1156,21
1313,MOBSTER,Mobster,,61,7991,4424,1688,910,1128,41,37,76,46,20,35,76,55,중형,인간형,무속성,1,1,1100,21
1321,DRAGON_TAIL,Dragon Tail,,61,8368,3587,1453,520,715,25,19,10,68,15,5,67,67,중형,곤충,바람,2,1,862,21
1391,GALAPAGO,Galapago,,61,9145,3204,1966,457,608,33,33,0,56,56,45,66,57,소형,동물,땅,1,1,1430,7
1464,G_PASANA,Pasana,,61,8289,0,0,513,682,29,35,0,73,50,61,69,43,중형,인간형,불,2,1,976,4
1489,G_STING,Sting,,61,9500,0,0,850,1032,5,30,57,45,55,5,120,85,중형,무형,땅,3,1,528,4
1515,GARM_BABY,Baby Hatii,,61,20199,1022,2980,680,1179,34,13,45,30,56,55,85,30,중형,동물,물,2,1,879,4
1606,G_GARM_BABY,Baby Hatii,,61,20199,0,0,680,1179,34,13,45,30,56,55,85,30,중형,동물,물,2,1,879,4
1657,RAWREL,Laurell Weinder,,61,6168,4620,30,430,517,8,48,0,41,5,120,45,10,중형,인간형,유령,2,1,576,4
1663,G_RAWREL,Laurell Weinder,,61,6168,0,0,330,417,8,48,0,41,5,100,45,10,중형,인간형,유령,2,1,1008,4
1773,HODREMLIN,Hodremlin,,61,12180,6782,2022,845,1678,29,25,80,41,81,56,62,11,중형,악마,어둠,3,1,960,4
1824,EVENT_GARM_BABY,Baby Hatii,,61,20199,0,0,680,1179,34,13,45,30,56,55,85,30,중형,동물,물,2,1,879,4
1851,EVENT_MOBSTER,Mobster,,61,7991,2,2,500,1000,45,35,76,46,20,35,76,55,중형,인간형,무속성,1,1,1100,21
1883,UZHAS,Uzhas,,61,13707,4002,3003,293,960,11,34,0,33,19,72,75,77,중형,인간형,물,3,1,576,4
1888,GARM_BABY_R,Baby Hatii,,61,15199,100,100,680,1580,24,13,45,30,36,55,85,30,중형,동물,물,2,1,879,4
1275,ALICE,Alice,,62,10000,3583,2400,550,700,5,5,64,64,42,85,100,130,중형,인간형,무속성,3,1,502,17
1293,CREMY_FEAR,Creamy Fear,,62,13387,7365,2691,666,829,45,30,5,40,16,15,68,55,소형,곤충,바람,1,2,1136,21
1298,ZOMBIE_MASTER,Zombie Master,,62,14211,7610,2826,824,1084,37,26,25,20,30,5,77,35,중형,언데드,불사,1,1,2612,21
1311,GULLINBURSTI,Gullinbursti,,62,21331,5814,2376,699,1431,10,15,55,25,60,5,70,45,대형,동물,땅,2,1,1960,21
1504,DULLAHAN,Dullahan,,62,12437,4517,2963,647,1065,47,38,0,30,5,45,62,22,중형,언데드,불사,2,2,847,4
1513,CIVIL_SERVANT,Mao Guai,,62,14390,4023,2750,650,1010,42,5,58,15,20,60,80,50,중형,동물,바람,2,2,1257,4
1521,G_ALICE,Alice,,62,10000,0,0,550,700,5,5,64,64,42,85,100,130,중형,인간형,무속성,3,1,520,17
1653,WHIKEBAIN,Wickebine Tres,,62,7320,4204,21,693,889,9,8,0,102,34,20,83,30,중형,인간형,독,3,1,576,4
1659,G_WHIKEBAIN,Wickebine Tres,,62,7320,0,0,593,789,9,12,0,102,34,23,74,30,중형,인간형,독,3,1,1008,4
1772,ISILLA,Isilla,,62,8297,3001,3001,89,733,11,19,0,28,12,97,57,12,중형,인간형,무속성,4,1,768,4
1796,AUNOE,Aunoe,,62,21297,4102,4102,89,733,11,19,0,28,12,97,57,12,중형,인간형,무속성,4,1,768,20
1797,FANAT,Fanat,,62,21297,4102,4102,89,733,11,19,0,28,12,97,57,12,중형,인간형,무속성,4,1,768,21
1132,KHALITZBURG,Khalitzburg,,63,19276,4378,2750,875,1025,45,10,58,65,48,5,73,40,대형,언데드,불사,1,1,528,21
1200,ZHERLTHSH,Zealotus,,63,18300,3608,2304,700,850,10,15,70,85,40,30,125,60,중형,인간형,무속성,3,1,800,13
1270,C_TOWER_MANAGER,Clock Tower Manager,,63,18600,4378,2850,880,1180,35,30,0,75,20,64,75,60,대형,무형,무속성,4,3,1072,17
1309,GAJOMART,Gajomart,,63,13669,6625,2900,917,950,85,50,5,34,10,5,75,140,소형,무형,불,4,1,1000,21
1314,PERMETER,Permeter,,63,8228,3756,1955,943,1211,46,45,69,59,60,5,69,100,중형,동물,무속성,2,2,1100,17
1317,FUR_SEAL,Seal,,63,9114,3765,1824,845,1203,25,33,5,28,22,15,69,84,중형,동물,물,1,1,1612,4
1416,WICKED_NYMPH,Evil Nymph,,63,16029,3945,2599,399,1090,12,75,0,64,12,69,100,80,중형,악마,어둠,3,2,637,21
1438,G_KHALITZBURG,Khalitzburg,,63,19276,0,0,875,1025,45,10,58,65,48,5,73,40,대형,언데드,불사,1,1,528,4
1482,G_ZHERLTHSH,Zealotus,,63,18300,0,0,700,850,10,15,70,85,40,30,125,60,중형,인간형,무속성,3,1,800,4
1488,G_ANOLIAN,Anolian,,63,18960,0,0,640,760,15,15,0,43,58,25,97,65,중형,어류,물,2,1,900,4
1527,G_C_TOWER_MANAGER,Clock Tower Manager,,63,18600,0,0,880,1180,35,30,0,75,20,64,75,60,대형,무형,무속성,4,3,1072,17
1533,G_FUR_SEAL,Seal,,63,9114,0,0,845,1203,25,33,5,28,22,15,69,84,중형,동물,물,1,1,1612,09
1564,G_WICKED_NYMPH,Evil Nymph,,63,16029,0,0,399,1090,12,75,0,64,12,69,100,80,중형,악마,어둠,3,2,637,21
1601,G_PERMETER,Permeter,,63,8228,0,0,943,1211,46,45,69,59,60,5,69,100,중형,동물,무속성,2,2,1100,21
1884,MAVKA,Mavka,,63,19200,8301,6353,589,623,32,19,0,42,55,35,89,177,중형,식물,땅,3,7,1536,4
1886,G_MAVKA,Mavka,,63,19200,0,0,589,623,32,19,0,42,55,35,89,177,중형,식물,땅,3,7,1536,4
1086,GOLDEN_BUG,Golden Thief Bug,★MVP,64,126000,14300,7150,870,1145,60,45,65,75,35,45,85,150,대형,곤충,불,2,1,768,7
1297,ANCIENT_MUMMY,Ancient Mummy,,64,40599,8040,3499,836,1129,27,27,28,19,32,5,83,35,중형,언데드,불사,2,1,1772,21
1299,GOBLIN_LEADER,Goblin Leader,,64,20152,6036,2184,663,752,48,16,5,55,37,30,69,58,중형,인간형,바람,1,1,1120,21
1300,CATERPILLAR,Caterpillar,,64,14439,6272,3107,894,1447,47,29,35,25,85,15,69,45,소형,곤충,땅,1,1,1672,21
1377,ELDER,Elder,,64,21592,5650,3408,421,560,45,68,0,76,68,108,72,86,대형,인간형,무속성,4,3,1552,4
1522,G_ANCIENT_MUMMY,Ancient Mummy,,64,40599,0,0,836,1129,27,27,28,19,32,5,83,35,중형,언데드,불사,2,1,1772,21
1539,G_GOBLIN_LEADER,Goblin Leader,,64,20152,0,0,663,752,48,16,5,55,37,30,69,58,중형,인간형,바람,1,1,1120,21
1573,G_ELDER,Elder,,64,21592,0,0,421,560,45,68,0,76,68,108,72,86,대형,인간형,무속성,4,3,1552,4
1666,POTON_CANON_2,Photon Cannon,,64,7100,3100,2700,800,900,8,30,0,40,21,29,80,91,중형,무형,무속성,2,9,1536,10
1115,EDDGA,Eddga,★MVP,65,152000,25025,12870,1215,1565,15,15,78,70,85,66,90,85,대형,동물,불,1,1,872,21
1205,EXECUTIONER,Executioner,,65,28980,4730,3536,570,950,35,35,64,85,40,25,88,60,대형,무형,어둠,2,2,768,21
1262,MUTANT_DRAGON,Mutant Dragonoid,,65,62600,4730,3536,2400,3400,15,20,75,47,30,68,45,35,대형,드래곤,불,2,4,1280,21
1296,KOBOLD_LEADER,Kobold Leader,,65,18313,7432,2713,649,958,37,37,5,90,36,30,77,59,중형,인간형,바람,2,1,1028,21
1371,FAKE_ANGEL,False Angel,,65,16845,3371,1949,513,682,50,35,0,64,57,70,61,88,소형,천사,성,3,2,920,4
1385,DELETER_,Deleter,,65,15168,3403,2066,446,593,52,53,0,66,40,65,72,68,중형,드래곤,불,2,1,1024,13
1405,TENGU,Tengu,,65,16940,4207,2843,660,980,12,82,90,42,69,45,78,80,대형,악마,땅,2,2,1439,4
1449,G_MUTANT_DRAGON,Mutant Dragonoid,,65,62600,0,0,2400,3400,15,20,75,47,30,68,45,35,대형,드래곤,불,2,4,1280,4
1487,G_EXECUTIONER,Executioner,,65,28980,0,0,570,950,35,35,64,85,40,25,88,60,대형,무형,어둠,2,2,768,4
1548,G_KOBOLD_LEADER,Kobold Leader,,65,18313,0,0,649,958,37,37,5,90,36,30,77,59,중형,인간형,바람,2,1,1028,21
1563,G_TENGU,Tengu,,65,16940,0,0,660,980,12,82,90,42,69,45,78,80,대형,악마,땅,2,2,1439,4
1667,POTON_CANON_3,Photon Cannon,,65,7800,3800,2300,700,800,15,30,0,40,23,30,90,99,중형,무형,무속성,2,9,1536,10
1698,DEATHWORD,Death Word,,65,18990,2986,4912,622,1102,10,40,50,75,10,20,140,45,중형,무형,무속성,3,1,176,21
1774,SEEKER,Seeker,,65,10090,5671,4278,723,852,17,30,60,52,34,143,107,27,소형,무형,바람,3,6,576,20
1310,MAJORUROS,Majoruros,,66,57991,8525,3799,780,1300,10,25,65,50,75,50,85,48,대형,동물,불,2,1,1100,21
1365,APOCALIPS,Apocalypse,,66,22880,6540,4935,1030,1370,62,49,0,48,120,48,66,85,대형,무형,무속성,3,2,1840,17
1384,DELETER,Deleter,,66,17292,3403,2066,446,593,45,53,0,104,40,65,72,54,중형,드래곤,불,2,1,1020,13
1654,ARMAIA,Armeyer Dinze,,66,7110,4008,35,750,913,42,6,5,36,50,15,89,60,중형,인간형,땅,3,1,576,4
1660,G_ARMAIA,Armeyer Dinze,,66,7110,0,0,650,813,42,6,5,36,40,15,80,60,중형,인간형,땅,3,1,1008,4
1664,POTON_CANON,Photon Cannon,,66,8000,3900,1800,800,900,10,30,0,40,25,20,80,80,중형,무형,무속성,2,9,1536,10
1724,A_POTON_CANON,Photon Cannon,,66,8000,0,0,1000,1300,10,30,0,40,25,20,80,80,중형,무형,무속성,2,9,1536,10
1872,BEELZEBUB_FLY,Hell Fly,,66,500000,0,0,1200,2000,25,15,33,105,60,15,72,30,소형,곤충,바람,4,1,676,26
2010,G_MAJORUROS,Ox,,66,500000,10,10,1200,3200,25,15,65,50,20,20,85,48,대형,악마,유령,1,1,1100,
1150,MOONLIGHT,Moonlight Flower,★MVP,67,120000,27500,14300,1200,1700,10,55,55,99,55,82,95,120,중형,악마,불,3,1,1276,21
1305,ANCIENT_WORM,Ancient Worm,,67,22598,8174,3782,948,1115,35,30,5,35,56,55,81,72,대형,곤충,독,1,1,1792,21
1382,DIABOLIC,Diabolic,,67,9642,3662,2223,796,1059,64,36,0,84,53,67,71,69,소형,악마,어둠,2,1,1080,4
1386,SLEEPER,Sleeper,,67,8237,3603,2144,593,789,49,35,0,48,100,57,75,28,중형,무형,땅,2,1,1350,4
1567,G_ANCIENT_WORM,Ancient Worm,,67,22598,0,0,948,1115,35,30,5,35,56,55,81,72,대형,곤충,독,1,1,1792,21
1665,POTON_CANON_1,Photon Cannon,,67,7500,4300,2000,700,800,15,30,0,40,30,40,86,80,중형,무형,무속성,2,9,1536,10
2014,DRACO_EGG,Draco Egg,,67,9822,1200,1600,1,2,56,40,0,0,56,34,0,63,중형,드래곤,땅,4,0,24,
1292,MINI_DEMON,Mini Demon,,68,32538,8396,3722,1073,1414,30,25,5,75,40,55,89,42,소형,악마,어둠,1,1,1000,21
1318,HEATER,Heater,,68,11020,3766,2359,683,1008,40,42,69,47,25,5,71,100,중형,동물,불,2,2,1452,21
1381,GRIZZLY,Grizzly,,68,11733,3341,2012,809,1076,44,32,0,55,68,58,70,61,대형,동물,불,3,1,1492,4
1399,EVENT_BAPHO,Baphomet,★MVP,68,1264000,261750,83685,1847,2267,35,45,0,152,96,85,120,95,대형,악마,어둠,3,3,768,21
1600,G_HEATER,Heater,,68,11020,0,0,683,1008,40,42,69,47,25,5,71,100,중형,동물,불,2,2,1452,21
1617,WASTE_STOVE,Old Stove,,68,15895,4412,1135,692,1081,23,10,20,69,55,5,59,77,대형,무형,무속성,1,1,1152,4
1624,G_WASTE_STOVE,Old Stove,,68,15895,0,0,500,889,23,10,20,69,55,5,79,77,대형,무형,무속성,1,1,1152,4
2074,CURUPIRA,Curupira,,68,8669,1209,850,409,444,42,12,32,23,38,20,45,10,중형,인간형,땅,1,1,528,7
1159,PHREEONI,Phreeoni,★MVP,69,188000,32175,16445,880,1530,10,20,0,85,78,35,130,60,대형,동물,무속성,3,1,1020,21
1372,GOAT,Goat,,69,11077,3357,2015,457,608,44,25,0,58,66,62,67,43,중형,동물,불,3,1,1380,3
1401,SHINOBI,Shinobi,,69,12700,4970,3010,460,1410,34,21,85,85,25,25,100,100,중형,인간형,어둠,3,2,1003,21
1560,G_SHINOBI,Shinobi,,69,12700,0,0,460,1410,34,21,85,85,25,25,100,100,중형,인간형,어둠,3,2,1003,21
1618,UNGOLIANT,Ungoliant,,69,29140,8211,142,1290,2280,25,25,33,52,57,25,119,43,대형,곤충,독,2,1,420,21
1717,FERUS_,Ferus,,69,21182,6750,2230,930,1170,14,38,0,66,77,60,79,35,대형,드래곤,땅,2,2,108,09
1737,ALIZA,Aliza,,69,19000,6583,3400,750,1100,8,5,74,74,52,35,110,140,중형,인간형,무속성,3,1,1440,17
1746,G_ALIZA,Aliza,,69,15000,0,0,750,1100,8,5,74,74,52,35,110,140,중형,인간형,무속성,3,1,1440,4
1753,FRUS,Frus,,69,83422,20620,10,1110,1780,20,15,0,69,60,50,76,52,중형,악마,어둠,3,2,480,20
1760,G_FERUS_,Ferus,,69,21182,0,0,930,1170,24,38,0,66,77,60,79,35,대형,드래곤,땅,2,2,108,4
1762,G_FRUS,Frus,,69,53422,0,0,1110,1780,20,15,0,69,60,50,76,52,중형,악마,어둠,3,2,480,4
1770,ECHIO,Echio,,69,34900,13560,4300,750,1800,33,11,74,74,52,35,59,56,중형,인간형,무속성,4,1,768,20
1787,G_ECHIO,Echio,,69,36900,0,0,750,1500,33,11,74,74,52,35,59,56,중형,인간형,무속성,2,1,768,20
1112,DRAKE,Drake,★MVP,70,326666,28600,22880,1800,2100,20,35,85,80,49,75,79,50,중형,언데드,불사,1,1,620,21
1283,CHIMERA,Chimera,,70,32600,4950,3000,1200,1320,30,10,0,72,110,88,75,85,대형,동물,불,3,1,772,21
1316,SOLIDER,Solider,,70,12099,4458,1951,797,979,57,43,69,35,85,5,74,100,중형,동물,땅,2,2,1452,17
1376,HARPY,Harpy,,70,16599,3562,2133,926,1231,42,44,0,112,72,67,74,76,중형,악마,바람,3,1,972,4
1456,G_CHIMERA,Chimera,,70,32600,0,0,1200,1320,30,10,0,72,110,88,75,85,대형,동물,불,3,1,772,4
1583,TAO_GUNKA,Tao Gunka,★MVP,70,193000,59175,10445,1450,1770,20,20,0,85,78,35,140,60,대형,악마,무속성,3,2,1020,21
1602,G_SOLIDER,Solider,,70,12099,0,0,797,979,57,43,69,35,85,5,74,100,중형,동물,땅,2,2,1452,21
1691,G_KRABEN,Kraben,,70,10880,0,0,125,765,5,42,50,155,0,66,112,60,중형,무형,유령,2,1,1152,4
1714,FERUS,Ferus,,70,29218,8093,3952,1056,1496,14,45,0,78,45,72,81,73,대형,드래곤,불,2,2,108,09
1752,SKOGUL,Skogul,,70,87544,27620,10,1110,1930,20,15,0,69,70,50,67,52,중형,악마,어둠,3,2,720,20
1758,G_FERUS,Ferus,,70,29218,0,0,1056,1496,34,45,0,78,45,72,81,73,대형,드래곤,불,2,2,108,4
1761,G_SKOGUL,Skogul,,70,57544,0,0,1110,1930,20,15,0,69,70,50,67,52,중형,악마,어둠,3,2,720,4
1975,BEHOLDER_MASTER,Beholder master,,70,24150,9000,11400,1723,2300,17,30,60,62,25,89,85,32,중형,무형,바람,2,6,336,20
2073,TOUCAN,Toucan,,70,10555,1002,1552,478,513,12,12,54,14,40,35,44,10,중형,동물,바람,2,1,960,3
1201,RYBIO,Rybio,,71,9572,6317,3520,686,912,45,37,0,97,75,74,77,90,대형,악마,무속성,2,1,1790,13
1204,TIRFING,Ogretooth,,71,29900,5412,4235,950,1146,30,35,58,87,55,35,132,65,중형,무형,어둠,3,1,816,21
1315,ASSULTER,Assaulter,,71,11170,4854,2654,764,1499,35,28,85,74,10,35,100,100,중형,인간형,바람,2,2,1000,21
1483,G_RYBIO,Rybio,,71,9572,0,0,686,912,45,37,0,97,75,74,77,90,대형,악마,무속성,2,1,1790,4
1486,G_TIRFING,Ogretooth,,71,29900,0,0,950,1146,30,35,58,87,55,35,132,65,중형,무형,어둠,3,1,816,4
1492,INCANTATION_SAMURAI,Samurai Specter,★MVP,71,218652,33095,18214,2219,3169,10,51,91,85,30,85,150,60,대형,인간형,어둠,3,3,874,21
1505,LOLI_RURI,Loli Ruri,,71,23470,6641,4314,1476,2317,39,44,0,66,54,74,81,43,대형,악마,어둠,4,2,747,4
1542,G_INCANTATION_SAMURA,Incantation Samurai,,71,218652,0,0,1219,2169,10,51,91,85,78,85,150,60,대형,인간형,어둠,3,3,874,21
1622,TEDDY_BEAR,Teddy Bear,,71,8109,5891,3455,621,1432,19,32,5,155,32,41,121,26,소형,무형,무속성,3,1,512,20
1866,HELL_POODLE,Hell Poodle,,71,9000,4000,3000,400,600,35,20,5,26,14,5,39,10,소형,악마,어둠,1,1,824,21
1892,G_LOLI_RURI,Lolo Ruri,,71,23470,0,0,1476,2317,39,44,0,66,54,74,81,43,대형,악마,어둠,4,2,747,4
2072,JAGUAR,Jaguar,,71,12590,1820,1012,538,580,44,15,69,30,45,5,59,5,중형,동물,땅,2,1,576,17
1046,DOPPELGANGER,Doppelganger,★MVP,72,249000,51480,10725,1340,1590,60,35,88,90,30,35,125,65,중형,악마,어둠,3,1,480,21
1259,GRYPHON,Gryphon,,72,27800,5896,4400,880,1260,35,35,68,95,78,65,115,75,대형,동물,바람,4,1,704,21
1319,FREEZER,Freezer,,72,8636,3665,2197,671,983,55,43,69,41,59,5,67,100,중형,동물,물,2,2,1452,21
1447,G_GRYPHON,Gryphon,,72,27800,0,0,880,1260,35,35,68,95,78,65,115,75,대형,동물,바람,4,1,704,4
1507,BLOODY_MURDERER,Bloody Murderer,,72,27521,9742,3559,864,1081,37,41,0,30,90,15,52,12,대형,인간형,어둠,3,2,914,4
1518,BACSOJIN,White Lady,,72,56380,5590,1659,560,1446,10,15,38,65,34,80,102,35,대형,인간형,물,2,2,576,21
1594,G_FREEZER,Freezer,,72,8636,0,0,671,983,55,43,69,41,59,5,67,100,중형,동물,물,2,2,1452,21
1676,VENATU_1,Venatu,,72,8900,4000,2000,800,1400,30,20,5,26,24,5,82,30,중형,무형,무속성,2,2,504,4
1681,GEMINI,Gemini-S58,,72,57870,22024,9442,2150,3030,60,45,88,75,70,77,105,55,중형,무형,물,1,3,1872,4
1731,G_DOPPELGANGER,Doppelganger,,72,12000000,3000000,2000000,5000,10000,99,99,88,180,70,75,180,65,대형,천사,유령,2,1,480,21
1823,EVENT_FREEZER,Freezer,,72,8636,0,0,671,983,55,43,69,41,59,5,67,100,중형,동물,물,2,2,1452,21
1887,FREEZER_R,Freezer,,72,8636,0,0,671,983,55,43,69,41,59,5,67,100,중형,동물,물,2,2,1452,21
1966,M_DOPPELGANGER,Doppelganger,,72,7800,0,0,200,250,30,20,0,38,30,35,65,65,중형,악마,어둠,3,1,300,
1976,COBALT_MINERAL,Cobalt Mineral,,72,29665,12332,10379,1446,2979,40,30,60,77,35,57,77,32,중형,무형,무속성,2,1,648,20
1202,PHENDARK,Phendark,,73,22729,6826,3443,794,1056,52,36,0,62,120,65,76,66,대형,인간형,무속성,2,2,1744,13
1252,GARM,Hatii,★MVP,73,197000,50050,20020,1700,1900,40,45,85,126,82,65,95,60,대형,동물,물,4,3,608,21
1290,SKELETON_GENERAL,Skeleton General,,73,17402,8170,3370,910,1089,25,25,90,25,40,20,77,25,중형,언데드,불사,1,1,2276,21
1418,DARK_SNAKE_LORD,Evil Snake Lord,★MVP,73,254993,34288,17950,2433,4210,25,55,70,83,30,80,164,88,대형,동물,유령,3,3,588,21
1484,G_PHENDARK,Phendark,,73,22729,0,0,794,1056,52,36,0,62,120,65,76,66,대형,인간형,무속성,2,2,1744,4
1529,G_DARK_SNAKE_LORD,Evil Snake Lord,,73,254993,0,0,1433,2210,25,55,70,83,62,80,164,88,대형,동물,유령,3,3,588,21
1769,AGAV,Agav,,73,29620,9780,6622,103,1109,15,35,0,32,27,132,69,15,중형,인간형,무속성,4,1,768,20
1786,G_AGAV,Agav,,73,25620,0,0,103,909,15,35,0,32,27,132,69,15,중형,인간형,무속성,2,1,768,20
1889,GARM_R,Marozka's Guard,,73,100000,1000,1000,900,2200,20,23,85,126,10,50,95,60,대형,동물,물,4,3,608,21
1977,HEAVY_METALING,Heavy Metaling,,73,28433,9320,8831,1350,1700,40,30,30,65,28,40,77,2,소형,무형,무속성,1,1,384,20
1059,MISTRESS,Mistress,★MVP,74,212000,39325,27170,880,1110,40,60,50,165,60,95,70,130,소형,곤충,바람,4,1,1148,21
1190,ORC_LORD,Orc Lord,★MVP,74,783000,62205,8580,3700,4150,40,5,85,82,30,70,110,85,대형,인간형,땅,4,1,1248,21
1208,WANDER_MAN,Wanderer,,74,8170,5786,4730,450,1170,5,5,0,192,38,45,127,85,중형,악마,바람,1,2,672,21
1285,ARCHER_GUARDIAN,Archer Guardian,,74,28634,1,1,1120,1600,35,60,95,80,80,90,165,55,대형,인간형,무속성,4,12,1200,12
1291,WRAITH_DEAD,Wraith Dead,,74,43021,10341,3618,1366,1626,25,30,5,99,55,75,115,45,대형,언데드,불사,4,2,1816,21
1490,G_WANDER_MAN,Wanderer,,74,8170,0,0,450,1170,5,5,0,192,38,45,127,85,중형,악마,바람,1,2,672,4
1566,G_WRAITH_DEAD,Wraith Dead,,74,43021,0,0,1366,1626,25,30,5,99,55,75,115,45,대형,언데드,불사,4,2,1816,21
1098,ANUBIS,Anubis,,75,38000,28000,22000,530,1697,25,31,5,65,10,82,77,33,대형,인간형,불사,2,1,1250,21
1295,OWL_BARON,Owl Baron,,75,60746,10967,4811,1252,1610,65,25,25,25,80,95,95,55,대형,악마,무속성,3,2,1345,21
1320,OWL_DUKE,Owl Duke,,75,26623,7217,3474,715,910,27,49,15,45,40,75,79,88,대형,악마,무속성,3,1,1345,21
1374,INCUBUS,Incubus,,75,17281,5254,4212,1408,1873,58,46,0,97,95,103,89,87,중형,악마,어둠,3,2,850,21
1390,VIOLY,Violy,,75,18257,6353,3529,738,982,37,36,0,93,54,58,101,83,중형,인간형,무속성,2,10,1356,5
1580,G_INCUBUS,Incubus,,75,17281,0,0,1408,1873,58,46,0,97,95,103,89,87,중형,악마,어둠,3,2,850,21
1679,VENATU_4,Venatu,,75,12300,4000,2000,800,1400,30,20,5,26,24,5,100,30,중형,무형,물,2,2,504,4
1735,ALICEL,Alicel,,75,37520,8890,5420,1800,2770,30,30,50,58,50,51,92,40,중형,악마,무속성,3,2,1080,13
1736,ALIOT,Aliot,,75,48290,13020,4006,950,2470,35,15,50,32,87,12,68,19,중형,악마,무속성,3,2,1296,13
1739,G_ALICEL,Alicel,,75,37520,0,0,1600,2570,30,30,50,60,50,51,92,40,중형,악마,무속성,3,2,1080,13
1740,G_ALIOT,Aliot,,75,43290,0,0,950,2070,35,15,50,32,87,12,68,19,중형,악마,무속성,3,2,1296,13
1865,RAGGED_ZOMBIE,Ragged Zombie,,75,25000,8500,5500,1200,1500,25,35,0,77,25,10,101,50,중형,언데드,불사,3,9,1960,26
1988,NEPENTHES,Nepenthes,,75,10350,5175,2587,415,565,25,10,75,20,30,5,65,5,중형,식물,독,2,7,500,10
2070,PIRANHA,Piranha,,75,15882,3877,2023,549,590,7,12,69,45,30,30,66,35,대형,어류,물,3,1,768,4
2082,G_PIRANHA,Piranha,,75,15882,0,0,549,590,7,12,69,45,30,30,66,35,대형,어류,물,3,1,768,20
1203,MYSTELTAINN,Mysteltainn,,76,33350,6457,5159,1160,1440,30,30,77,139,80,35,159,65,대형,무형,어둠,4,2,1152,21
1307,CAT_O_NINE_TAIL,Cat o' Nine Tails,,76,64512,10869,4283,1112,1275,61,55,55,75,55,82,86,120,중형,악마,불,3,1,1276,21
1485,G_MYSTELTAINN,Mysteltainn,,76,33350,0,0,1160,1440,30,30,77,139,80,35,159,65,대형,무형,어둠,4,2,1152,4
1716,ACIDUS_,Acidus,,76,39111,14392,4203,1180,2000,21,47,0,78,31,93,88,52,대형,드래곤,바람,2,2,168,09
1759,G_ACIDUS_,Acidus,,76,39111,0,0,1180,2000,31,47,0,78,31,93,88,52,대형,드래곤,바람,2,2,168,4
1837,IMP,Fire Imp,,76,46430,25200,11077,1059,1509,27,50,37,76,30,150,99,10,소형,악마,불,3,1,824,26
1087,ORK_HERO,Orc Hero,★MVP,77,585700,58630,32890,2257,2542,40,45,0,91,30,70,105,90,대형,인간형,땅,2,1,1678,21
1251,KNIGHT_OF_WINDSTORM,Stormy Knight,★MVP,77,240000,64350,21450,1425,1585,35,60,75,185,83,55,130,79,대형,무형,바람,4,2,468,21
1302,DARK_ILLUSION,Dark Illusion,,77,103631,11163,4181,1300,1983,64,70,5,100,40,100,97,40,대형,악마,불사,4,2,1024,21
1366,LAVA_GOLEM,Lava Golem,,77,24324,6470,3879,1541,2049,65,50,0,57,115,70,76,68,대형,무형,불,4,1,2190,09
1549,G_LAVA_GOLEM,Lava Golem,,77,24324,0,0,1541,2049,65,50,0,57,115,70,76,68,대형,무형,불,4,1,2190,09
1605,G_DARK_ILLUSION,Dark Illusion,,77,103631,0,0,1300,1983,64,70,5,100,40,100,97,40,대형,악마,불사,4,2,1024,21
1669,DIMIK,Dimik,,77,10000,0,0,1040,1880,45,28,15,35,40,15,120,42,중형,무형,무속성,2,5,576,4
1675,VENATU,Venatu,,77,8000,0,0,1200,1800,35,20,5,26,24,5,75,40,중형,무형,불,2,2,504,4
1703,SOLACE,Lady Solace,,77,25252,21000,25110,1392,1462,21,67,12,76,29,145,99,100,중형,천사,성,3,2,576,20
1864,ZOMBIE_SLAUGHTER,Zombie Slaughter,,77,43000,12000,8500,1055,1655,35,45,0,30,50,0,75,35,중형,언데드,불사,3,1,676,21
1038,OSIRIS,Osiris,★MVP,78,415400,71500,28600,780,2880,10,25,0,75,30,37,86,40,중형,언데드,불사,4,1,1072,21
1379,NIGHTMARE_TERROR,Nightmare Terror,,78,22605,6683,4359,757,1007,37,37,0,76,55,60,76,54,대형,악마,어둠,3,1,1216,4
1554,G_NIGHTMARE_TERROR,Nightmare Terror,,78,22605,0,0,757,1007,37,37,0,76,55,60,76,54,대형,악마,어둠,3,1,1216,4
1678,VENATU_3,Venatu,,78,9500,4500,2000,800,1400,30,20,5,26,68,5,95,30,중형,무형,땅,2,2,504,4
1148,MEDUSA,Medusa,,79,16408,6876,4697,827,1100,28,18,0,74,50,57,77,69,중형,악마,무속성,2,1,1720,21
1198,DARK_PRIEST,Dark Priest,,79,101992,12192,5152,1238,2037,56,70,5,91,41,101,103,42,중형,악마,불사,4,2,864,13
1219,KNIGHT_OF_ABYSS,Abysmal Knight,,79,36140,8469,6268,1600,2150,55,50,66,68,64,25,135,50,대형,인간형,어둠,4,1,1500,21
1658,B_YGNIZEM,Egnigem Cenia,★MVP,79,214200,258760,86000,3890,5690,48,25,82,60,45,31,110,40,중형,인간형,불,2,1,1008,21
1668,ARCHDAM,Archdam,,79,25000,8000,5000,1000,2000,15,15,65,65,35,75,75,15,대형,인간형,무속성,3,3,580,21
1670,DIMIK_1,Dimik,,79,16000,6400,3500,1140,1980,45,28,15,88,20,20,120,40,중형,무형,바람,2,7,576,4
1702,RETRIBUTION,Baroness of Retribution,,79,46666,28332,33120,2022,2288,35,35,30,142,66,72,133,39,중형,천사,어둠,3,2,360,20
1749,G_MEDUSA,Medusa,,79,22408,0,0,827,1100,48,38,0,74,50,57,77,69,중형,악마,무속성,2,1,1720,4
1893,G_KNIGHT_OF_ABYSS,Abysmal Knight,,79,36140,0,0,1600,2150,55,50,66,68,64,25,135,50,대형,인간형,어둠,4,1,1500,21
1967,M_YGNIZEM,Egnigem Cenia,,79,7800,0,0,200,250,30,20,0,38,30,35,65,65,중형,인간형,불,2,1,300,
2069,IARA,Iara,,79,18952,5517,1500,614,713,0,76,69,14,41,60,69,20,중형,어류,물,3,1,384,17
1272,DARK_LORD,Dark Lord,★MVP,80,720000,65780,45045,2800,3320,30,70,0,120,30,118,99,60,대형,악마,불사,4,2,868,21
1672,DIMIK_3,Dimik,,80,19000,5900,2800,1240,2080,68,28,15,30,78,20,120,30,중형,무형,땅,2,5,576,4
1677,VENATU_2,Venatu,,80,9000,4000,2000,900,1500,30,20,5,82,32,5,105,30,중형,무형,바람,2,2,504,4
1701,SHELTER,Mistress of Shelter,,80,38000,29010,25110,1871,1971,22,63,12,67,34,167,157,120,중형,천사,성,3,2,432,20
1713,ACIDUS,Acidus,,80,51112,28043,8023,1289,2109,29,69,0,71,55,135,103,69,대형,드래곤,성,2,2,168,09
1757,G_ACIDUS,Acidus,,80,51112,0,0,1289,2109,39,69,0,71,55,135,103,69,대형,드래곤,성,2,2,168,4
1814,EVENT_MOON,Moonlight Flower,,80,30000,30000,30000,500,800,50,50,0,35,45,112,69,93,중형,동물,불,3,1,1276,21
1830,BOW_GUARDIAN,Bow Master,,80,80404,50149,23006,1840,2520,40,62,95,80,33,90,165,55,대형,인간형,무속성,4,12,76,26
1871,FALLINGBISHOP,Fallen Bishop Hibram,★MVP,80,3333333,1111111,1111111,3220,5040,50,0,0,80,15,126,120,20,중형,악마,어둠,2,1,432,21
1875,TRISTAN_3RD,Dead King,,80,43000,1,1,1366,1626,25,30,5,10,10,69,70,0,중형,언데드,불사,4,2,1816,21
1932,GARDEN_KEEPER,Garden Keeper,,80,100,0,0,1,2,100,99,0,0,0,0,0,0,소형,무형,땅,2,1,768,1
1950,B_B_GUARDIAN,Camp Guardian,,80,241212,0,0,1840,2520,40,62,95,80,5,90,165,55,대형,인간형,무속성,4,12,76,5
1995,PINGUICULA,Pinguicula,,80,13680,6840,3420,600,720,25,5,102,23,30,10,86,2,중형,식물,땅,3,1,700,13
1999,CENTIPEDE_LARVA,Centipede Larva,,80,12000,3600,4800,948,1115,20,20,80,33,15,3,75,10,소형,곤충,독,1,2,1000,21
2031,DANDELION_H,Dandelion,,80,120000,0,0,305,610,0,10,0,19,32,0,63,20,중형,인간형,어둠,2,1,1772,21
2071,HEADLESS_MULE,Headless Mule,,80,20065,6666,4111,903,960,33,44,68,51,50,35,67,20,대형,악마,불,3,1,1216,4
1039,BAPHOMET,Baphomet,★MVP,81,668000,107250,37895,3220,4040,35,45,0,152,30,85,120,95,대형,악마,어둠,3,2,768,21
1147,MAYA,Maya,★MVP,81,169000,42900,17875,1800,2070,60,25,95,97,76,95,82,105,대형,곤충,땅,4,1,864,21
1289,MAYA_PUPLE,Maya Purple,,81,55479,10496,3893,1447,2000,68,48,95,90,80,95,90,119,대형,곤충,땅,4,2,1024,21
1700,OBSERVATION,Dame of Sentinel,,81,65111,39872,33120,1666,2609,55,55,30,74,56,126,145,114,중형,천사,무속성,4,2,432,20
1754,SKEGGIOLD,Skeggiold,,81,295200,91100,10,1400,2020,12,24,80,100,50,72,90,50,소형,천사,성,2,1,672,21
1763,G_SKEGGIOLD,Skeggiold,,81,100200,0,0,1400,3410,12,24,80,100,50,72,90,50,소형,천사,성,2,1,672,4
1867,BANSHEE,Banshee,,81,35111,17000,12000,1666,2609,30,55,30,74,0,120,75,0,중형,악마,어둠,2,1,576,21
1868,G_BANSHEE,Banshee,,81,35111,0,0,1666,2609,30,55,30,74,0,120,120,0,중형,악마,어둠,2,1,576,21
1897,EVENT_BAPHOMET_,Baphomet,,81,668000,0,0,3220,4040,35,45,0,152,30,85,120,95,대형,악마,어둠,3,2,768,21
1933,GARDEN_WATCHER,Garden Watcher,,81,300000,0,0,1666,2609,55,55,30,74,56,126,145,114,중형,천사,무속성,4,1,432,21
1268,BLOODY_KNIGHT,Bloody Knight,,82,57870,10120,6820,2150,3030,60,50,88,75,70,77,125,55,대형,무형,어둠,4,3,828,21
1569,G_BLOODY_KNIGHT,Bloody Knight,,82,57870,0,0,2150,3030,60,50,88,75,70,77,125,55,대형,무형,어둠,4,3,828,21
1638,SHECIL,Cecil Damon,,82,58900,100000,118260,1226,1854,25,15,0,145,27,32,134,80,중형,인간형,바람,3,14,76,09
1673,DIMIK_4,Dimik,,82,13900,5800,4500,1840,2840,45,28,15,20,20,10,120,30,중형,무형,불,2,5,576,4
1723,A_SHECIL,Cecil Damon,,82,30000,0,0,600,900,25,15,0,145,27,32,134,80,중형,인간형,바람,3,14,1008,21
1785,ATROCE,Atroce,★MVP,82,1008420,295550,118895,2526,3646,25,25,100,87,30,49,89,72,대형,동물,어둠,3,2,576,21
1795,BLOODY_KNIGHT_,Bloody Knight,,82,800000,0,0,10000,30000,60,60,88,121,100,100,125,55,대형,천사,유령,1,3,828,21
1979,ZAKUDAM,Zakudam,,82,43699,27213,16300,2000,3227,30,30,65,65,35,75,80,15,대형,인간형,무속성,3,3,580,21
2008,WOOMAWANG,Woomawang,,82,4000000,100000,100000,8000,10000,40,40,60,110,200,250,166,66,대형,악마,유령,2,3,828,21
2009,WOOMAWANG_,Woomawang,,82,2000000,100000,100000,16000,20000,40,40,60,110,200,250,166,66,중형,악마,유령,2,1,414,21
2013,DRACO,Draco,,82,18300,6100,4100,410,710,10,5,0,23,30,34,62,2,중형,드래곤,땅,1,1,576,3
1636,HARWORD,Howard Alt-Eisen,,83,78690,100000,112540,1890,2390,59,10,90,62,99,35,98,66,중형,인간형,물,4,1,76,09
1706,THA_MAERO,Maero of Thanatos,,83,62000,56699,63880,2022,2288,29,72,100,176,30,200,122,29,중형,언데드,유령,4,2,160,21
1707,THA_DOLOR,Dolor of Thanatos,,83,59922,43200,51220,1392,2092,21,80,100,76,29,206,139,44,소형,언데드,유령,4,2,160,21
1711,G_THA_MAERO,Maero of Thanatos,,83,62000,10000,5000,2022,2288,29,72,100,176,30,200,122,29,중형,언데드,유령,4,2,160,20
1712,G_THA_DOLOR,Dolor of Thanatos,,83,59922,10000,5000,1392,2092,21,80,100,76,29,206,139,44,소형,언데드,유령,4,2,160,20
1755,SKEGGIOLD_,Skeggiold,,83,315200,99200,10,1600,2050,15,24,80,120,60,85,98,80,소형,천사,성,2,1,672,21
1764,G_SKEGGIOLD_,Skeggiold,,83,103000,0,0,1600,4110,15,24,80,120,60,85,98,80,소형,천사,성,2,1,672,4
2015,PINGUICULA_D,Dark Pinguicula,,83,8780,7740,5200,600,1450,15,5,0,23,22,12,89,2,중형,식물,독,2,1,1426,13
2016,AQUA_ELEMENTAL,Aqua Elemental,,83,33220,5430,15300,400,1600,8,12,0,23,19,87,77,2,대형,무형,물,4,1,504,09
1974,BANSHEE_MASTER,Banshee Master,,84,47222,30000,24000,2666,3609,20,40,30,74,0,180,105,0,중형,악마,어둠,2,2,676,20
1370,SUCCUBUS,Succubus,,85,16955,5357,4322,1268,1686,54,48,0,97,95,103,89,87,중형,악마,어둠,3,2,1306,21
1389,DRACULA,Dracula,★MVP,85,320096,120157,38870,1625,1890,45,76,0,95,90,87,85,100,대형,악마,어둠,4,3,1290,21
1530,G_DRACULA,Dracula,,85,320096,0,0,1625,1890,45,76,0,95,90,87,85,100,대형,악마,어둠,4,3,1290,21
1630,BACSOJIN_,White Lady,★MVP,85,253221,45250,16445,1868,6124,20,55,52,65,44,112,152,35,대형,인간형,바람,3,3,576,4
1689,G_BACSOJIN,White Lady,,85,253221,45250,16445,1868,6124,20,55,52,65,44,112,152,35,대형,인간형,바람,3,3,576,21
1833,KASA,Kasa,,85,80375,49000,38000,3030,3500,23,70,45,110,31,200,140,30,대형,무형,불,3,2,800,21
1835,G_KASA,Kasa,,85,80375,0,0,3030,3500,23,70,45,158,31,250,160,30,대형,무형,불,3,2,800,21
1885,GOPINICH,Gopinich,★MVP,85,299321,45250,16445,1868,6124,20,42,50,65,55,103,152,35,대형,동물,땅,3,3,1536,21
1890,GOPINICH_R,The Immortal Koshei,,85,299321,1000,1000,1868,6124,20,42,50,65,55,50,152,35,대형,동물,땅,3,3,1536,20
1980,KUBLIN,Kublin,★MVP,85,1176000,100000,100000,1180,1400,20,10,0,106,25,40,72,20,중형,인간형,땅,1,1,964,21
1982,I_ORC_ARCHER,Orc Sniper,,85,62000,1729,1787,1310,1390,10,5,0,44,25,20,125,20,중형,인간형,땅,1,9,1960,09
2020,RHYNCHO,Rhyncho,,85,18900,2040,6000,350,2300,5,19,0,56,12,35,89,10,중형,무형,물,3,1,576,13
2021,PHYLLA,Phylla,,85,23880,3040,6600,350,2550,8,22,0,59,15,25,99,10,중형,무형,물,3,10,360,5
1286,KNIGHT_GUARDIAN,Knight Guardian,,86,30214,1,1,1280,1560,55,30,110,40,140,65,125,65,대형,인간형,무속성,4,2,1200,12
1623,RSX_0806,RSX-0806,★MVP,86,560733,31010,32011,2740,5620,39,41,85,51,30,25,93,84,대형,무형,무속성,3,1,128,21
1829,SWORD_GUARDIAN,Sword Master,,86,152533,155013,122604,7590,9140,60,33,110,40,54,65,125,65,대형,인간형,무속성,4,2,140,21
1839,BYORGUE,Byorgue,,86,38133,19000,9500,1340,2590,20,13,25,80,12,30,70,10,중형,인간형,무속성,1,2,800,21
1899,SWORD_GUARDIAN_,Sword Guardian,,86,152533,0,0,7590,9140,60,33,110,40,54,65,125,65,대형,인간형,무속성,4,2,140,12
1949,B_S_GUARDIAN,Camp Guardian,,86,457599,0,0,7590,9140,60,33,110,40,5,65,125,65,대형,인간형,무속성,4,2,140,5
1978,HELL_APOCALIPS,Hell Apocalypse,,86,65433,46666,32000,5733,6073,62,23,0,48,30,98,110,85,대형,무형,무속성,3,2,1840,20
1635,EREMES,Eremes Guile,,87,60199,100000,99800,2020,2320,23,12,45,138,31,19,99,30,중형,악마,독,4,1,76,09
1983,I_ORC_SKELETON,Depraved Orc Spirit,,87,80087,4501,67,896,1159,14,30,0,31,41,93,67,30,중형,언데드,불사,1,1,2420,4
1511,AMON_RA,Amon Ra,★MVP,88,1214138,87264,35891,1647,2576,26,52,0,0,90,124,74,45,대형,인간형,땅,3,3,854,10
1626,G_DARK_PRIEST,Hellion Revenant,,88,286900,1,1,50,3150,25,50,0,80,50,99,130,99,중형,악마,불사,3,2,432,21
1674,MONEMUS,Monemus,,88,80000,0,0,2000,3000,54,25,0,0,90,24,144,45,대형,무형,불,3,5,1368,10
1705,THA_DESPERO,Despero of Thanatos,,88,86666,62001,51220,2182,3082,38,39,100,167,79,92,151,120,대형,언데드,유령,4,2,160,21
1710,G_THA_DESPERO,Despero of Thanatos,,88,86666,10000,5000,2182,3082,38,39,100,167,79,92,151,120,대형,언데드,유령,4,2,160,20
1870,NECROMANCER,Necromancer,,88,98000,45000,35000,3500,4000,0,40,0,50,0,190,166,10,중형,언데드,불사,4,1,1816,21
1981,I_HIGH_ORC,Safeguard Chief,,88,111111,3618,1639,428,533,15,5,55,46,55,35,82,40,대형,인간형,불,2,1,1500,21
1671,DIMIK_2,Dimik,,89,29000,8000,5000,1440,2280,45,28,15,40,30,30,150,70,중형,무형,물,2,5,576,4
1688,LADY_TANEE,Lady Tanee,★MVP,89,493000,64995,43222,450,2170,20,44,0,125,48,78,210,38,대형,식물,바람,3,14,576,10
1720,HYDRO,Hydrolancer,,89,308230,83450,2480,2554,3910,52,62,0,96,110,86,94,32,대형,드래곤,어둠,2,3,140,21
1756,G_HYDRO,Hydrolancer,,89,308230,0,0,2554,3910,52,62,0,96,110,86,94,32,대형,드래곤,어둠,2,3,140,4
1768,GLOOMUNDERNIGHT,Gloom Under Night,★MVP,89,2298000,962175,276445,5880,9516,10,20,100,115,98,78,111,50,대형,무형,유령,3,3,1344,21
1958,G_ENTWEIHEN_R,Thorny Skeleton,,89,5400000,0,0,4040,4720,44,66,0,35,33,180,125,30,소형,악마,어둠,4,12,432,27
1959,G_ENTWEIHEN_H,Thorn of Recovery,,89,350000,0,0,2040,2720,44,66,0,35,33,180,125,30,소형,악마,유령,4,12,2864,27
1960,G_ENTWEIHEN_M,Thorn of Magic,,89,5400000,0,0,2040,2720,44,66,0,35,33,180,125,30,소형,악마,어둠,4,12,1024,27
1961,G_ENTWEIHEN_S,Thorn of Purification,,89,5400000,0,0,2040,2720,44,66,0,35,33,180,125,30,소형,악마,어둠,4,12,2864,10
1288,EMPELIUM,Emperium,,90,68430,0,0,60,71,40,50,0,17,80,50,26,20,소형,천사,성,1,1,1288,
1637,MAGALETA,Margaretha Sorin,,90,61282,100000,117800,1300,2053,35,60,0,9,97,145,88,40,중형,인간형,성,3,1,1152,20
1719,DETALE,Detardeurus,★MVP,90,960000,291850,123304,4560,5548,66,59,100,90,30,136,140,56,대형,드래곤,어둠,3,3,432,21
1733,KIEL,Kiehl,,90,523000,36500,23405,1682,3311,28,32,100,112,76,89,156,102,중형,무형,어둠,2,3,1152,21
1734,KIEL_,Kiel D-01,★MVP,90,1523000,2356200,512602,3280,6560,28,32,100,130,30,160,199,180,중형,무형,어둠,2,3,1152,21
1846,DREAMMETAL,Dream Metal,,90,999,1,1,1,2,100,99,0,0,0,0,0,0,소형,무형,성,1,1,1288,
1907,S_EMPEL_1,Guardian Stone,,90,120000,0,0,1,2,40,50,0,0,0,0,0,0,소형,무형,무속성,1,0,1288,
1908,S_EMPEL_2,Guardian Stone,,90,120000,0,0,1,2,40,50,0,0,0,0,0,0,소형,무형,무속성,1,0,1288,
1909,OBJ_A,Food Storage,,90,250,0,0,1,2,100,99,0,0,0,0,0,0,대형,무형,무속성,1,0,1288,
1910,OBJ_B,Food Depot,,90,250,0,0,1,2,100,99,0,0,0,0,0,0,대형,무형,무속성,1,0,1288,
1911,OBJ_NEUTRAL,Neutrality Flag,,90,150,0,0,1,2,100,99,0,0,0,0,0,0,대형,무형,무속성,1,0,1288,
1912,OBJ_FLAG_A,Lion Flag,,90,150,0,0,1,2,100,99,0,0,0,0,0,0,대형,무형,무속성,1,0,1288,
1913,OBJ_FLAG_B,Eagle Flag,,90,150,0,0,1,2,100,99,0,0,0,0,0,0,대형,무형,무속성,1,0,1288,
1914,OBJ_A2,Blue Crystal,,90,250,0,0,1,2,100,99,0,0,0,0,0,0,대형,무형,무속성,1,0,1288,
1915,OBJ_B2,Pink Crystal,,90,250,0,0,1,2,100,99,0,0,0,0,0,0,대형,무형,무속성,1,0,1288,
1930,PIAMETTE,Piamette,,90,3000000,0,0,15000,20000,35,35,0,66,5,99,120,15,소형,인간형,무속성,1,2,432,21
1947,PIAMETTE_,Piamette,,90,500000,0,0,5000,6000,35,35,0,66,5,99,120,15,소형,인간형,무속성,1,2,432,21
1957,ENTWEIHEN,Entweihen Crothen,,90,5400000,2700000,1350000,32000,40000,44,66,0,70,40,250,220,30,중형,악마,어둠,4,12,140,10
2026,DANDELION_,Runaway Dandelion Member,,90,552000,50000,25000,3050,4300,25,35,0,66,66,45,88,66,중형,인간형,어둠,1,1,1772,21
2030,HIDEN_PRIEST,Hiden Priest,,90,240000,0,0,1300,1983,0,30,0,32,40,100,82,40,대형,악마,불사,4,2,432,21
1634,SEYREN,Seyren Windsor,,91,88402,100000,116460,2100,2530,63,12,90,89,72,20,99,25,중형,악마,불,3,1,76,09
1831,SALAMANDER,Salamander,,91,97934,72000,55000,7590,10860,65,50,90,55,44,45,180,25,대형,무형,불,3,2,140,21
1834,G_SALAMANDER,Salamander,,91,97934,0,0,9590,12860,65,60,90,55,44,45,180,25,대형,무형,불,3,2,140,21
1895,EVENT_SEYREN,Seyren Windsor,,91,88402,0,0,2100,2530,63,12,90,89,72,20,99,25,중형,악마,불,3,1,76,20
1639,KATRINN,Kathryne Keyron,,92,47280,100000,116470,497,1697,10,74,0,5,77,180,110,39,중형,인간형,유령,3,1,1152,20
1704,THA_ODIUM,Odium of Thanatos,,92,72389,88420,63880,2100,2800,68,30,100,52,165,62,185,90,대형,언데드,유령,4,9,432,21
1709,G_THA_ODIUM,Odium of Thanatos,,92,72389,10000,5000,2100,2800,68,30,100,52,165,62,185,90,대형,언데드,유령,4,9,115,20
1896,EVENT_KATRINN,Kathryne Keyron,,92,47280,0,0,497,1697,10,74,0,5,77,180,110,39,중형,인간형,유령,3,1,1152,20
1157,PHARAOH,Pharaoh,★MVP,93,445997,114990,41899,2267,3015,67,70,0,93,100,104,89,112,대형,인간형,어둠,3,1,868,21
2068,BOITATA,Boitata,★MVP,93,1283990,74288,77950,3304,4266,32,66,140,99,30,109,100,90,대형,동물,불,3,2,1152,21
1373,LORD_OF_DEATH,Lord of the Dead,★MVP,94,603383,131343,43345,3430,4232,77,73,0,99,30,109,100,106,대형,악마,어둠,3,3,1446,21
1920,MOROCC_3,Incarnation of Morocc,,96,143000,50000,80000,3400,5000,15,37,40,200,20,60,100,37,중형,악마,불사,3,2,212,21
1924,G_MOROCC_3,Incarnation of Morocc,,96,1200000,0,0,16000,16001,15,37,40,200,20,60,100,37,중형,악마,불사,3,2,212,21
1312,TURTLE_GENERAL,Turtle General,★MVP,97,320700,18202,9800,2438,3478,50,54,100,45,55,65,105,164,대형,동물,땅,2,2,900,21
1685,APOCALIPS_H,Vesper,★MVP,97,640700,200000,100000,4000,10000,50,54,100,50,30,70,160,150,대형,동물,성,2,3,504,21
1918,MOROCC_1,Incarnation of Morocc,,97,190000,61000,140000,7000,8600,20,35,150,152,30,180,186,70,대형,천사,어둠,1,1,576,21
1919,MOROCC_2,Incarnation of Morocc,,97,190000,65000,120000,3500,5100,20,5,120,83,20,10,166,50,중형,악마,어둠,3,1,576,21
1922,G_MOROCC_1,Incarnation of Morocc,,97,1200000,0,0,16000,16001,20,35,150,152,30,180,186,70,대형,천사,어둠,1,1,576,21
1923,G_MOROCC_2,Incarnation of Morocc,,97,1200000,0,0,16000,16001,20,5,120,83,20,10,166,50,중형,악마,어둠,3,1,576,21
1732,G_TREASURE_BOX,Treasure Chest,,98,0,0,0,0,0,0,0,0,0,0,0,999,0,소형,무형,무속성,1,0,0,
1779,KTULLANUX,Ktullanux,★MVP,98,4417000,2720050,1120020,1680,10360,40,42,85,126,30,125,177,112,대형,동물,물,4,3,432,21
1845,G_TREASURE_BOX_,Treasure Box,,98,0,0,0,0,0,0,0,0,0,0,0,999,0,소형,무형,무속성,1,0,0,
1847,EVENT_PORING,Poring,,98,10000000,1000000,1000000,15000,20000,60,60,0,60,120,120,160,30,중형,천사,유령,1,1,76,21
1873,BEELZEBUB,Beelzebub,,98,6666666,0,0,4100,4960,40,35,6,110,200,250,120,66,소형,악마,유령,4,1,100,21
1874,BEELZEBUB_,Beelzebub,★MVP,98,6666666,6666666,6666666,10000,13410,40,40,6,110,200,250,166,66,대형,악마,유령,4,2,212,21
1905,BARRICADE,Barricade,,98,120000,0,0,0,0,0,0,0,17,0,80,126,20,대형,무형,무속성,1,1,1288,
1906,BARRICADE_,Barricade,,98,150,0,0,0,0,100,99,0,17,0,80,126,20,대형,무형,무속성,1,1,1288,
1921,MOROCC_4,Incarnation of Morocc,,98,150000,51000,70000,3000,4025,18,54,60,60,30,220,125,20,중형,악마,유령,3,1,1536,21
1925,G_MOROCC_4,Incarnation of Morocc,,98,1200000,0,0,16000,16001,18,54,60,60,30,220,125,20,중형,악마,유령,3,1,1536,21
1929,BAPHOMET_I,Great Demon Baphomet,,98,4520000,4520000,2520000,16000,16001,35,45,0,152,5,85,200,95,대형,악마,어둠,3,2,768,21
1931,WISH_MAIDEN,Wish Maiden,,98,3567200,0,0,32000,32001,25,42,100,120,30,120,220,210,대형,천사,유령,1,3,576,21
1934,BLUE_FLOWER,Blue Flower,,98,10000,0,0,1,2,100,99,0,0,0,0,0,0,중형,식물,땅,1,0,768,
1935,RED_FLOWER,Red Flower,,98,10000,0,0,1,2,100,99,0,0,0,0,0,0,중형,식물,땅,1,0,768,
1936,YELL_FLOWER,Yellow Flower,,98,10000,0,0,1,2,100,99,0,0,0,0,0,0,중형,식물,땅,1,0,768,
1324,TREASURE_BOX1,Treasure Chest,,99,0,0,0,0,0,0,0,0,0,0,0,999,0,소형,무형,무속성,1,0,0,
1325,TREASURE_BOX2,Treasure Chest,,99,0,0,0,0,0,0,0,0,0,0,0,999,0,소형,무형,무속성,1,0,0,
1326,TREASURE_BOX3,Treasure Chest,,99,0,0,0,0,0,0,0,0,0,0,0,999,0,소형,무형,무속성,1,0,0,
1327,TREASURE_BOX4,Treasure Chest,,99,0,0,0,0,0,0,0,0,0,0,0,999,0,소형,무형,무속성,1,0,0,
1328,TREASURE_BOX5,Treasure Chest,,99,0,0,0,0,0,0,0,0,0,0,0,999,0,소형,무형,무속성,1,0,0,
1329,TREASURE_BOX6,Treasure Chest,,99,0,0,0,0,0,0,0,0,0,0,0,999,0,소형,무형,무속성,1,0,0,
1330,TREASURE_BOX7,Treasure Chest,,99,0,0,0,0,0,0,0,0,0,0,0,999,0,소형,무형,무속성,1,0,0,
1331,TREASURE_BOX8,Treasure Chest,,99,0,0,0,0,0,0,0,0,0,0,0,999,0,소형,무형,무속성,1,0,0,
1332,TREASURE_BOX9,Treasure Chest,,99,0,0,0,0,0,0,0,0,0,0,0,999,0,소형,무형,무속성,1,0,0,
1333,TREASURE_BOX10,Treasure Chest,,99,0,0,0,0,0,0,0,0,0,0,0,999,0,소형,무형,무속성,1,0,0,
1334,TREASURE_BOX11,Treasure Chest,,99,0,0,0,0,0,0,0,0,0,0,0,999,0,소형,무형,무속성,1,0,0,
1335,TREASURE_BOX12,Treasure Chest,,99,0,0,0,0,0,0,0,0,0,0,0,999,0,소형,무형,무속성,1,0,0,
1336,TREASURE_BOX13,Treasure Chest,,99,0,0,0,0,0,0,0,0,0,0,0,999,0,소형,무형,무속성,1,0,0,
1337,TREASURE_BOX14,Treasure Chest,,99,0,0,0,0,0,0,0,0,0,0,0,999,0,소형,무형,무속성,1,0,0,
1338,TREASURE_BOX15,Treasure Chest,,99,0,0,0,0,0,0,0,0,0,0,0,999,0,소형,무형,무속성,1,0,0,
1339,TREASURE_BOX16,Treasure Chest,,99,0,0,0,0,0,0,0,0,0,0,0,999,0,소형,무형,무속성,1,0,0,
1340,TREASURE_BOX17,Treasure Chest,,99,0,0,0,0,0,0,0,0,0,0,0,999,0,소형,무형,무속성,1,0,0,
1341,TREASURE_BOX18,Treasure Chest,,99,0,0,0,0,0,0,0,0,0,0,0,999,0,소형,무형,무속성,1,0,0,
1342,TREASURE_BOX19,Treasure Chest,,99,0,0,0,0,0,0,0,0,0,0,0,999,0,소형,무형,무속성,1,0,0,
1343,TREASURE_BOX20,Treasure Chest,,99,0,0,0,0,0,0,0,0,0,0,0,999,0,소형,무형,무속성,1,0,0,
1344,TREASURE_BOX21,Treasure Chest,,99,0,0,0,0,0,0,0,0,0,0,0,999,0,소형,무형,무속성,1,0,0,
1345,TREASURE_BOX22,Treasure Chest,,99,0,0,0,0,0,0,0,0,0,0,0,999,0,소형,무형,무속성,1,0,0,
1346,TREASURE_BOX23,Treasure Chest,,99,0,0,0,0,0,0,0,0,0,0,0,999,0,소형,무형,무속성,1,0,0,
1347,TREASURE_BOX24,Treasure Chest,,99,0,0,0,0,0,0,0,0,0,0,0,999,0,소형,무형,무속성,1,0,0,
1348,TREASURE_BOX25,Treasure Chest,,99,0,0,0,0,0,0,0,0,0,0,0,999,0,소형,무형,무속성,1,0,0,
1349,TREASURE_BOX26,Treasure Chest,,99,0,0,0,0,0,0,0,0,0,0,0,999,0,소형,무형,무속성,1,0,0,
1350,TREASURE_BOX27,Treasure Chest,,99,0,0,0,0,0,0,0,0,0,0,0,999,0,소형,무형,무속성,1,0,0,
1351,TREASURE_BOX28,Treasure Chest,,99,0,0,0,0,0,0,0,0,0,0,0,999,0,소형,무형,무속성,1,0,0,
1352,TREASURE_BOX29,Treasure Chest,,99,0,0,0,0,0,0,0,0,0,0,0,999,0,소형,무형,무속성,1,0,0,
1353,TREASURE_BOX30,Treasure Chest,,99,0,0,0,0,0,0,0,0,0,0,0,999,0,소형,무형,무속성,1,0,0,
1354,TREASURE_BOX31,Treasure Chest,,99,0,0,0,0,0,0,0,0,0,0,0,999,0,소형,무형,무속성,1,0,0,
1355,TREASURE_BOX32,Treasure Chest,,99,0,0,0,0,0,0,0,0,0,0,0,999,0,소형,무형,무속성,1,0,0,
1356,TREASURE_BOX33,Treasure Chest,,99,0,0,0,0,0,0,0,0,0,0,0,999,0,소형,무형,무속성,1,0,0,
1357,TREASURE_BOX34,Treasure Chest,,99,0,0,0,0,0,0,0,0,0,0,0,999,0,소형,무형,무속성,1,0,0,
1358,TREASURE_BOX35,Treasure Chest,,99,0,0,0,0,0,0,0,0,0,0,0,999,0,소형,무형,무속성,1,0,0,
1359,TREASURE_BOX36,Treasure Chest,,99,0,0,0,0,0,0,0,0,0,0,0,999,0,소형,무형,무속성,1,0,0,
1360,TREASURE_BOX37,Treasure Chest,,99,0,0,0,0,0,0,0,0,0,0,0,999,0,소형,무형,무속성,1,0,0,
1361,TREASURE_BOX38,Treasure Chest,,99,0,0,0,0,0,0,0,0,0,0,0,999,0,소형,무형,무속성,1,0,0,
1362,TREASURE_BOX39,Treasure Chest,,99,0,0,0,0,0,0,0,0,0,0,0,999,0,소형,무형,무속성,1,0,0,
1363,TREASURE_BOX40,Treasure Chest,,99,0,0,0,0,0,0,0,0,0,0,0,999,0,소형,무형,무속성,1,0,0,
1502,PORING_V,Bring it on!,★MVP,99,95000000,87250,27895,10000,30000,0,10,100,100,65,100,255,255,중형,식물,독,1,1,1672,4
1640,G_SEYREN,Lord Knight Seyren,,99,347590,18000,10000,4238,5040,72,37,120,110,81,65,130,52,중형,인간형,불,4,1,76,21
1641,G_EREMES,Assassin Cross Eremes,,99,211230,18000,10000,3189,5289,27,39,90,181,62,37,122,60,중형,인간형,독,4,1,76,21
1642,G_HARWORD,Whitesmith Howard,,99,310000,18000,10000,4822,5033,66,36,100,73,112,35,136,60,중형,인간형,물,4,1,76,21
1643,G_MAGALETA,High Priest Margaretha,,99,182910,18000,10000,1688,2580,35,78,0,84,64,182,92,100,중형,인간형,성,4,1,1152,21
1644,G_SHECIL,Sniper Cecil,,99,209000,18000,10000,1892,5113,22,35,0,180,39,67,193,130,중형,인간형,바람,4,14,76,21
1645,G_KATRINN,High Wizard Kathryne,,99,189920,18000,10000,497,2094,10,88,0,89,42,223,128,93,중형,인간형,유령,3,1,1152,21
1646,B_SEYREN,Lord Knight Seyren,★MVP,99,1647590,4835600,1569970,7238,11040,72,37,120,110,81,65,130,52,중형,인간형,불,4,1,76,21
1647,B_EREMES,Assassin Cross Eremes,★MVP,99,1411230,4083400,1592380,4189,8289,37,39,90,181,62,37,122,60,중형,인간형,독,4,1,76,21
1648,B_HARWORD,Whitesmith Howard,★MVP,99,1460000,4002340,1421000,7822,8251,66,36,100,73,112,35,136,60,중형,인간형,땅,4,1,76,21
1649,B_MAGALETA,High Priest Margaretha,★MVP,99,1092910,4257000,1318800,4688,5580,35,78,0,84,64,182,92,100,중형,인간형,성,4,1,1152,21
1650,B_SHECIL,Sniper Cecil,★MVP,99,1349000,4093000,1526000,4892,9113,22,35,0,180,39,67,193,130,중형,인간형,바람,4,14,76,21
1651,B_KATRINN,High Wizard Kathryne,★MVP,99,1069920,4008200,1636700,1197,4394,10,88,0,89,42,223,128,93,중형,인간형,유령,3,1,1152,21
1708,THANATOS,Memory of Thanatos,★MVP,99,445660,3666000,2145060,3812,7483,35,35,100,108,30,86,147,32,대형,악마,유령,4,3,115,21
1722,EVENT_JAKK,Jakk,,99,10310,103,100,115,182,5,11,0,28,18,13,35,45,중형,무형,불,2,1,1180,1
1751,RANDGRIS,Valkyrie Randgris,★MVP,99,3567200,2854900,3114520,5560,9980,25,42,100,120,30,120,220,210,대형,천사,성,4,3,576,21
1765,G_RANDGRIS,Valkyrie,,99,1567200,10000,10000,5560,9980,25,42,100,120,80,120,220,210,대형,천사,성,4,3,576,21
1766,EM_ANGELING,Angeling,★MVP,99,128430,0,0,60,71,40,50,0,17,80,80,126,20,소형,천사,성,3,1,1288,21
1767,EM_DEVILING,Deviling,★MVP,99,128430,0,0,60,71,40,50,0,17,80,80,126,20,소형,천사,성,3,1,1288,21
1798,TREASURE_BOX_,Treasure Chest,,99,0,0,0,0,0,0,0,0,0,0,0,999,0,소형,무형,무속성,1,0,0,
1799,G_SEYREN_,Lord Knight Seyren,,99,347590,18000,10000,4238,5040,72,37,120,110,81,65,130,52,중형,인간형,불,4,1,76,21
1800,G_EREMES_,Assassin Cross Eremes,,99,211230,18000,10000,3189,5289,27,39,90,181,62,37,122,60,중형,인간형,독,4,1,76,21
1801,G_HARWORD_,Mastersmith Howard,,99,310000,18000,10000,4822,5033,66,36,100,73,112,35,136,60,중형,인간형,물,4,1,76,21
1802,G_MAGALETA_,High Priest Margaretha,,99,182910,18000,10000,1688,2580,35,78,0,84,64,182,92,100,중형,인간형,성,4,1,1152,21
1803,G_SHECIL_,Sniper Cecil,,99,209000,18000,10000,1892,5113,22,35,0,180,39,67,193,130,중형,인간형,바람,4,14,76,20
1804,G_KATRINN_,High Wizard Kathryne,,99,189920,18000,10000,497,2094,10,88,0,89,42,223,128,93,중형,인간형,유령,3,1,1152,21
1805,B_SEYREN_,Lord Knight Seyren,,99,1647590,4835600,1569970,7238,11040,72,37,120,110,81,65,130,52,중형,인간형,불,4,1,76,21
1806,B_EREMES_,Assassin Cross Eremes,,99,1411230,4083400,1592380,4189,8289,37,39,90,181,62,37,122,60,중형,인간형,독,4,1,76,21
1807,B_HARWORD_,Mastersmith Howard,,99,1460000,4002340,1421000,7822,8251,66,36,100,73,112,35,136,60,중형,인간형,땅,4,1,76,21
1808,B_MAGALETA_,High Priest Margaretha,,99,1092910,4257000,1318800,4688,5580,35,78,0,84,64,182,92,100,중형,인간형,성,4,1,1152,21
1809,B_SHECIL_,Sniper Cecil,,99,1349000,4093000,1526000,4892,9113,22,35,0,180,39,67,193,130,중형,인간형,바람,4,14,76,21
1810,B_KATRINN_,High Wizard Kathryne,,99,1069920,4008200,1636700,1197,4394,10,88,0,89,42,223,128,93,중형,인간형,유령,3,1,1152,21
1812,EVENT_LUDE,Delightful Lude,,99,15,0,0,0,0,100,99,0,0,0,0,999,0,소형,무형,무속성,1,0,890,
1813,EVENT_HYDRO,Hydrolancer,,99,1880000,4000000,2000000,15000,47767,60,55,0,142,200,250,189,32,대형,천사,유령,1,3,972,21
1817,EVENT_DETALE,Detarderous,,99,8880000,4500000,2500000,32767,65534,65,65,0,142,200,250,189,50,대형,천사,유령,2,3,972,21
1832,IFRIT,Ifrit,★MVP,99,7700000,3154321,3114520,13530,17000,40,50,120,180,25,190,199,50,대형,무형,불,4,3,212,21
1840,GOLDEN_SAVAGE,Golden Savage,,99,500,1,1,500,700,100,99,0,0,0,50,120,0,대형,동물,땅,2,1,1960,1
1852,G_EM_ANGELING,Angeling,,99,120,0,0,60,71,100,99,0,17,80,80,126,20,소형,천사,성,3,1,1288,21
1853,G_EM_DEVILING,Deviling,,99,120,0,0,60,71,100,99,0,17,80,80,126,20,소형,천사,성,3,1,1288,21
1876,E_LORD_OF_DEATH,Lord of the Dead,,99,99000000,131343,43345,3430,4232,75,73,120,120,120,169,150,106,대형,악마,어둠,3,3,1446,21
1891,G_RANDGRIS_,Valkyrie,,99,1567200,0,0,5560,9980,25,42,100,120,80,120,220,210,대형,천사,성,4,3,576,21
1902,E_TREASURE1,Treasure Box,,99,49,0,0,0,0,100,0,0,0,0,0,999,0,소형,무형,성,1,0,0,
1903,E_TREASURE2,Treasure Box,,99,49,0,0,0,0,100,0,0,0,0,0,999,0,소형,무형,성,1,0,0,
1916,MOROCC,Satan Morocc,,99,8388607,6700000,4500000,32000,32001,29,65,140,160,30,250,180,50,대형,악마,어둠,4,2,76,21
1917,MOROCC_,Wounded Morocc,★MVP,99,8388607,3600000,3000000,15000,18000,29,65,140,160,30,250,180,40,대형,악마,어둠,4,2,576,21
1938,TREASURE_BOX41,Treasure Chest,,99,0,0,0,0,0,0,0,0,0,0,0,999,0,소형,무형,무속성,1,0,0,
1939,TREASURE_BOX42,Treasure Chest,,99,0,0,0,0,0,0,0,0,0,0,0,999,0,소형,무형,무속성,1,0,0,
1940,TREASURE_BOX43,Treasure Chest,,99,0,0,0,0,0,0,0,0,0,0,0,999,0,소형,무형,무속성,1,0,0,
1941,TREASURE_BOX44,Treasure Chest,,99,0,0,0,0,0,0,0,0,0,0,0,999,0,소형,무형,무속성,1,0,0,
1942,TREASURE_BOX45,Treasure Chest,,99,0,0,0,0,0,0,0,0,0,0,0,999,0,소형,무형,무속성,1,0,0,
1943,TREASURE_BOX46,Treasure Chest,,99,0,0,0,0,0,0,0,0,0,0,0,999,0,소형,무형,무속성,1,0,0,
1944,TREASURE_BOX47,Treasure Chest,,99,0,0,0,0,0,0,0,0,0,0,0,999,0,소형,무형,무속성,1,0,0,
1945,TREASURE_BOX48,Treasure Chest,,99,0,0,0,0,0,0,0,0,0,0,0,999,0,소형,무형,무속성,1,0,0,
1946,TREASURE_BOX49,Treasure Chest,,99,0,0,0,0,0,0,0,0,0,0,0,999,0,소형,무형,무속성,1,0,0,
1955,TREASURE_BOX_I,Treasure Chest,,99,0,0,0,0,0,0,0,0,0,0,0,999,0,소형,무형,무속성,1,0,0,
1956,NAGHT_SIEGER,Naght Sieger,,99,8000000,4000000,2000000,32000,64000,60,40,0,50,80,220,220,30,대형,악마,유령,4,2,76,21
2047,W_NAGA,Naga,,99,46708,0,0,492,605,61,15,113,42,30,18,122,13,대형,동물,땅,2,3,400,21
2049,W_BRADIUM_GOLEM,Bradium Golem,,99,45200,0,0,720,886,125,18,0,10,82,2,60,12,대형,무형,땅,2,1,1008,4
2042,SILVERSNIPER,Silver Sniper,,100,4500,0,0,300,300,80,10,10,60,10,10,100,10,중형,무형,무속성,1,9,504,10
2043,MAGICDECOY_FIRE,Magic Decoy,,100,2500,0,0,150,150,16,60,10,10,10,100,50,10,중형,무형,불,1,7,504,6
2044,MAGICDECOY_WATER,Magic Decoy,,100,2500,0,0,150,150,16,60,10,10,10,100,50,10,중형,무형,물,1,7,504,6
2045,MAGICDECOY_EARTH,Magic Decoy,,100,2500,0,0,150,150,16,60,10,10,10,100,50,10,중형,무형,땅,1,7,504,6
2046,MAGICDECOY_WIND,Magic Decoy,,100,2500,0,0,150,150,16,60,10,10,10,100,50,10,중형,무형,바람,1,7,504,6
2024,BRADIUM_GOLEM,Bradium Golem,,101,45200,14000,18920,12000,13000,78,22,0,10,82,25,60,12,대형,무형,땅,2,1,1008,20
2019,ANCIENT_TREE,Ancient Tree,,102,30030,11020,8900,13200,17400,39,43,0,30,73,58,45,30,대형,식물,땅,3,1,504,13
1994,LUCIOLA_VESPA,Luciola Vespa,,104,32600,16300,11410,9000,9900,29,5,104,56,30,20,116,4,중형,곤충,바람,1,1,1000,08
1989,HILLSRION,Hillslion,,105,34600,20760,12110,5000,5500,28,15,105,60,30,15,115,5,소형,동물,땅,1,1,400,13
1998,G_HILLSRION,Hillslion,,105,34600,0,0,5000,5500,28,15,105,60,30,15,115,5,소형,동물,땅,1,1,400,13
2076,S_WIND_GHOST,Shadow of Deception,,105,190800,0,0,462,957,64,51,62,44,25,105,85,20,중형,악마,바람,3,1,1056,21
2077,S_SKOGUL,Shadow of Illusion,,105,244400,0,0,910,1166,72,15,100,88,63,99,95,37,중형,악마,어둠,3,1,720,20
2078,S_SUCCUBUS,Shadow of Pleasure,,105,206660,0,0,880,1204,76,48,100,70,45,110,102,85,중형,악마,어둠,3,1,1306,21
1986,TATACHO,Tatacho,,106,39500,23700,13825,10000,11000,20,17,106,40,30,25,115,6,중형,동물,땅,1,2,1000,7
1997,G_TATACHO,Tatacho,,106,39500,0,0,10000,11000,20,17,106,40,30,25,115,6,중형,동물,땅,1,2,1000,7
2017,RATA,Rata,,107,216600,70012,34000,8000,15000,32,52,0,51,22,132,99,15,중형,인간형,땅,3,1,792,20
2018,DUNEYRR,Duneyrr,,107,265100,83030,52000,16000,19000,39,35,0,60,45,89,105,15,중형,인간형,땅,3,1,672,20
1992,CORNUS,Cornus,,108,41220,30854,4427,12000,13000,35,80,110,45,80,200,105,10,중형,동물,성,3,2,1000,3
1987,CENTIPEDE,Centipede,,110,45662,27397,15982,15000,16000,40,25,112,43,30,5,131,12,중형,곤충,독,2,2,1000,21
1993,NAGA,Naga,,111,46708,30360,16348,8000,8800,38,15,113,42,30,108,122,13,대형,동물,땅,2,3,400,21
1991,TENDRILRION,Tendrilion,,113,3657330,731466,365733,20000,24000,33,30,113,60,0,45,147,13,중형,동물,땅,2,2,500,21
2023,DARK_SHADOW,Dark Shadow,,114,42900,21000,14000,10000,15000,35,44,0,23,12,145,102,60,소형,무형,어둠,2,1,768,09
2027,G_DARK_SHADOW,Dark Shadow,,114,42900,0,0,10000,15000,35,44,0,23,12,145,102,60,소형,무형,어둠,2,1,768,21
1990,HARDROCK_MOMMOTH,Hardrock Mammoth,,115,4137000,827400,413700,30000,36000,50,60,115,35,0,30,150,15,대형,동물,땅,3,2,1000,21
2022,S_NYDHOG,Nidhoggr's Shadow,★MVP,117,3450000,4800000,3900000,17000,49000,60,75,0,34,62,236,188,34,대형,드래곤,어둠,4,2,1596,21
