ID,이름(영),슬롯,한글이름
2301,Cotton Shirt,갑옷,코튼셔츠
2302,Cotton Shirt,갑옷,코튼셔츠_
2303,Jacket,갑옷,가죽재킷
2304,Jacket,갑옷,가죽재킷_
2305,Adventurer's Suit,갑옷,어드밴쳐슈츠
2306,Adventurer's Suit,갑옷,어드밴쳐슈츠_
2307,Mantle,갑옷,맨틀
2308,Mantle,갑옷,맨틀_
2309,Coat,갑옷,롱코트
2310,Coat,갑옷,롱코트_
2312,Padded Armor,갑옷,아머
2313,Padded Armor,갑옷,아머_
2314,Chain Mail,갑옷,메일
2315,Chain Mail,갑옷,메일_
2320,Formal Suit,갑옷,포멀드레스
2321,Silk Robe,갑옷,실크로브
2322,Silk Robe,갑옷,실크로브_
2323,Scapulare,갑옷,스캐퓰러
2324,Scapulare,갑옷,스캐퓰러_
2325,Saint's Robe,갑옷,세인트로브
2326,Saint's Robe,갑옷,세인트로브_
2328,Wooden Mail,갑옷,우든메일
2329,Wooden Mail,갑옷,우든메일_
2332,Silver Robe,갑옷,실버로브
2333,Silver Robe,갑옷,실버로브_
2335,Thief Clothes,갑옷,씨프클로스
2336,Thief Clothes,갑옷,씨프클로스_
2338,Wedding Dress,갑옷,웨딩드레스
2339,Pantie,갑옷,삼각팬티
2352,Tattered Novice Ninja Suit,갑옷,초보자용갑옷
2368,Golden Armor,갑옷,황금갑옷
2369,Freyja Overcoat,갑옷,프레이야의외투
2370,Used Mage Coat,갑옷,유성매직코트
2371,Pantie,갑옷,삼각팬티_
2384,Spiritual Tunic,갑옷,스피리츄얼튜닉
2385,Recuperative Armor,갑옷,리큐퍼레이티브아머
2392,Old Green Pantie,갑옷,오래된팬티
2393,Novice Adventurer's Suit,갑옷,초보어드밴쳐슈츠
2396,Glorious Mass-Production Suit,갑옷,크리거슈트3
2397,Incredible Event Resignation Coat,갑옷,인크레디블외투
2399,Dragon Vest,갑옷,드래곤베스트
15001,Odin's Blessing,갑옷,오딘의축복_I
2357,Valkyrian Armor,갑옷,발키리의갑옷
2358,Angel's Dress,갑옷,천사의예복
2340,Novice Breastplate,갑옷,초보자용흉갑
2311,Mink Coat,갑옷,밍크코트
2316,Full Plate,갑옷,플레이트
2317,Full Plate,갑옷,플레이트_
2355,Angelic Protection,갑옷,천사의가호
2330,Tights,갑옷,타이즈
2331,Tights,갑옷,타이즈_
2344,Lucius's Fierce Armor of Volcano,갑옷,불의갑옷
2345,Lucius's Fierce Armor of Volcano,갑옷,불의갑옷_
2346,Saphien's Armor of Ocean,갑옷,물의갑옷
2347,Saphien's Armor of Ocean,갑옷,물의갑옷_
2348,Aebecee's Raging Typhoon Armor,갑옷,바람의갑옷
2349,Aebecee's Raging Typhoon Armor,갑옷,바람의갑옷_
2350,Claytos Cracking Earth Armor,갑옷,땅의갑옷
2351,Claytos Cracking Earth Armor,갑옷,땅의갑옷_
2334,Mage Coat,갑옷,매직코트
2337,Ninja Suit,갑옷,닌자슈츠
2359,Ninja Suit,갑옷,닌자슈츠_
2367,Sniping Suit,갑옷,스나이핑슈츠
2372,Mage Coat,갑옷,매직코트_
2398,Sniping Suit,갑옷,스나이핑슈츠_M
2354,Goibne's Armor,갑옷,게브네이의갑옷
2364,Meteo Plate Armor,갑옷,메테오플레이트
2365,Orleans's Gown,갑옷,오를레앙의제복
2366,Divine Cloth,갑옷,디바인클로스
2374,Diabolus Robe,갑옷,마왕의로브
2375,Diabolus Armor,갑옷,마왕의아머
2319,Glittering Jacket,갑옷,글리터링클로스
2327,Holy Robe,갑옷,홀리로브
2373,Holy Robe,갑옷,홀리로브_
2395,Glorious Popularized Suit,갑옷,크리거슈트2
2353,Odin's Blessing,갑옷,오딘의축복
2318,Lord's Clothes,갑옷,로드클로스
2341,Legion Plate Armor,갑옷,풀플레이트아머
2342,Legion Plate Armor,갑옷,풀플레이트아머_
2356,Blessed Holy Robe,갑옷,은혜의성의
2386,Chameleon Armor,갑옷,카멜레온아머
2387,Sprint Mail,갑옷,스프린트메일
2388,Kandura,갑옷,칸두라
2389,Armor of Naga,갑옷,나가의비늘갑옷
2343,Robe of Cast,갑옷,캐스팅의로브
2360,Robe of Cast,갑옷,캐스팅의로브_
2390,Improved Tights,갑옷,개량형타이즈
2376,Assaulter Plate,갑옷,돌격대장플레이트
2377,Elite Engineer Armor,갑옷,정예공병의갑옷
2378,Assassin Robe,갑옷,암살자의로브
2379,Warlock's Battle Robe,갑옷,워락의전투로브
2380,Medic's Robe,갑옷,위생병의로브
2381,Elite Archer Suit,갑옷,정예궁병의슈츠
2382,Elite Shooter Suit,갑옷,정예사수의슈츠
2394,Glorious Suit,갑옷,크리거슈트1
2391,Life Link,갑옷,라이프링크
15000,Bone Plate,갑옷,본플레이트
2383,Brynhild,갑옷,브륀힐트
2101,Guard,방패,가드
2102,Guard,방패,가드_
2103,Buckler,방패,버클러
2104,Buckler,방패,버클러_
2105,Shield,방패,쉴드
2106,Shield,방패,쉴드_
2107,Mirror Shield,방패,미러쉴드
2108,Mirror Shield,방패,미러쉴드_
2109,Memory Book,방패,메모라이즈북
2112,Novice Guard,방패,초보자용가드
2121,Memory Book,방패,메모라이즈북_
2127,Secular Mission,방패,슬리퍼의사자
2132,Shell Of Resistance,방패,쉘터레지스턴스
2136,Cracked Buckler,방패,흠집난버클러
2199,Ahura Mazdah,방패,아후라마즈다
2116,Angelic Guard,방패,천사의보호
2117,Arm Guard,방패,팔목토시
2118,Arm Guard,방패,팔목토시_
2113,Novice Shield,방패,초보자용쉴드
2119,Advanced Arm Guard,방패,팔목토시개량
2120,Advanced Arm Guard,방패,팔목토시개량_
2129,Exorcism Bible,방패,구마의성서
2133,Tournament Shield,방패,토너먼트쉴드
2123,Orleans's Server,방패,오를레앙의서버
2124,Thorny Buckler,방패,가시방패
2114,Stone Buckler,방패,스톤버클러
2115,Valkyrja's Shield,방패,발키리아쉴드
2138,Bradium Shield,방패,브라디움방패
2110,Holy Guard,방패,홀리가드
2122,Platinum Shield,방패,플래티넘쉴드
2131,Magic Bible Vol1,방패,마력의서제1권
2134,Shield of Naga,방패,나가의비늘방패
2135,Shadow Guard,방패,쉐도우가드
2125,Strong Shield,방패,스트롱쉴드
2126,Guyak Shield,방패,구약방패
2130,Cross Shield,방패,크로스쉴드
2111,Sacred Mission,방패,신의사자
2128,Sacred Mission,방패,신의사자_
2137,Neo Valkyrja's Shield,방패,발키리아쉴드_C
2139,Flame Thrower,방패,화염방사기
2501,Hood,망토,후드
2502,Hood,망토,후드_
2503,Muffler,망토,머플러
2504,Muffler,망토,머플러_
2505,Manteau,망토,망토
2506,Manteau,망토,망토_
2508,Ragamuffin Manteau,망토,누더기망토
2510,Somber Novice Hood,망토,초보자용후드
2533,Freyja Cape,망토,프레이야의망토
2534,Ruffler,망토,옷플러
2535,Cloak Of Survival,망토,생존의망토_C
2537,Diabolus Manteau,망토,마왕의망토
2543,Sylphid Manteau,망토,실피드망토
2544,Leather of Tendrilion,망토,텐드릴리온의가죽
2546,Beach Manteau,망토,비치망토
2547,Cheap Undershirt,망토,싸구려런닝셔츠
2550,Fisher's Muffler,망토,낚시꾼의머플러
2553,Dragon Manteau,망토,드래곤의망토
2522,Undershirt,망토,런닝셔츠
2523,Undershirt,망토,런닝셔츠_
2524,Valkyrian Manteau,망토,발키리의망토
2521,Angelic Cardigan,망토,천사의온기
2518,Morpheus's Shawl,망토,모르피셔스쇼올
2507,Ancient Cape,망토,옛영주의망토
2512,Novice Manteau,망토,초보자용망토
2525,Ancient Cape,망토,옛영주의망토_
2527,Dragon Breath,망토,드래곤의숨결
2526,Coat of Dragon Scale,망토,용비늘외투
2520,Goibne's Spaulders,망토,게브네이어깨장식
2528,Wool Scarf,망토,울스카프
2529,Rider Insignia,망토,라이더휘장
2530,Rider Insignia,망토,라이더휘장_
2551,Crest of the Rider,망토,라이더휘장_M
2536,Skin of Ventus,망토,모로크_현신4
2519,Morrigane's Manteau,망토,모리아네의망토
2516,Falcon Muffler,망토,매의날개옷
2517,Vali's Manteau,망토,발리의망토
2531,Ulfhedinn,망토,울프헤딘
2532,Mithril Magic Cape,망토,미스릴마법망토
2542,Flame Manteau of Naght Sieger,망토,불꽃망토
2545,Musika,망토,무시카
2552,Mithril Magic Manteau,망토,미스릴마법망토_M
2509,Survivor's Manteau,망토,생존의망토
2511,Skeleton Manteau,망토,스켈레톤망토
2513,Heavenly Maiden Robe,망토,목보호대
2514,Pauldron,망토,폴드런
2538,Captain's Manteau,망토,사령관의망토
2539,Commander's Manteau,망토,지휘관의망토
2540,Sheriff's Manteau,망토,보안관의망토
2549,Glorious Muffler,망토,크리거머플러1
2515,Eagle Wing,망토,윙오브이글
2554,Nydhorgg's Shadow Garb,망토,대행자의껍질조각
2541,Asprika,망토,아스프리카
2548,Neo Muffler,망토,머플러_C
2401,Sandals,신발,샌들
2402,Sandals,신발,샌들_
2403,Shoes,신발,슈즈
2404,Shoes,신발,슈즈_
2405,Boots,신발,부츠
2406,Boots,신발,부츠_
2407,Crystal Pumps,신발,유리구두
2408,Shackles,신발,족쇠
2409,High Heels,신발,뾰족구두
2414,Novice Slippers,신발,초보자용샌들
2427,Golden Shoes,신발,황금신발
2428,Freyja Boots,신발,프레이야의장화
2429,Iron Boots,신발,쇠로만든신발01
2430,Iron Boots,신발,쇠로만든신발02
2431,Valley Shoes,신발,발위에슈즈
2432,High Heels,신발,뾰족구두_
2433,Diabolus Boots,신발,마왕의부츠
2439,Refresh Shoes,신발,리프레쉬슈즈
2441,Beach Sandals,신발,비치샌들
2442,Red Stocking Boots,신발,구멍난부츠
2443,Fisher's Boots,신발,낚시장화
2446,Glorious Mass-Production Shoes,신발,크리거슈즈3
2447,Army Boots,신발,군용부츠
2448,Air Boss,신발,애어보스
2421,Valkyrian Shoes,신발,발키리의슈즈
2420,Angel's Reincarnation,신발,천사의재래
2413,Safety Boots,신발,안전화
2415,Bunny Slipper,신발,슬리퍼
2416,Novice Shoes,신발,초보자용슈즈
2422,High Fashion Sandals,신발,고급샌들
2419,Goibne's Greaves,신발,게브네이의군화
2424,Tidal Shoes,신발,타이달슈즈
2425,Black Leather Boots,신발,검은가죽부츠
2434,Black Leather Boots,신발,검은가죽부츠_
2450,Vital Tree Shoes,신발,생명나무줄기슈즈
2445,Glorious Popularized Shoes,신발,크리거슈즈2
2411,Greaves,신발,그리브
2412,Greaves,신발,그리브_
2417,Fricco's Shoes,신발,프리코슈즈
2418,Vidar's Boots,신발,비다르의부츠
2440,Sprint Shoes,신발,스프린트슈즈
2426,Shadow Walk,신발,쉐도우워크
2435,Battle Greaves,신발,전투그리브
2436,Combat Boots,신발,군화
2437,Battle Boots,신발,전투부츠
2438,Paw Of Cat,신발,고양이의발
2444,Glorious Shoes,신발,크리거슈즈1
2423,Variant Shoes,신발,배리언트슈즈
2449,Variant Shoes,신발,배리언트슈즈_M
2410,Sleipnir,신발,슬레이프니르
2607,Clip,악세서리,클립
2609,Skull Ring,악세서리,해골반지
2610,Gold Ring,악세서리,금반지
2611,Silver Ring,악세서리,은반지
2612,Flower Ring,악세서리,꽃반지
2613,Diamond Ring,악세서리,다이아반지
2634,Wedding Ring,악세서리,신랑결혼반지
2635,Wedding Ring,악세서리,신부결혼반지
2636,Gold Christmas Ring,악세서리,금반지_
2637,Silver Christmas Ring,악세서리,은반지_
2638,Sacred Incense,악세서리,피사향포
2639,Occult Incense,악세서리,구마향포
2640,Kafra Ring,악세서리,카프라반지
2642,Serin's Gold Ring,악세서리,세린의금반지
2643,Serin's Gold Ring,악세서리,세린의금반지_
2644,The Sign,악세서리,더사인_
2646,Bunch of Carnations,악세서리,카네이션꽃다발
2647,Nile Rose,악세서리,나일로즈
2658,Nile Rose,악세서리,나일로즈_
2669,RJC Necklace,악세서리,금목걸이_
2672,3rd Anniversary Celebration Ring,악세서리,기념반지
2677,Spiritual Ring,악세서리,스피리츄얼링
2678,Ring Of Flame Lord,악세서리,플레임로드링
2679,Ring Of Resonance,악세서리,레조넌스링
2680,Lesser Elemental Ring,악세서리,하급정령의반지
2681,Republic Anniversary Ring,악세서리,공화기념일반지
2704,Golden Accessories,악세서리,황금악세사리
2705,Golden Accessories,악세서리,황금악세사리2
2706,Arrest Handcuffs,악세서리,구속수갑
2707,GUSLI,악세서리,
2708,Chinese Handicraft,악세서리,중국제수공품
2709,5th Anniversary Coin,악세서리,오주년기념코인
2710,Bloody Iron Ball,악세서리,철구_C
2711,Spiritual Ring,악세서리,스피리츄얼링_C
2713,Certificate,악세서리,수행증명서
2714,Marvelous Pendant,악세서리,신기한팬던트
2715,Skull Ring,악세서리,해골반지_
2729,Diabolus Ring,악세서리,마왕의링
2734,Directive,악세서리,임무명령서A
2735,Directive,악세서리,임무명령서B
2738,Shiny Coin,악세서리,반짝기념주화
2739,Ordinary Coin,악세서리,일반기념주화
2740,Rusty Coin,악세서리,녹슨기념주화
2741,All In One Ring,악세서리,올인원반지
2751,Academy Of Badge,악세서리,아카데미뱃지
2764,Small Fishing Rod,악세서리,작은낚시대
2765,Novice Figure,악세서리,노비스피규어
2766,Swordman Figure,악세서리,검사피규어
2767,Acolyte Figure,악세서리,복사피규어
2768,Mage Figure,악세서리,마술사피규어
2769,Archer Figure,악세서리,궁수피규어
2770,Thief Figure,악세서리,도둑피규어
2771,Merchant Figure,악세서리,상인피규어
2774,Glorious Popularized Ring,악세서리,크리거반지3
2775,Lure,악세서리,낚시미끼
2776,Adventurer's Trusty Towel,악세서리,시원한타올
2782,Ring of the Ancient Wise King,악세서리,지혜의왕의반지
2786,Spiritual Ring,악세서리,스피리츄얼링_M
2799,Kuirpenring,악세서리,쿠이르펜링
5817,Valentine Pledge,악세서리,발렌타인의증표
2628,Novice Armlet,악세서리,노비스암릿
2631,Celebration Ring,악세서리,돌반지
2655,Bloodied Shackle Ball,악세서리,피묻은철구
2656,Armor Charm,악세서리,하이퍼체인저
2657,Laboratory Permit,악세서리,출입카드
2659,Vesper Core 01,악세서리,베스퍼코어01
2660,Vesper Core 02,악세서리,베스퍼코어02
2661,Vesper Core 03,악세서리,베스퍼코어03
2662,Vesper Core 04,악세서리,베스퍼코어04
2666,Lantern of Hope,악세서리,등잔
2668,Woman Glory,악세서리,여성의영광
2674,Ring of Honor,악세서리,명예의반지
2675,Lord Ring,악세서리,로드링
2676,Hunter's Earring,악세서리,헌터이어링
2688,Critical Ring,악세서리,크리티컬링_C
2689,Earring,악세서리,이어링_C
2690,Ring,악세서리,링_C
2691,Necklace,악세서리,네클리스_C
2692,Glove,악세서리,글러브_C
2693,Brooch,악세서리,브로치_C
2694,Rosary,악세서리,로자리_C
2695,Safety Ring,악세서리,세이프티링_C
2696,Vesper Core 01,악세서리,베스퍼코어01_C
2697,Vesper Core 02,악세서리,베스퍼코어02_C
2698,Vesper Core 03,악세서리,베스퍼코어03_C
2699,Vesper Core 04,악세서리,베스퍼코어04_C
2752,Praccsinos,악세서리,프락시너스_C
2753,Beholder Ring,악세서리,비홀더링
2754,Hallow Ring,악세서리,핼로우링
2755,Clamorous Ring,악세서리,클래머러스링
2756,Chemical Ring,악세서리,케미컬링
2757,Insecticide Ring,악세서리,인섹티사이드링
2758,Fischer Ring,악세서리,피셔링
2759,Decussate Ring,악세서리,디커세이트링
2760,Bloody Ring,악세서리,블러디링
2761,Satanic Ring,악세서리,사타닉링
2762,Dragon Ring,악세서리,드라군링
2781,Aumdura's Benefit,악세서리,아움두라의혜택
2784,Christmas Musicbox,악세서리,오홀리나이트
2791,Fresh Fish,악세서리,갓잡은생선
2819,Swordsman Manual,악세서리,검사입문서
2820,Thief Manual,악세서리,도둑입문서
2821,Acolyte Manual,악세서리,복사입문서
2822,Archer Manual,악세서리,궁수입문서
2823,Merchant Manual,악세서리,상인입문서
2824,Mage Manual,악세서리,마술사입문서
5828,Honor Gold Ring,악세서리,명예의금반지
5844,Loyal Ring3,악세서리,
2601,Ring,악세서리,링
2602,Earring,악세서리,이어링
2603,Necklace,악세서리,네클리스
2604,Glove,악세서리,글러브
2605,Brooch,악세서리,브로치
2608,Rosary,악세서리,로자리
2682,Ring of Water,악세서리,물의반지
2683,Ring of Fire,악세서리,불의반지
2684,Ring of Wind,악세서리,바람의반지
2685,Ring of Earth,악세서리,대지의반지
2627,Belt,악세서리,벨트
2654,Shinobi Sash,악세서리,시노비의허리띠
2670,Ring of Longing,악세서리,그리움의반지
2712,Ragnarok Limited Edition,악세서리,애장판북
2777,Shaman Ring,악세서리,샤먼링
2778,Shaman Earrings,악세서리,샤먼이어링
2779,Dark Knight Belt,악세서리,다크나이트벨트
2648,Morpheus's Ring,악세서리,모르피셔스반지
2649,Morpheus's Bracelet,악세서리,모르피셔스팔찌
2617,Celebrant's Mitten,악세서리,신관의장갑
2618,Matyr's Leash,악세서리,마타의목걸이
2615,Safety Ring,악세서리,세이프티링
2616,Critical Ring,악세서리,크리티컬링
2652,Goddess of Fortune's Cursed Brooch,악세서리,저주행운브로치
2673,Warrior's Shining Ring,악세서리,빛나는반지
2614,Eye of Dullahan,악세서리,듀라한아이
2641,Fashion Hip Sack,악세서리,힙색
2703,Expert Ring,악세서리,익스퍼트링
2719,Iron Wrist,악세서리,아이언리스트
2645,Moonlight Ring,악세서리,달빛반지
2665,Exorcising Ring,악세서리,퇴마의반지
2667,Renown Archer's Gloves,악세서리,명사수의장갑
2700,Red Silk Seal,악세서리,봉인의붉은비단
2788,Bradium Earring,악세서리,브라디움이어링
2789,Bradium Ring,악세서리,브라디움링
2790,Bradium Brooch,악세서리,브라디움브로치
2650,Morrigane's Belt,악세서리,모리아네의벨트
2651,Morrigane's Pendant,악세서리,모리아네팬던트
2773,Glorious Mass-Production Ring,악세서리,크리거반지2
2619,Bow Thimble,악세서리,활골무
2671,Bow Thimble,악세서리,활골무_
2718,Lunatic Brooch,악세서리,루나틱브로치
2620,Rogue's Treasure,악세서리,도적의반지
2720,Medal of Honor,악세서리,훈장_검사
2721,Medal of Honor,악세서리,훈장_도둑
2722,Medal of Honor,악세서리,훈장_복사
2723,Medal of Honor,악세서리,훈장_마법사
2724,Medal of Honor,악세서리,훈장_궁수
2725,Medal of Honor,악세서리,훈장_상인
2726,Icarus Wings,악세서리,이카루스의날개
2727,Bowman Scarf,악세서리,명궁의스카프
2733,Sheriff Badge,악세서리,훈장_건너
2743,Angelic Ring,악세서리,앤젤릭링
2744,Sprint Ring,악세서리,스프린트반지
2745,Pinguicula Corsage,악세서리,핀귀큘라코르사주
2783,Eye Stone Ring,악세서리,눈구슬반지
2663,Gauntlet of Hit,악세서리,명중의건틀릿
2664,Belcarf,악세서리,벨카프
2736,Navel Ring,악세서리,배꼽찌
2737,Foot Ring,악세서리,발찌
2787,Waterdrop Brooch,악세서리,물방울브로치
2716,Librarian Glove,악세서리,사서의장갑
2717,Pocket Watch,악세서리,회중시계_
2728,Cursed Hand,악세서리,모로크_현신1
2730,Seal of Continental Guard,악세서리,모로크_인장
2731,Rune Spellstone,악세서리,모로크_주문석
2732,Death Loop,악세서리,모로크_고리
2746,Cold Heart,악세서리,냉정한마음
2747,Black Cat,악세서리,블랙캣
2780,Dark Knight Glove,악세서리,다크나이트글로브
2772,Glorious Ring,악세서리,크리거반지1
2748,Cursed Star,악세서리,커즈드스타
2621,Ring,악세서리,링_
2622,Earring,악세서리,이어링_
2623,Necklace,악세서리,네클리스_
2624,Glove,악세서리,글러브_
2625,Brooch,악세서리,브로치_
2626,Rosary,악세서리,로자리_
2653,Sacrifice Ring,악세서리,세크리파이스링
2701,Orleans's Glove,악세서리,오를레앙의장갑
2702,Bison Horn,악세서리,들소의뿔
2749,Linen Glove,악세서리,리넨글러브
2785,Orlean's Gloves,악세서리,오를레앙의장갑_M
2629,Megingjard,악세서리,메긴기오르드
2630,Brisingamen,악세서리,브리싱가멘
2763,Neo Skull Ring,악세서리,해골반지_C
2794,Magic Stone Ring,악세서리,마력석반지
2795,Green Apple Ring,악세서리,풋사과반지
2796,Rocks,악세서리,마력깃든돌
2797,Rocks,악세서리,마력깃든돌_
2798,Will Of Exhausted Angel,악세서리,지친전사의의지
2800,Accelerator,악세서리,가속장치
2801,Hovering Booster,악세서리,호버링부스터
2802,Suicidal Device,악세서리,자폭장치
2803,Shape Shifter,악세서리,셰이프쉬프터
2804,Cooling Device,악세서리,냉각장치
2805,Magnetic Field Generator,악세서리,자기장필드생성기
2806,Barrier Builder,악세서리,배리어생성기
2807,Repair Kit,악세서리,리페어키트
2808,Camouflague Generator,악세서리,광학미채발생기
2809,High Quality Cooler,악세서리,고급냉각장치
2810,Special Cooler,악세서리,특수냉각장치
2206,Wedding Veil,상단헤드기어,면사포
2207,Fancy Flower,상단헤드기어,장식용꽃
2208,Ribbon,상단헤드기어,리본
2209,Ribbon,상단헤드기어,리본_
2210,Hair Band,상단헤드기어,머리띠
2211,Bandana,상단헤드기어,두건
2213,Kitty Band,상단헤드기어,고양이머리띠
2214,Bunny Band,상단헤드기어,토끼머리띠
2215,Flower Band,상단헤드기어,꽃머리띠
2216,Biretta,상단헤드기어,비레타
2217,Biretta,상단헤드기어,비레타_
2220,Hat,상단헤드기어,햇
2221,Hat,상단헤드기어,햇_
2222,Turban,상단헤드기어,둥근모자
2223,Turban,상단헤드기어,둥근모자_
2226,Cap,상단헤드기어,캡
2227,Cap,상단헤드기어,캡_
2228,Helm,상단헤드기어,헬름
2229,Helm,상단헤드기어,헬름_
2230,Gemmed Sallet,상단헤드기어,쥬얼헬름
2231,Gemmed Sallet,상단헤드기어,쥬얼헬름_
2232,Circlet,상단헤드기어,서클릿
2233,Circlet,상단헤드기어,서클릿_
2236,Santa Hat,상단헤드기어,산타모자
2244,Big Ribbon,상단헤드기어,왕리본
2245,Sweet Gent,상단헤드기어,스위트젠틀
2247,Romantic Gent,상단헤드기어,올드스터로맨스
2248,Western Grace,상단헤드기어,웨스턴그레이스
2249,Coronet,상단헤드기어,코로넷
2250,Cute Ribbon,상단헤드기어,머리끈
2251,Monk Hat,상단헤드기어,성직자의모자
2252,Wizard Hat,상단헤드기어,위저드햇
2253,Sunflower,상단헤드기어,장식용해바라기
2254,Angel Wing,상단헤드기어,천사의머리띠
2255,Evil Wing,상단헤드기어,악마의머리띠
2256,Majestic Goat,상단헤드기어,마제스틱고우트
2257,Unicorn Horn,상단헤드기어,새하얀뿔
2259,Mini Propeller,상단헤드기어,프로펠라
2261,Army Cap,상단헤드기어,프론테라군모
2271,Jack be Dandy,상단헤드기어,머리안경
2272,Stop Post,상단헤드기어,정지표지판
2273,Doctor Band,상단헤드기어,의사머리띠
2274,Ghost Bandana,상단헤드기어,망자의머리띠
2275,Red Bandana,상단헤드기어,반다나
2277,Nurse Cap,상단헤드기어,간호모
2279,Bomb Wick,상단헤드기어,심지
2280,Sakkat,상단헤드기어,삿갓
2282,Halo,상단헤드기어,영혼고리
2283,Ear Muffs,상단헤드기어,귀마개
2284,Antlers,상단헤드기어,사슴뿔
2287,Pirate Bandana,상단헤드기어,해적두건
2289,Poo Poo Hat,상단헤드기어,거시기
2290,Funeral Hat,상단헤드기어,장례건
2293,Pretend Murdered,상단헤드기어,연극소도구
2294,Stellar,상단헤드기어,스타더스트
2298,Green Feeler,상단헤드기어,초록더듬이
2299,Orc Helm,상단헤드기어,오크족헬름
5003,Joker Jester,상단헤드기어,광대모자
5008,Puppy Love,상단헤드기어,풋사랑
5009,Safety Helmet,상단헤드기어,안전모
5010,Indian Fillet,상단헤드기어,원주민머리띠
5011,Aerial,상단헤드기어,안테나
5012,Ph.D Hat,상단헤드기어,학사모
5013,Lord Kaho's Horn,상단헤드기어,로드카호의뿔
5015,Egg Shell,상단헤드기어,장식용알껍질
5016,Boy's Cap,상단헤드기어,학생모
5018,Feather Bonnet,상단헤드기어,깃털모자
5019,Corsair,상단헤드기어,커세어
5020,Kafra Band,상단헤드기어,카프라의머리띠
5023,Parcel Hat,상단헤드기어,보따리모
5024,Cake Hat,상단헤드기어,케이크모자
5027,Mage Hat,상단헤드기어,마법사의모자
5028,Candle,상단헤드기어,촛불
5032,Sunday Hat,상단헤드기어,나들이모자
5034,Bulb Band,상단헤드기어,전구머리띠
5041,Heart Hairpin,상단헤드기어,하트머리핀
5047,Fashionable Glasses,상단헤드기어,패션선글래스
5048,Cresent Hairpin,상단헤드기어,초승달머리핀
5049,Striped Hairband,상단헤드기어,줄무늬머리띠
5052,Blue Hairband,상단헤드기어,청색머리띠
5055,Novice False Eggshell,상단헤드기어,초보자용알껍질
5056,Fruit of Love,상단헤드기어,사랑의열매
5058,Drooping Cat,상단헤드기어,늘어진고양이
5060,Party Hat,상단헤드기어,꼬깔모자
5061,Flower Hairpin,상단헤드기어,꽃머리핀
5063,Giant Band Aid,상단헤드기어,반창고
5064,Smokie Leaf,상단헤드기어,나뭇잎투구
5067,Sombrero,상단헤드기어,솜브레로
5069,Kitsune Mask,상단헤드기어,여우가면
5070,Hot-blooded Headband,상단헤드기어,열혈머리띠
5071,Indian Headband,상단헤드기어,인디안머리띠
5073,Model Training Hat,상단헤드기어,자세교정모자
5075,Cowboy Hat,상단헤드기어,카우보이모자
5076,Beanie,상단헤드기어,털모자
5077,Tulip Hairpin,상단헤드기어,튤립머리핀
5079,X Hairpin,상단헤드기어,X자머리핀
5082,Decorative Mushroom,상단헤드기어,버섯머리띠
5084,Lazy Smokie,상단헤드기어,귀찮은너구리
5097,Holiday Hat,상단헤드기어,꼬깔모자_
5099,Neko Mimi,상단헤드기어,고양이모자
5108,Renown Detective's Cap,상단헤드기어,탐정모자
5109,Red Bonnet,상단헤드기어,차양모자
5114,Bucket Hat,상단헤드기어,벙거지모자
5115,Winter Hat,상단헤드기어,방한모자
5116,Banana Hat,상단헤드기어,바나나모자
5117,Mystic Rose,상단헤드기어,미스틱로즈
5118,Puppy Headband,상단헤드기어,강아지귀
5120,Bucket Hat,상단헤드기어,벙거지모자_
5132,Angeling Hat,상단헤드기어,엔젤링모자
5133,Sheep Hat,상단헤드기어,양모자
5134,Pumpkin-Head,상단헤드기어,호박모자
5136,Antonio's Santa Hat,상단헤드기어,산타모자_
5144,Gambler Hat,상단헤드기어,갬블러햇
5145,Carnival Joker Jester,상단헤드기어,카니발광대모자
5146,Elephant Hat,상단헤드기어,코끼리모자
5147,Baseball Cap,상단헤드기어,야구모자
5148,Phrygian Cap,상단헤드기어,국경일모자
5149,Silver Tiara,상단헤드기어,실버티아라
5150,Joker Jester,상단헤드기어,광대모자_
5153,Angeling Hairpin,상단헤드기어,엔젤링핀
5157,Orc Helm,상단헤드기어,오크족헬름_
5158,Monk Hat,상단헤드기어,성직자의모자_
5160,Majestic Goat,상단헤드기어,마제스틱고우트_
5163,Corsair,상단헤드기어,커세어_
5170,Feather Beret,상단헤드기어,깃털베레모
5171,Valkyrie Helm,상단헤드기어,발키리투구
5172,Beret,상단헤드기어,베레모
5178,Candle,상단헤드기어,촛불_
5179,Golden Tiara,상단헤드기어,골드티아라
5180,France Holiday Hat,상단헤드기어,국경일모자_
5189,Autumn Leaves,상단헤드기어,낙엽
5190,Independence Memorial Hat,상단헤드기어,야구모자_
5191,Black Ribbon,상단헤드기어,리본_검정
5192,Yellow Ribbon,상단헤드기어,리본_노랑
5193,Green Ribbon,상단헤드기어,리본_초록
5194,Pink Ribbon,상단헤드기어,리본_분홍
5195,Red Ribbon,상단헤드기어,리본_빨강
5196,Orange Ribbon,상단헤드기어,리본_주홍
5197,White Ribbon,상단헤드기어,리본_하양
5198,Drooping Bunny,상단헤드기어,늘어진토끼
5199,Baseball Cap,상단헤드기어,야구모자_I
5200,Coppola,상단헤드기어,코폴라
5201,Party Hat,상단헤드기어,꼬깔모자_B
5202,Fantastic Pumpkin-Head,상단헤드기어,호박모자_
5207,Angel Blessing,상단헤드기어,금색고리
5209,Love Dad Cap,상단헤드기어,노란야구모자
5215,Evolved Angel Wing,상단헤드기어,천사의머리띠_
5216,Evolved Evil Wing,상단헤드기어,악마의머리띠_
5217,Evolved Majestic Goat,상단헤드기어,마제_대만
5218,Evolved Bunny Band,상단헤드기어,토끼머리띠_
5219,Evolved Drooping Cat,상단헤드기어,늘어진고양이_
5226,Mini Propeller,상단헤드기어,프로펠라_
5230,Gray Drooping Cat,상단헤드기어,흰색늘어진고양이
5231,Brown Drooping Cat,상단헤드기어,회색늘어진고양이
5232,Pink Drooping Cat,상단헤드기어,분홍늘어진고양이
5233,Blue Drooping Cat,상단헤드기어,파랑늘어진고양이
5234,Yellow Drooping Cat,상단헤드기어,노랑늘어진고양이
5235,Brown Beanie,상단헤드기어,회색털모자
5236,Blue Beanie,상단헤드기어,파랑털모자
5237,Pink Beanie,상단헤드기어,분홍털모자
5238,Red Mage Hat,상단헤드기어,빨강마법사의모자
5239,Gray Mage Hat,상단헤드기어,흰색마법사의모자
5240,Brown Mage Hat,상단헤드기어,회색마법사의모자
5241,Blue Mage Hat,상단헤드기어,파랑마법사의모자
5242,Yellow Mage Hat,상단헤드기어,노랑마법사의모자
5246,Angelic Helm,상단헤드기어,천사의헬름
5247,Satanic Helm,상단헤드기어,악마의헬름
5259,Elephant Hat,상단헤드기어,코끼리모자_
5260,Cookie Hat,상단헤드기어,쿠키모자
5261,Silver Tiara,상단헤드기어,실버티아라_
5262,Golden Tiara,상단헤드기어,골드티아라_
5264,Australian Flag Hat,상단헤드기어,호주국기모자
5267,Sakkat,상단헤드기어,삿갓_C
5270,Autumn Leaves,상단헤드기어,낙엽_
5279,Refined Drooping Cat,상단헤드기어,늘어진고양이_C
5280,Baphomet Horns,상단헤드기어,마제스틱_C
5281,Refined Deviruchi Hat,상단헤드기어,새끼악마모자_C
5282,Europe Baseball Cap,상단헤드기어,유럽야구모자
5290,Drooping Bunny,상단헤드기어,늘어진토끼_
5293,Ramen Hat,상단헤드기어,라면모자
5296,Drooping Nine Tail,상단헤드기어,늘어진구미호_
5297,Soul Wing,상단헤드기어,소울리스윙_
5301,Victory Hairband,상단헤드기어,러시아리본
5303,Flower Crown,상단헤드기어,화관
5306,Freya's Crown,상단헤드기어,프레이야의크라운
5307,Carmen Miranda's Hat,상단헤드기어,열대과일모자
5308,Brazil National Flag Hat,상단헤드기어,브라질국기모자
5310,Shining Electric Bulb Hairband,상단헤드기어,반짝전구머리띠
5311,Large Hisbiscus,상단헤드기어,큰하이비스커스
5312,Ayothaya King's Hat,상단헤드기어,아요타야모자
5318,Poring Party Hat,상단헤드기어,포링파티모자
5320,Champion Wreath,상단헤드기어,챔피언월계관
5321,Bandana Merah Putih,상단헤드기어,인도네시아헤어밴드
5323,Misstrance Crown,상단헤드기어,미스트렌스왕관
5330,kRO Drooping Kitty C,상단헤드기어,한국늘고_C
5331,Corsair C,상단헤드기어,커세어_C
5335,Jumping Poring,상단헤드기어,폴짝이는포링
5347,Ph.D Hat,상단헤드기어,학사모_
5348,Big Ribbon,상단헤드기어,왕리본_
5349,Boy's Cap,상단헤드기어,학생모_
5350,Pirate Bandana,상단헤드기어,해적두건_
5351,Sunflower,상단헤드기어,장식용해바라기_
5354,Muslim Hat M,상단헤드기어,무슬림남자모
5355,Selendang,상단헤드기어,무슬림여자모
5356,Festival Pumpkin Hat,상단헤드기어,호박모자_H
5366,Love Dad Bandana,상단헤드기어,왕의모자
5368,White Wing,상단헤드기어,빛의날개
5369,Dark Wing,상단헤드기어,어둠의날개
5370,Orchid Hairband,상단헤드기어,난초머리띠
5372,Koneko Hat,상단헤드기어,늘어진하얀고양이
5374,Gigantic Majestic Goat,상단헤드기어,대형마제스틱고우트
5376,Flying Evil Wing,상단헤드기어,사타닉체인
5378,Bunny Top Hat,상단헤드기어,토끼귀모자
5380,Fish Head Hat,상단헤드기어,물고기머리모자
5381,Santa Poring Hat,상단헤드기어,산타포링모자
5382,Bell Ribbon,상단헤드기어,방울리본
5390,Frozen Twin Pompom,상단헤드기어,파란양갈래산타모자
5392,Luoyang NewYear Hat,상단헤드기어,뤄양의설날모자
5393,Love Valentine's Hat,상단헤드기어,발렌타인모자
5396,Jasper Crest,상단헤드기어,재스퍼크레스트
5406,Academy Freshman Hat,상단헤드기어,아카데미신입생모자
5407,Academy Completion Hat,상단헤드기어,아카데미1수료모자
5408,Old Bandana,상단헤드기어,낡은두건
5409,Purple Cowboy Hat,상단헤드기어,신카우보이모자
5411,White Snake Hat,상단헤드기어,하얀뱀모자
5413,Pop Corn Hat,상단헤드기어,팝콘모자
5414,Camp Fire Hat,상단헤드기어,캠프파이어모자
5417,Crown Parrots,상단헤드기어,왕관앵무
5418,Legionnaire Hat,상단헤드기어,병정모자
5422,Linguistic Book Hat,상단헤드기어,문자책모자
5423,I Love China,상단헤드기어,알럽차이나모자
5424,Fanta Orange Can Hat,상단헤드기어,환타오렌지캔
5425,Fanta Grape Can Hat,상단헤드기어,환타그레이프캔
5426,Karada Meguricha Hat,상단헤드기어,카라다메구리차모자
5427,Black Tea Kochakaden Hat,상단헤드기어,홍차화전모자
5429,Bogy Cap,상단헤드기어,도깨비모자
5430,Torch Cap,상단헤드기어,성화관
5432,bRO 4th Anniversary Hat,상단헤드기어,브라질4주년모자
5433,Golden Laurel,상단헤드기어,황금월계수
5436,Bride's Corolla,상단헤드기어,신부의화관
5437,Fairy Flower,상단헤드기어,선녀의꽃
5438,Cute Green Ribbon,상단헤드기어,머리끈_녹색
5439,Cute Red Ribbon,상단헤드기어,머리끈_빨강
5440,Cute Blue Ribbon,상단헤드기어,머리끈_파랑
5441,Cute White Ribbon,상단헤드기어,머리끈_하양
5444,Hair Brush,상단헤드기어,머리빗
5446,Catfoot Hairpin,상단헤드기어,고양이발머리핀
5454,Puppy Hat,상단헤드기어,강아지모자_
5455,Decorative Geographer,상단헤드기어,장식용지오그래퍼_
5456,Summer Hat,상단헤드기어,바캉스모자_
5458,Pinwheel Hat,상단헤드기어,바람개비모자
5459,Drooping Bunny,상단헤드기어,늘어진토끼_추석
5464,Zaha Doll Hat,상단헤드기어,자하인형모자
5478,Classic Hat,상단헤드기어,클래식햇
5486,Anniversary Hat,상단헤드기어,일본애니버서리햇
5487,Poring Cake Hat,상단헤드기어,일본포링케이크모자
5488,Twin Santa Hat,상단헤드기어,일본양갈래산타모자
5489,Love Daddy Hat,상단헤드기어,러드대디
5491,Bandit Hat,상단헤드기어,무법자모자
5492,Student Cap,상단헤드기어,학생모_I
5493,Ulle's Cap,상단헤드기어,울캡_I
5499,Pizza Hat,상단헤드기어,피자모자
5503,Magic Rabit Hat,상단헤드기어,토끼마술모자
5506,Blue Night Cap,상단헤드기어,파란파자마모자
5507,Pink Night Cap,상단헤드기어,핑크파자마모자
5508,Shark Hat,상단헤드기어,상어모자
5509,Sting hat,상단헤드기어,스팅모자
5510,Shower Cap,상단헤드기어,샤워캡
5522,Fanta Zero Lemon Hat,상단헤드기어,환타제로레몬모자
5523,Sakura Mist Hat,상단헤드기어,사쿠라미스트모자
5524,Sakura Milk Tea Hat,상단헤드기어,사쿠라밀크티모자
5525,Flower Hat,상단헤드기어,일차화모자
5531,Baby Dragon Hat,상단헤드기어,아기용모자
5535,Side Cap,상단헤드기어,사이드캡
5547,RJC Katusa Flower,상단헤드기어,RJC카츄사
5552,Festival Grand Circlet,상단헤드기어,축제용_로드서클릿
5553,Festival Bunny Band,상단헤드기어,축제용_토끼머리띠
5555,Leaf Cat Hat,상단헤드기어,리프캣모자
5559,Piece Of White Cloth,상단헤드기어,새하얀천조각_E
5561,Magic Rabbit Hat,상단헤드기어,토끼마술모자_J
5573,Dokebi Horn,상단헤드기어,도깨비뿔
5578,Voyage_Hat,상단헤드기어,항해모자
5590,Poring Cake Hat,상단헤드기어,한국포링케이크모자
5681,Green Ribbon,상단헤드기어,F리본_초록
5781,Persika,상단헤드기어,페르시카
5801,Red Tailed Ribbon,상단헤드기어,새색시의리본
5802,Upgraded Elephant Hat,상단헤드기어,개조코끼리모자
5803,Love Flower Hat,상단헤드기어,플라워러브햇
5806,Poet Natalie's Hat,상단헤드기어,나탈리아모자
5809,Boom Boom Hat,상단헤드기어,붐붐모자
5810,Ph.D Hat V,상단헤드기어,학사모_V
5812,Hat Of Expert,상단헤드기어,물전문가모자
5815,Classic Hat,상단헤드기어,클래식햇_J
5816,Purple Cowboy Hat,상단헤드기어,신카우보이모자_J
5818,Carnival Hat,상단헤드기어,카니발모자
5819,Carnival Circlet,상단헤드기어,카니발서클릿
5821,Gold Tulip Hairpin,상단헤드기어,황금튤립머리핀
5822,Love Chick Hat,상단헤드기어,사랑의병아리모자
5826,Valkyrie Helmet,상단헤드기어,발키리에투구
18597,Mercury Riser,상단헤드기어,머큐리의투구
18600,Cat Ear Beret,상단헤드기어,고양이귀베레모
18612,White Musang Hat,상단헤드기어,백무상모자
18613,Black Musang Hat,상단헤드기어,흑무상모자
5001,Headset,상단헤드기어,헤드폰
5106,2nd Anniversary Hat,상단헤드기어,꼬깔모자_인니
5213,Sheila Hairnet,상단헤드기어,검은토끼머리띠
5265,Apple of Archer,상단헤드기어,명사수의사과_C
5266,Bunny Band,상단헤드기어,토끼머리띠_C
5268,Grand Circlet,상단헤드기어,로드서클릿_C
5365,Magnolia Hat,상단헤드기어,계란후라이
5386,Ayam,상단헤드기어,아얌_
5451,RWC 2008 Dragon Helm Gold,상단헤드기어,용투구_금
5452,RWC 2008 Dragon Helm Silver,상단헤드기어,용투구_은
5453,RWC 2008 Dragon Helm Copper,상단헤드기어,용투구_동
5457,Moon Rabbit Hat,상단헤드기어,옥토끼모자
5481,Hermode Cap,상단헤드기어,헤르모즈캡
5519,Peacock Feather,상단헤드기어,공작새깃털
5527,Lunatic Hat,상단헤드기어,루나틱모자
5544,Time Keeper Hat,상단헤드기어,시간의수호자모자
5567,Bright Fury,상단헤드기어,광휘의격노
5572,Savage Babe Hat,상단헤드기어,세비지베베모자
5584,Majestic Evil Horns,상단헤드기어,마제스틱데빌혼
5586,Mosquito Coil,상단헤드기어,모기향
5587,Mosquito Coil,상단헤드기어,모기향_1회용
5600,Brazil Twin Ribbon,상단헤드기어,브라질트윈리본
5603,RTC First Place,상단헤드기어,RWC우승자전용
5604,RTC Second Place,상단헤드기어,RWC준우승자전용
5605,RTC Third Place,상단헤드기어,RWC3등전용
5658,Imp Hat,상단헤드기어,임프모자
5659,Sleeper Hat,상단헤드기어,샌드맨모자
5660,Gryphon Hat,상단헤드기어,그리폰모자
5665,Shaman Hat,상단헤드기어,무속인의모자
5666,Golden Crown,상단헤드기어,금관모자
5668,Weird Pumpkin Hat,상단헤드기어,묘한호박모자
5682,Triangle Rune Cap,상단헤드기어,트라이앵글룬캡
5683,Baphomet Horns,상단헤드기어,복제_마제스틱고우트
5684,Ornate Crown,상단헤드기어,복제_쥬얼크라운
5685,Army Cap,상단헤드기어,복제_프론테라군모
5686,Nice Hat Feather,상단헤드기어,복제_깃털모자
5687,Orc Helm,상단헤드기어,복제_오크족헬름
5691,Sailor's Bandana,상단헤드기어,선장의두건
5692,Sea Cat Hat,상단헤드기어,바다고양이모자
5738,Snowman Hat,상단헤드기어,눈사람모자
5770,Splash Hat,상단헤드기어,찰랑모자
5771,Family Hat,상단헤드기어,패밀리모자
5792,Fish Pin,상단헤드기어,물고기핀
5827,Book File Hat,상단헤드기어,책파일모자
5856,Passion FB Hat,상단헤드기어,열정의축구공모자
5857,Cool FB Hat,상단헤드기어,냉철의축구공모자
5858,Victory FB Hat,상단헤드기어,승리의축구공모자
5859,Glory FB Hat,상단헤드기어,영광의축구공모자
5037,Nut Shell,상단헤드기어,열매껍질
5036,Cross Hat,상단헤드기어,십자머리띠
5139,Hibiscus,상단헤드기어,부용
5140,Charming Ribbon,상단헤드기어,예쁜리본
5183,Bird Nest Hat,상단헤드기어,새둥지모자
5185,Laurel Wreath,상단헤드기어,월계수관
5210,Flapping Angel Wing,상단헤드기어,비상하는천사
5225,Parade Hat,상단헤드기어,마칭햇
5269,Flapping Angel Wing,상단헤드기어,비상하는천사_
5283,Chick Hat,상단헤드기어,병아리모자
5319,Hello Mother Hat,상단헤드기어,파란엔젤링모자
5324,Little Angel Doll,상단헤드기어,리틀엔젤돌
5336,Guildsman Recruiter Hat,상단헤드기어,길드원모집모자
5337,Party Recruiter Hat,상단헤드기어,파티구함모자
5338,Bf Recruiter Hat,상단헤드기어,남친구함모자
5339,Friend Recruiter Hat,상단헤드기어,친구구함모자
5346,Gf Recruiter Hat,상단헤드기어,여친구함모자
5501,Pirate's Pride,상단헤드기어,해적의자존심
5654,Holy Marching Hat,상단헤드기어,신성한마칭햇_J
5741,Eternal Egg Shell,상단헤드기어,영생알껍질모자
5742,Rudolph Santa Hat,상단헤드기어,루돌프산타모
18539,Skull Cap,상단헤드기어,스컬캡
5583,Eden Team Hat,상단헤드기어,낙원단모자
5042,Bao Bao,상단헤드기어,머리포자기
5416,Beer Hat,상단헤드기어,맥주모자
5039,Rainbow Eggshell,상단헤드기어,알록달록알껍질
5029,Spore Hat,상단헤드기어,스포아모자
5211,Dress Hat,상단헤드기어,드레스햇
5252,Drooping Ninetail,상단헤드기어,늘어진구미호
5253,Lif Doll Hat,상단헤드기어,리프인형모자
5254,Deviling Hat,상단헤드기어,데빌링모자
5255,Triple Poring Hat,상단헤드기어,포링겹모자
5256,Valkyrie Feather Band,상단헤드기어,발키리깃털모자
5257,Soul Ring,상단헤드기어,소울리스윙
5277,Yellow Bandana,상단헤드기어,노란색두건
5278,Yellow Ribbon,상단헤드기어,노란색리본
5384,Twin Pompom By JB,상단헤드기어,양갈래산타모자
5385,Yoyo Hat,상단헤드기어,요요모자
5450,Solar Hat,상단헤드기어,태양모자
5540,Freyja SCirclet7,상단헤드기어,프레야영혼서클릿7
5541,Freyja SCirclet30,상단헤드기어,프레야영혼서클릿30
5542,Freyja SCirclet60,상단헤드기어,프레야영혼서클릿60
5543,Freyja SCirclet90,상단헤드기어,프레야영혼서클릿90
5554,Octopus Hat,상단헤드기어,문어모자
5557,Wild Rose Hat,상단헤드기어,와일드로즈모자
18656,Witch's Pumpkin Hat,상단헤드기어,마녀의호박모자
5105,2nd Anniversary Hat,상단헤드기어,케이크모자_
5322,Kerchief,상단헤드기어,스카프
2285,Apple of Archer,상단헤드기어,명사수의사과
5050,Wonder Nutshell,상단헤드기어,신비한열매껍질
5103,Sunflower Hairpin,상단헤드기어,해바라기핀
5137,Alice Doll,상단헤드기어,엘리스모자
5138,Magic Eyes,상단헤드기어,매직아이즈
5141,Marionette Doll,상단헤드기어,마리오넷모자
5182,Puppy Hat,상단헤드기어,강아지모자
5184,Captain's Hat,상단헤드기어,선장의모자
5186,Geographer Band,상단헤드기어,장식용지오그래퍼
5187,Twin Ribbon,상단헤드기어,트윈리본
5212,Satellite Hairband,상단헤드기어,새틀라이트헤어밴드
5284,Water Lily Crown,상단헤드기어,수련왕관
5285,Vane Hairpin,상단헤드기어,풍차비녀
5287,Vacation Hat,상단헤드기어,바캉스모자
5289,Vanilmirth Hat,상단헤드기어,바닐미르스모자
5291,Kettle Hat,상단헤드기어,주전자모자
5302,Flower Lily,상단헤드기어,연꽃모자
5387,Neko Mimi Kafra,상단헤드기어,네코미미카프라
5388,Snake Head Hat,상단헤드기어,뱀머리모자
5431,Chicken Hat,상단헤드기어,꼬꼬댁모자
5477,Brazilian Flag Hat,상단헤드기어,브라질국기두건
5479,Shaman's Hair Decoration,상단헤드기어,샤먼의머리장식
5480,Bijofnil Wings,상단헤드기어,비조프닐날개장식
5497,King Tiger Doll Hat,상단헤드기어,호랑이왕인형모자
5500,Icecream Hat,상단헤드기어,아이스크림모자
5528,Frog King Hat,상단헤드기어,개구리왕자모자
5530,Raven Cap,상단헤드기어,까마귀모자
5558,Luxury Hat,상단헤드기어,사치의모자
5575,Rice Ball Hat,상단헤드기어,주먹밥모자
5824,Fools Day Hat,상단헤드기어,만우절모자
5126,Morpheus's Hood,상단헤드기어,모르피셔스두건
5021,Grief for Greed,상단헤드기어,돈잃은자의마음
5035,Poring Hat,상단헤드기어,포링모자
5334,Flapping Angeling,상단헤드기어,날고싶은엔젤링
5352,Poporing Cap,상단헤드기어,포포링모자
2246,Golden Gear,상단헤드기어,골든헤드기어
5030,Panda Hat,상단헤드기어,팬더곰모자
5112,Super Novice Hat,상단헤드기어,슈노모자
5119,Super Novice Hat,상단헤드기어,슈노모자_
5159,Golden Gear,상단헤드기어,골든헤드기어_
5208,Rideword Hat,상단헤드기어,라이드워드모자
5415,Poring Cake Hat,상단헤드기어,포링케이크모자
5435,Red Minstrel Hat,상단헤드기어,코카콜라모자
2234,Tiara,상단헤드기어,티아라
2235,Crown,상단헤드기어,크라운
5044,Evil Wing Ears,상단헤드기어,악마의날개
5057,Black Cat Ears,상단헤드기어,검은고양이귀
5080,Crown of Ancient Queen,상단헤드기어,여왕의투구
5083,Red Ribbon,상단헤드기어,빨간테일리본
5164,Tiara,상단헤드기어,티아라_
5165,Crown,상단헤드기어,크라운_
5300,Bullock Helm,상단헤드기어,뿔투구모자
5360,Hyuke's Black Cat Ears,상단헤드기어,휘케바인의귀
5404,Blue Ribbon,상단헤드기어,블루리본
5537,Kwati Hat,상단헤드기어,콰티모자
2258,Spiky Band,상단헤드기어,샤프헤드기어
5026,Chef Hat,상단헤드기어,요리사의모자
5033,Raccoon Hat,상단헤드기어,너구리모자
5045,Magician Hat,상단헤드기어,마술사의모자
5059,Teddybear Hat,상단헤드기어,곰돌이모자
5062,Straw Hat,상단헤드기어,밀짚모자
5065,Blue Fish,상단헤드기어,생선모자
5078,Sea-Otter Hat,상단헤드기어,해달모자
5125,Angel's Kiss,상단헤드기어,천사의입맞춤
5129,Bird Nest,상단헤드기어,새둥지
5161,Spiky Band,상단헤드기어,샤프헤드기어_
5188,Wandering Minstrel Hat,상단헤드기어,음유시인모자
5222,Evolved Blue Fish,상단헤드기어,생선모자_
5292,Dragon Skull,상단헤드기어,용의해골
5316,Umbrella Hat,상단헤드기어,우산모자
5317,Fisherman's Hat,상단헤드기어,어부의모자
5333,Radio Antenna,상단헤드기어,전파안테나
5379,Tam,상단헤드기어,벌룬햇
5383,Hunter's Cap,상단헤드기어,헌팅캡
5395,Striped Hat,상단헤드기어,티라야보넷
5496,Dice Hat,상단헤드기어,주사위모자
5518,Gigantic Majestic Goat,상단헤드기어,대형마제스틱고우트2
5690,Red Wing Hat,상단헤드기어,프리스트의모자
5807,October Fest Cap,상단헤드기어,옥토버페스트모자
18595,Horn of Ancient,상단헤드기어,고대인의뿔
5128,Goibne's Helm,상단헤드기어,게브네이투구
5007,Grand Circlet,상단헤드기어,로드서클릿
5031,Mine Hat,상단헤드기어,광산헬멧
5111,Galapago Cap,상단헤드기어,오리모자
5002,Jewel Crown,상단헤드기어,쥬얼크라운
5173,Magistrate Hat,상단헤드기어,사또모자
5174,Ayam,상단헤드기어,아얌
5340,Defolty Doll Hat,상단헤드기어,디포르테인형모자
5341,Glaris Doll Hat,상단헤드기어,글라리스인형모자
5342,Sorin Doll Hat,상단헤드기어,소린인형모자
5343,Telling Doll Hat,상단헤드기어,테일링인형모자
5344,Bennit Doll Hat,상단헤드기어,비닛인형모자
5345,W Doll Hat,상단헤드기어,더블류인형모자
5359,Ship Captain Hat,상단헤드기어,선장모자
5364,Evil Snake Lord Hat,상단헤드기어,흑사왕의모자
5460,Evolved Dragon Skull Hat,상단헤드기어,진화된용의해골
5526,Tanigumi Girl Doll,상단헤드기어,타니아가씨인형
5127,Morrigane's Helm,상단헤드기어,모리아네헬름
5038,Deviruchi Hat,상단헤드기어,새끼악마모자
5227,Red Deviruchi Hat,상단헤드기어,빨강새끼악마모자
5228,Gray Deviruchi Hat,상단헤드기어,흰색새끼악마모자
5229,Brown Deviruchi Hat,상단헤드기어,회색새끼악마모자
5122,Magni's Cap,상단헤드기어,메긴캡
5123,Ulle's Cap,상단헤드기어,울캡
5124,Fricca's Circlet,상단헤드기어,프리카서클릿
5017,Bone Helm,상단헤드기어,본헬름
5066,Succubus Horn,상단헤드기어,서큐버스뿔
5072,Incubus Horn,상단헤드기어,인큐버스뿔
5162,Bone Helm,상단헤드기어,본헬름_
5286,Pecopeco Hairband,상단헤드기어,페코페코머리띠
5363,Helm Of Abyss,상단헤드기어,심연의투구
5442,Necktie,상단헤드기어,넥타이
5443,Statue Of Baby Angel,상단헤드기어,아기천사상
5447,Frog Hat,상단헤드기어,개구리모자
5490,Anubis Helm,상단헤드기어,아누비스투구
5512,Aquarius Diadem,상단헤드기어,보병궁보관
5513,Aquarius Crown,상단헤드기어,보병궁왕관
5514,Pisces Diadem,상단헤드기어,쌍어궁보관
5515,Pisces Crown,상단헤드기어,쌍어궁왕관
5545,Aries Diadem,상단헤드기어,백양궁보관
5546,Aries Crown,상단헤드기어,백양궁왕관
5549,Taurus Diadem,상단헤드기어,금우궁보관
5550,Taurus Crown,상단헤드기어,금우궁왕관
5569,Gemini Diadem,상단헤드기어,쌍자궁보관
5570,Gemini Crown,상단헤드기어,쌍자궁왕관
5581,Cancer Diadem,상단헤드기어,거해궁보관
5582,Cancer Crown,상단헤드기어,거해궁왕관
5653,Darkness Helm,상단헤드기어,다크네스헬름_J
5671,Drooping Morocc Minion,상단헤드기어,늘어진모로크의현신
5805,Victorious Coronet,상단헤드기어,승리자의머리장식품
18596,Sprout Hat,상단헤드기어,새싹모자
5025,Helm of Angel,상단헤드기어,천사의투구
5081,Crown of Mistress,상단헤드기어,미스트레스왕관
5100,Sales Banner,상단헤드기어,세일표지판
5495,Power Of Thor,상단헤드기어,뇌신지력
5560,Bullock Helm,상단헤드기어,뿔투구모자_J
5405,Filir Hat,상단헤드기어,필리르모자
5533,Emperor Wreath,상단헤드기어,황제의월계관_J
5398,Bone Head,상단헤드기어,본헤드
5399,Mandragora Cap,상단헤드기어,만드라고라캡
2201,Sunglasses,중단헤드기어,선글래스
2202,Sunglasses,중단헤드기어,선글래스_
2203,Glasses,중단헤드기어,글래스
2204,Glasses,중단헤드기어,글래스_
2205,Diver Goggles,중단헤드기어,물안경
2212,Eye Patch,중단헤드기어,안대
2239,Monocle,중단헤드기어,외눈안경
2242,Purple Glasses,중단헤드기어,고급선글래스
2243,Geek Glasses,중단헤드기어,스핀글래스
2260,Mini Glasses,중단헤드기어,미니글래스
2263,Zorro Masque,중단헤드기어,의적안대
2276,Angled Glasses,중단헤드기어,도끼눈
2291,Masquerade,중단헤드기어,나비가면
2295,Blinker,중단헤드기어,눈가리개
5006,Machoman's Glasses,중단헤드기어,하트파운데이션
5040,Blush,중단헤드기어,발그레
5101,Takius's Blindfold,중단헤드기어,타키우스눈가리개
5102,Blank Eyes,중단헤드기어,배틀온라인
5104,Dark Blinder,중단헤드기어,검은눈가리개
5154,Father's Sunglasses,중단헤드기어,선글래스_F
5175,Censor Bar,중단헤드기어,익명요청
5244,Elven Blindfold,중단헤드기어,요정의눈가리개
5245,Elven Sunglasses,중단헤드기어,요정의선글래스
5248,Robotic Blindfold,중단헤드기어,로봇의눈가리개
5249,Human Blindfold,중단헤드기어,인간의눈가리개
5250,Robotic Ears,중단헤드기어,로봇귀
5251,Round Ears,중단헤드기어,동그란귀
5288,Red Glasses,중단헤드기어,빨간안경
5326,Masquerade C,중단헤드기어,나비가면_C
5328,Evil Wing Ears C,중단헤드기어,악마날개귀_C
5329,Dark Blindfold C,중단헤드기어,검은눈가리개_C
5397,Scuba Gear,중단헤드기어,스쿠버마스크
5800,Blush of Groom,중단헤드기어,새신랑의수줍음
5804,Pirate Eye Bandage,중단헤드기어,해적의안대
2686,Elven Ears,중단헤드기어,요정의귀_C
5786,Ancient Elven Ear,중단헤드기어,고대요정의귀
5788,3D Glasses,중단헤드기어,3D안경
5793,Ribbon Of Life,중단헤드기어,생명의리본
5794,3D Glasses,중단헤드기어,3D안경_
18503,Small Devil Horns,중단헤드기어,악마의작은뿔
5325,Robo Eye,중단헤드기어,로보아이
5043,Opera Phantom Mask,중단헤드기어,오페라유령가면
18620,Heart Eyepatch,중단헤드기어,하트안대
5389,Angel Spirit,중단헤드기어,천사의유령
5315,Observer,중단헤드기어,옵저버
5085,Small Ribbons,중단헤드기어,양쪽귀밑리본
5221,Evolved Pair of Red Ribbon,중단헤드기어,양쪽귀밑리본_
2296,Binoculars,중단헤드기어,망원경
5516,hawk Eyes,중단헤드기어,호크아이01
5517,Hawk Eyes,중단헤드기어,호크아이02
5014,Fin Helm,중단헤드기어,핀헬름
2286,Elven Ears,중단헤드기어,요정의귀
5068,Evil Wing Ears,중단헤드기어,악마날개귀
5074,Angel Wing Ears,중단헤드기어,천사날개귀
5358,Peco Ears,중단헤드기어,페코페코날개귀
5401,Black Frame Glasses,중단헤드기어,검은뿔테안경
5402,Mischievous Fairy,중단헤드기어,장난꾸러기요정
5421,Ears Of Ifrit,중단헤드기어,이프리트의귀
5664,Filir's Pinions,중단헤드기어,필리르의날개
18507,Elven Ears,중단헤드기어,요정의귀_
5135,Cyclop's Eye,중단헤드기어,사이클롭스아이
5592,Sigrun's Wings,중단헤드기어,사이그룬의날개
2218,Flu Mask,하단헤드기어,마스크
2219,Flu Mask,하단헤드기어,마스크_
2237,Bandit Beard,하단헤드기어,턱수염
2240,Beard,하단헤드기어,수염
2241,Grampa Beard,하단헤드기어,흰수염
2262,Clown Nose,하단헤드기어,광대코
2265,Gangster Mask,하단헤드기어,시위용마스크
2267,Cigarette,하단헤드기어,담배
2268,Pipe,하단헤드기어,파이프담배
2269,Romantic Flower,하단헤드기어,꽃잎
2270,Romantic Leaf,하단헤드기어,풀잎
5004,Oxygen Mask,하단헤드기어,산소마스크
5051,Pussy Cat Bell,하단헤드기어,고양이방울
5107,Crunch Toast,하단헤드기어,토스트
5110,Baby Pacifier,하단헤드기어,젖꼭지
5113,Angry Snarl,하단헤드기어,분노입
5155,Father's White Moustache,하단헤드기어,흰수염_F
5156,Father's Mask,하단헤드기어,마스크_F
5204,Rudolph's Nose,하단헤드기어,이벤트_광대코
5206,Romantic White Flower,하단헤드기어,하얀꽃잎
5220,Evolved Pipe,하단헤드기어,파이프담배_
5305,Pirate Dagger,하단헤드기어,해적의대거
5377,Gentleman's Pipe,하단헤드기어,앤티크담뱃대
5391,Toast,하단헤드기어,토스트_C
5394,Bubblegum,하단헤드기어,풍선껌_하단
5412,Sweet Candy,하단헤드기어,달콤한사탕
5419,Leaves Of Grass,하단헤드기어,진화한잎새
5445,Candy Cane In Mouth,하단헤드기어,입에무는막대사탕
5521,Angry Mouth,하단헤드기어,분노입_C
5532,Pirate Dagger,하단헤드기어,해적의대거_J
5811,Santa's Beard,하단헤드기어,산타수염
2687,Steel Flower,하단헤드기어,꽃잎_C
5536,Spare Card,하단헤드기어,스페어카드
5594,Donut In Mouth,하단헤드기어,입에문도넛
5596,4Leaf Clover In Mouth,하단헤드기어,입에문네잎클로버
5597,Bubble Gum In Mouth,하단헤드기어,입에문풍선껌
5775,Choco Donut In Mouth,하단헤드기어,입에문초코도넛
5796,Cheer Scarf,하단헤드기어,응원스카프
5797,Cheer Scarf2,하단헤드기어,응원스카프2
5798,Cheer Scarf3,하단헤드기어,응원스카프3
5799,Cheer Scarf4,하단헤드기어,응원스카프4
5846,Buzzy Ball Gum,하단헤드기어,버지볼껌
18500,Cheer Scarf6,하단헤드기어,응원스카프6
18501,Cheer Scarf8,하단헤드기어,응원스카프8
18502,Cheer Scarf10,하단헤드기어,응원스카프10
5574,Well-Chewed Pencil,하단헤드기어,입에무는연필
5403,Fish In Mouth,하단헤드기어,입에문물고기
18505,Umbala Spirit,하단헤드기어,움발라의혼
2266,Iron Cain,하단헤드기어,아이언케인
5548,Scarlet Rose,하단헤드기어,진홍의장미
5361,Gangster Scarf,하단헤드기어,갱스카프
5362,Ninja Scroll,하단헤드기어,닌자의두루마리
5054,Assassin Mask,하단헤드기어,
5096,Assassin Mask,하단헤드기어,어새신마스크
5462,Spiked Scarf,하단헤드기어,대못박힌스카프
5463,Rainbow Scarf,하단헤드기어,무지개스카프
2224,Goggles,중단헤드기어+상단헤드기어,고글
2225,Goggles,중단헤드기어+상단헤드기어,고글_
2264,Munak Hat,하단헤드기어+중단헤드기어+상단헤드기어,무낙모자
2278,Mr. Smile,하단헤드기어+중단헤드기어,스마일
2281,Opera Masque,하단헤드기어+중단헤드기어,오페라가면
2288,Mr. Scream,하단헤드기어+중단헤드기어,스크래치마스크
2297,Goblin Mask,하단헤드기어+중단헤드기어,고블린족가면
5005,Gas Mask,하단헤드기어+중단헤드기어,가스마스크
5022,Hat of the Sun God,중단헤드기어+상단헤드기어,태양신의모자
5046,Bongun Hat,하단헤드기어+중단헤드기어+상단헤드기어,본건모자
5086,Alarm Mask,하단헤드기어+중단헤드기어,알람가면
5087,Poker Face,하단헤드기어+중단헤드기어,고블린가면1호
5088,Surprised Mask,하단헤드기어+중단헤드기어,고블린가면2호
5089,Annoyed Mask,하단헤드기어+중단헤드기어,고블린가면3호
5090,Goblin Leader Mask,하단헤드기어+중단헤드기어,고블린가면4호
5151,Note Headphones,중단헤드기어+상단헤드기어,음표헤드폰
5167,Munak Hat,하단헤드기어+중단헤드기어+상단헤드기어,무낙모자_
5168,Bongun Hat,하단헤드기어+중단헤드기어+상단헤드기어,본건모자_
5203,Smiling Mask,하단헤드기어+중단헤드기어,메롱가면
5205,Emperor's Laurel Crown,중단헤드기어+상단헤드기어,월계관
5243,Shafka,중단헤드기어+상단헤드기어,귀마개모자
5271,Phoenix Crown,중단헤드기어+상단헤드기어,봉관_
5272,Tongue Mask,하단헤드기어+중단헤드기어,메롱가면_
5273,Happy Wig,중단헤드기어+상단헤드기어,행복한가발
5274,Shiny Wig,중단헤드기어+상단헤드기어,눈부신가발
5275,Marvelous Wig,중단헤드기어+상단헤드기어,놀라운가발
5276,Fantastic Wig,중단헤드기어+상단헤드기어,환상적인가발
5294,Whisper Mask,하단헤드기어+중단헤드기어+상단헤드기어,위스퍼마스크
5295,Golden Bandana,중단헤드기어+상단헤드기어,황금모자
5298,Dokebi's Wig,중단헤드기어+상단헤드기어,놀라운가발_
5299,Pagdayaw,하단헤드기어+중단헤드기어+상단헤드기어,아티아티모자_
5309,Wool Mask,하단헤드기어+중단헤드기어+상단헤드기어,모히칸
5313,Diadem,중단헤드기어+상단헤드기어,다이아뎀
5327,Refined Helmet of Orc Hero,중단헤드기어+상단헤드기어,오크히어로투구_C
5353,Hat of the Sun God,중단헤드기어+상단헤드기어,태양신의모자_
5357,Wings Of Victory,중단헤드기어+상단헤드기어,승리의날개
5371,Judge Hat,중단헤드기어+상단헤드기어,판관모자
5373,Dark Randgris Helm,중단헤드기어+상단헤드기어,다크네스헬름
5375,Orc Hero Headdress,중단헤드기어+상단헤드기어,대형오크히어로투구
5400,Fox Hat,하단헤드기어+중단헤드기어+상단헤드기어,여우모자
5410,Brown Paperbag Hat,하단헤드기어+중단헤드기어+상단헤드기어,빵봉투2
5428,RWC Anniversary Bread Envelope,하단헤드기어+중단헤드기어+상단헤드기어,빵봉투1
5448,Soloplay Box1,하단헤드기어+중단헤드기어+상단헤드기어,혼자놀기상자1
5449,Soloplay Box2,하단헤드기어+중단헤드기어+상단헤드기어,혼자놀기상자2
5494,Sphinx Hat,하단헤드기어+상단헤드기어,스핑크스모자_I
5568,Rabbit Bonnet,중단헤드기어+상단헤드기어,토끼보닛
5808,Dark Bacilium,하단헤드기어+중단헤드기어+상단헤드기어,마왕의투구
9001,Poring Egg,,포링알
9002,Drops Egg,,드롭프스알
9003,Poporing Egg,,포포링알
9004,Lunatic Egg,,루나틱알
9005,Picky Egg,,픽키알
9006,Chonchon Egg,,촌촌알
9007,Steel Chonchon Egg,,스틸촌촌알
9008,Hunter Fly Egg,,헌터플라이알
9009,Savage Babe Egg,,세비지베베알
9010,Baby Desert Wolf Egg,,데저트울프알
9011,Rocker Egg,,로커알
9012,Spore Egg,,스포아알
9013,Poison Spore Egg,,포이즌스포아알
9014,Peco Peco Egg,,페코페코알
9015,Smokie Egg,,스모키알
9016,Yoyo Egg,,요요알
9017,Orc Warrior Egg,,오크워리어알
9018,Munak Egg,,무낙알
9019,Dokebi Egg,,도깨비알
9020,Sohee Egg,,소희알
9021,Isis Egg,,이시스알
9022,Green Petite Egg,,쁘띠알
9023,Deviruchi Egg,,데비루치알
9024,Bapho Jr. Egg,,바포주니어알
9025,Bongun Egg,,본건알
9026,Zealotus Egg,,지르타스알
9027,Alice Egg,,앨리스알
9028,Hard Rice Cake,,떡알
9029,Christmas Goblin's Egg,,고블린알
9030,Green Maiden Egg,,청이알
9031,Spring Rabbit Egg,,옥토끼알
9032,Knife Goblin Egg,,단검고블린알
9033,Flail Goblin Egg,,플레고블린알
9034,Hammer Goblin Egg,,해머고블린알
9035,Red Deleter Egg,,빨간딜리터알
9036,Diabolic Egg,,디아볼릭알
9037,Wanderer Egg,,배회하는자알
9038,New Year Doll Egg,,새해인형알
9039,Bacsojin Egg,,백소진알
9040,Civil Servant Egg,,묘괴알
9041,Leaf Cat Egg,,리프캣알
9042,Loli Ruri Egg,,로리루리알
9043,Marionette Egg,,마리오넷알
9044,Shinobi Egg,,시노비알
9045,Whisper Egg,,위스퍼알
9046,Goblin Leader Egg,,고블린리더알
9047,Wicked Nymph Egg,,요선녀알
9048,Miyabi Ningyo Egg,,미야비인형알
9049,Dullahan Egg,,듀라한알
9050,Medusa Egg,,메두사알
9051,Stone Shooter Egg,,스톤슈터알
9052,Incubus Egg,,인큐버스알
9053,Golem Egg,,고렘알
9054,Nightmare Terror Egg,,나이트메어테러알
9055,Succubus Egg,,서큐버스알
9056,Imp Egg,,임프알
10001,Skull Helm,,동물의머리뼈
10002,Monster Oxygen Mask,,몬스터마스크
10003,Transparent Head Protector,,투명머리보호대
10004,Pacifier,,꼭지
10005,Wig,,패션가발
10006,Queen's Hair Ornament,,여왕의머리장식
10007,Silk Ribbon,,실크리본
10008,Punisher,,정신봉
10009,Wild Flower,,야생화
10010,Battered Pot,,찌그러진냄비
10011,Stellar Hairpin,,별모양머리핀
10012,Tiny Egg Shell,,작은알껍질
10013,Backpack,,책가방
10014,Rocker Glasses,,메뚜기안경
10015,Green Lace,,초록색레이스
10016,Golden Bell,,금방울
10017,Bark Shorts,,나무팬츠
10018,Monkey Circlet,,원숭이머리띠
10019,Red Scarf,,붉은색머플러
10020,Grave Keeper's Sword,,영환도사검
10021,Circular Headgear,,
10022,Gold Earring,,금빛귀걸이
10023,Green Jewel Bag,,초록복주머니
10024,Fashion Glasses,,패션안경
10025,Hairband Of Stars,,별모양머리띠
10026,Tassel for Durumagi,,두루마기용술
10027,Pet Soul Ring,,영혼고리_
10028,Beautiful Badges,,멋진휘장
10029,Jade Trinket,,옥노리개
10030,Summer Fan,,여름부채
10031,Ring Of Death,,죽음의고리_
10032,Queen's Coronet,,여왕의코로넷
10033,Afro,,아프로헤어
10034,Masked Ball,,무도회가면
10035,Spring,,태엽
10036,Horn Of Hell,,지옥의뿔
10037,Black Butterfly Mask,,검은나비가면
10038,Horn Barrier,,뿔보호대
19500,T Mr Smile,Costume_Head_Mid+Costume_Head_Low,T스마일
19501,T Spinx Helm,Costume_Head_Top+Costume_Head_Low,T스핑크스모자
19504,T Sunglasses,Costume_Head_Mid,T선글래스
19505,T Cigarette,Costume_Head_Low,T담배
19506,T Valkyrie Feather Band,Costume_Head_Top,T발키리깃털모자
5152,Chinese Crown,중단헤드기어+상단헤드기어,봉관
5214,Moonlight Flower Hat,중단헤드기어+상단헤드기어,월야화모자
5502,Necromancer's Hood,중단헤드기어+상단헤드기어,강령술사의두건
5520,Rabbit Earplugs,중단헤드기어+상단헤드기어,토끼귀마개
5565,Dragon Arhat Mask,하단헤드기어+중단헤드기어,항룡나한가면
5566,Tiger Arhat Mask,하단헤드기어+중단헤드기어,복호나한가면
5585,Rune Cloth Circlet,중단헤드기어+상단헤드기어,룬매듭머리띠
5593,Rabbit Bonnet,중단헤드기어+상단헤드기어,한국토끼보닛
18506,Hattah Black,하단헤드기어+중단헤드기어+상단헤드기어,하타블랙
19507,Clear Sun,Costume_Head_Top,맑은태양
5258,Afro Wig,중단헤드기어+상단헤드기어,아프로가발
5367,Hyegun Hat,하단헤드기어+중단헤드기어+상단헤드기어,혜군모자
5263,Pagdayaw,하단헤드기어+중단헤드기어+상단헤드기어,아티아티모자
5332,Loki Mask,하단헤드기어+중단헤드기어,로키마스크
5539,Jaguar Hat,하단헤드기어+중단헤드기어+상단헤드기어,재규어모자
5143,Kabuki Mask,하단헤드기어+중단헤드기어+상단헤드기어,가부키가면
5176,Hahoe Mask,하단헤드기어+중단헤드기어,하회탈
5476,Grand Peco Hairband,중단헤드기어+상단헤드기어,그랜드페코의머리띠
5511,Samambaia,중단헤드기어+상단헤드기어,사만바이아
5667,Skull Hood,중단헤드기어+상단헤드기어,해골후드
5091,Decorative Golden Bell,중단헤드기어+상단헤드기어,대형금방울
5223,Evolved Big Golden Bell,중단헤드기어+상단헤드기어,대형금방울_
5169,Bride Mask,중단헤드기어+상단헤드기어,각시탈
5177,Mythical Lion Mask,중단헤드기어+상단헤드기어,사자탈
5538,Tucan Hat,중단헤드기어+상단헤드기어,투칸모자
5562,Luxurious Wedding Veil,중단헤드기어+상단헤드기어,화려한면사포_J
2292,Welding Mask,하단헤드기어+중단헤드기어,용접마스크
5098,Tiger Mask,중단헤드기어+상단헤드기어,타이거마스크
5142,Crescent Helm,중단헤드기어+상단헤드기어,초승달투구
5181,Helm of Darkness,중단헤드기어+상단헤드기어,암흑의투구
5304,Cap Of Blindness,하단헤드기어+중단헤드기어+상단헤드기어,맹목모
5314,Hockey Mask,하단헤드기어+중단헤드기어,하키마스크
5461,Evolved Whisper Mask,하단헤드기어+중단헤드기어+상단헤드기어,진화된위스퍼마스크
5483,Odin Mask,하단헤드기어+중단헤드기어,오딘마스크
5498,Wandering Wolf Helm,중단헤드기어+상단헤드기어,떠돌이늑대왕투구
5505,Asara Fairy Hat,중단헤드기어+상단헤드기어,아사라요정모자
5094,Helmet of Orc Hero,중단헤드기어+상단헤드기어,오크히어로투구
5224,Evolved Orc Hero Helm,중단헤드기어+상단헤드기어,오크히어로투구_
5556,Seal Hat,하단헤드기어+중단헤드기어+상단헤드기어,퍼씰모자
5485,Tiger Face,하단헤드기어+중단헤드기어+상단헤드기어,호랑이얼굴
5851,Summer Knight,중단헤드기어+상단헤드기어,여름의기사
5053,Sphinx Hat,하단헤드기어+상단헤드기어,스핑크스모자
5092,Coif,중단헤드기어+상단헤드기어,수녀모자
5093,Coif,중단헤드기어+상단헤드기어,수녀모자_
5166,Sphinx Hat,하단헤드기어+상단헤드기어,스핑크스모자_
5121,Zealotus Mask,중단헤드기어+상단헤드기어,지르타스가면
5420,Mask Of Ifrit,하단헤드기어+중단헤드기어+상단헤드기어,이프리트가면
5504,Wedding Weil,중단헤드기어+상단헤드기어,5주년기념면사포
5529,Satanic Bone Helm,중단헤드기어+상단헤드기어,마왕의뼈투구
5579,Wanderer's Sakkat,중단헤드기어+상단헤드기어,배회하는자의삿갓
5130,Lion Mask,중단헤드기어+상단헤드기어,라이온마스크
5131,Close Helmet,하단헤드기어+중단헤드기어+상단헤드기어,클로스헬멧
5482,Dark Knight Mask,하단헤드기어+중단헤드기어+상단헤드기어,다크나이트마스크
5577,Dark Knight Mask,하단헤드기어+중단헤드기어+상단헤드기어,다크나이트마스크B
5564,Crown of Deceit,중단헤드기어+상단헤드기어,사기의왕관
