ID,이름(영),무기종류,ATK,MATK,슬롯,필요레벨,무기레벨,무게,구매가,판매가,정련,사용직업,효과(요약)
13157,Drifter,개틀링건,50,0,1,55,2,230,80000,0,○,건슬링거,
13158,Butcher,개틀링건,75,0,0,68,3,250,130000,0,○,건슬링거,"bonus2 bCriticalAddRace,RC_Brute,10;
bonus2 bCriticalAddRace,RC_Player_Doram,10;"
13159,Butcher,개틀링건,75,0,1,68,3,250,130000,0,○,건슬링거,"bonus2 bCriticalAddRace,RC_Brute,10;
bonus2 bCriticalAddRace,RC_Player_Doram,10;"
13172,Soldier Gatling Gun,개틀링건,80,0,0,80,3,0,0,0,○,건슬링거,DEX+2
13177,Glorious Gatling Gun,개틀링건,90,0,0,80,4,0,0,0,○,건슬링거,"bonus2 bAddRace,RC_DemiHuman,35;
bonus2 bAddRace,RC_Player_Human,35;
bonus2 bIgn"
1828,Monk Knuckle,너클,150,0,0,0,4,0,20,0,×,"몽크, 프리스트",INT+2
1801,Waghnak,너클,30,0,3,1,1,40,8000,0,○,"몽크, 프리스트",
1802,Waghnak,너클,30,0,4,1,1,40,8000,0,○,"몽크, 프리스트",
1817,Kaiser Knuckle,너클,159,0,0,1,4,0,1,0,×,"몽크, 프리스트",ASPD+5%
1829,Fist,너클,150,0,0,1,3,0,0,0,×,"몽크, 프리스트","bonus2 bAddSize,Size_All,40;
"
1803,Knuckle Dusters,너클,50,0,2,12,2,45,25000,0,○,"몽크, 프리스트",
1804,Knuckle Dusters,너클,50,0,3,12,2,45,25000,0,○,"몽크, 프리스트",
1805,Studded Knuckles,너클,65,0,2,12,2,45,32000,0,○,"몽크, 프리스트",
1806,Studded Knuckles,너클,65,0,3,12,2,45,32000,0,○,"몽크, 프리스트",
1807,Fist,너클,115,0,0,24,3,65,53000,0,○,"몽크, 프리스트",
1808,Fist,너클,115,0,1,24,3,65,53000,0,○,"몽크, 프리스트",
1809,Claw,너클,86,0,1,24,3,50,67000,0,○,"몽크, 프리스트",STR+2
1810,Claw,너클,86,0,2,24,3,50,67000,0,○,"몽크, 프리스트",STR+2
1811,Finger,너클,97,0,1,24,3,50,58000,0,○,"몽크, 프리스트",
1812,Finger,너클,97,0,2,24,3,50,58000,0,○,"몽크, 프리스트",
1813,Kaiser Knuckle,너클,110,0,0,36,4,45,20,0,○,"몽크, 프리스트","bonus bAtkEle,Ele_Wind;
bonus2 bAddRace,RC_Undead,5;
bonus2 bAddEle,Ele_Water,10"
1814,Berserk,너클,120,0,0,36,4,50,20,0,○,"몽크, 프리스트",ASPD+12%
1816,Berserk,너클,120,0,1,36,4,50,20,0,○,"몽크, 프리스트",ASPD+12%
1822,Combo Battle Glove,너클,30,0,4,60,3,50,20,0,○,"몽크, 프리스트","bonus2 bSkillAtk,""MO_TRIPLEATTACK"",15;
bonus2 bSkillAtk,""MO_CHAINCOMBO"",15;
bonu"
1825,Horn of Hillslion,너클,95,0,3,60,3,60,20,0,○,몽크,"bonus3 bAutoSpell,""NPC_CRITICALWOUND"",1,100;
bonus4 bAutoSpellOnSkill,""CH_PALMST"
1815,Hatii Claw,너클,152,0,1,70,4,55,20,0,○,"몽크, 프리스트","bonus bAtkEle,Ele_Dark;
bonus bMaxHPrate,-2;
bonus2 bAddEff,Eff_Bleeding,200;
"
1818,Magma Fist,너클,80,0,3,75,3,65,20,0,○,"몽크, 프리스트","bonus3 bAutoSpell,""SA_FLAMELAUNCHER"",5,10;
"
1819,Icicle Fist,너클,80,0,3,75,3,65,20,0,○,"몽크, 프리스트","bonus3 bAutoSpell,""SA_FROSTWEAPON"",5,10;
"
1820,Electric Fist,너클,80,0,3,75,3,65,20,0,○,"몽크, 프리스트","bonus3 bAutoSpell,""SA_LIGHTNINGLOADER"",5,10;
"
1821,Seismic Fist,너클,80,0,3,75,3,65,20,0,○,"몽크, 프리스트","bonus3 bAutoSpell,""SA_SEISMICWEAPON"",5,10;
"
1823,Valorous Battle Fist,너클,30,0,0,80,3,0,20,0,○,"몽크, 프리스트","STR+2, AGI+1"
1824,Brave Battle Fist,너클,30,0,0,80,3,0,20,0,○,"몽크, 프리스트","STR+2, INT+1"
1826,Glorious Claw,너클,30,0,0,80,4,0,20,0,○,"몽크, 프리스트","bonus2 bAddRace,RC_DemiHuman,95;
bonus2 bAddRace,RC_Player_Human,95;
bonus2 bIgn"
1827,Glorious Fist,너클,30,0,0,80,4,0,20,0,○,"몽크, 프리스트","bonus2 bAddRace,RC_DemiHuman,95;
bonus2 bAddRace,RC_Player_Human,95;
bonus2 bIgn"
13024,Refined Swordbreaker,단검,105,0,0,0,4,0,2,0,×,"알케미스트, 궁수, 어쌔신, BardDancer, 블랙스미스, 크루세이더, 헌터, 기사, Mage, 상인, 닌자, 로그, 세이지, SoulLinker, 소드맨, 도둑, 위저드","bonus bBreakWeaponRate,500;
"
13025,Refined Mailbreaker,단검,105,0,0,0,4,0,2,0,×,"알케미스트, 궁수, 어쌔신, BardDancer, 블랙스미스, 크루세이더, 헌터, 기사, Mage, 상인, 닌자, 로그, 세이지, SoulLinker, 소드맨, 도둑, 위저드","bonus bBreakArmorRate,500;
"
13026,Moonlight Dagger,단검,85,0,0,0,4,0,2,0,×,"알케미스트, 궁수, 어쌔신, BardDancer, 블랙스미스, 크루세이더, 헌터, 기사, Mage, 상인, 닌자, 로그, 세이지, SoulLinker, 소드맨, 도둑, 위저드","bonus bMaxSPrate,10;
bonus bSPDrainValue,3;
"
13029,Prinsense Knife,단검,120,0,0,0,1,0,20,0,×,"알케미스트, 궁수, 어쌔신, BardDancer, 블랙스미스, 크루세이더, 헌터, 기사, Mage, 상인, 닌자, 로그, 세이지, SoulLinker, 소드맨, 도둑, 위저드","bonus2 bAddClass,Class_All,50;
"
13043,Fortune Sword,단검,120,0,0,0,4,0,0,0,×,"알케미스트, 궁수, 어쌔신, BardDancer, 블랙스미스, 크루세이더, 헌터, 기사, Mage, 상인, 닌자, 로그, 세이지, SoulLinker, 소드맨, 도둑, 위저드",LUK+5
13044,Ice Pick,단검,105,0,0,0,4,0,0,0,×,"알케미스트, 궁수, 어쌔신, BardDancer, 블랙스미스, 크루세이더, 헌터, 기사, Mage, 상인, 닌자, 로그, 세이지, SoulLinker, 소드맨, 도둑, 위저드",
13045,Kamaitachi,단검,155,0,0,0,4,0,0,0,×,닌자,
1201,Knife,단검,17,0,3,1,1,40,50,0,○,"알케미스트, 궁수, 어쌔신, BardDancer, 블랙스미스, 크루세이더, 헌터, 기사, Mage, 상인, 닌자, 노비스, 로그, 세이지, SoulLinker, 슈퍼노비스, 소드맨, 도둑, 위저드",
1202,Knife,단검,17,0,4,1,1,40,50,0,○,"알케미스트, 궁수, 어쌔신, BardDancer, 블랙스미스, 크루세이더, 헌터, 기사, Mage, 상인, 닌자, 노비스, 로그, 세이지, SoulLinker, 슈퍼노비스, 소드맨, 도둑, 위저드",
1203,Knife,단검,17,0,0,1,1,40,50,0,○,"알케미스트, 궁수, 어쌔신, BardDancer, 블랙스미스, 크루세이더, 헌터, 기사, Mage, 상인, 닌자, 노비스, 로그, 세이지, SoulLinker, 슈퍼노비스, 소드맨, 도둑, 위저드",
1204,Cutter,단검,30,0,3,1,1,50,1250,0,○,"알케미스트, 궁수, 어쌔신, BardDancer, 블랙스미스, 크루세이더, 헌터, 기사, Mage, 상인, 닌자, 노비스, 로그, 세이지, SoulLinker, 슈퍼노비스, 소드맨, 도둑, 위저드",
1205,Cutter,단검,30,0,4,1,1,50,1250,0,○,"알케미스트, 궁수, 어쌔신, BardDancer, 블랙스미스, 크루세이더, 헌터, 기사, Mage, 상인, 닌자, 노비스, 로그, 세이지, SoulLinker, 슈퍼노비스, 소드맨, 도둑, 위저드",
1206,Cutter,단검,30,0,0,1,1,50,1250,0,○,"알케미스트, 궁수, 어쌔신, BardDancer, 블랙스미스, 크루세이더, 헌터, 기사, Mage, 상인, 닌자, 노비스, 로그, 세이지, SoulLinker, 슈퍼노비스, 소드맨, 도둑, 위저드",
1207,Main Gauche,단검,43,0,3,1,1,60,2400,0,○,"알케미스트, 궁수, 어쌔신, BardDancer, 블랙스미스, 크루세이더, 헌터, 기사, Mage, 상인, 닌자, 노비스, 로그, 세이지, SoulLinker, 슈퍼노비스, 소드맨, 도둑, 위저드",
1208,Main Gauche,단검,43,0,4,1,1,60,2400,0,○,"알케미스트, 궁수, 어쌔신, BardDancer, 블랙스미스, 크루세이더, 헌터, 기사, Mage, 상인, 닌자, 노비스, 로그, 세이지, SoulLinker, 슈퍼노비스, 소드맨, 도둑, 위저드",
1209,Main Gauche,단검,43,0,0,1,1,60,2400,0,○,"알케미스트, 궁수, 어쌔신, BardDancer, 블랙스미스, 크루세이더, 헌터, 기사, Mage, 상인, 닌자, 노비스, 로그, 세이지, SoulLinker, 슈퍼노비스, 소드맨, 도둑, 위저드",
1240,Princess Knife,단검,84,0,0,1,4,40,20,0,○,"알케미스트, 궁수, 어쌔신, BardDancer, 블랙스미스, 크루세이더, 헌터, 기사, Mage, 상인, 닌자, 로그, 세이지, SoulLinker, 소드맨, 도둑, 위저드",전스탯+1
1243,Novice Main-Gauche,단검,45,0,0,1,1,0.1,1,0,×,"노비스, 슈퍼노비스",
1247,Kindle Dagger,단검,39,0,0,1,1,60,10000,0,○,"알케미스트, 궁수, 어쌔신, BardDancer, 블랙스미스, 크루세이더, 헌터, 기사, Mage, 상인, 닌자, 노비스, 로그, 세이지, SoulLinker, 슈퍼노비스, 소드맨, 도둑, 위저드","bonus bAtkEle,Ele_Fire;
"
1248,Obsidian Dagger,단검,39,0,0,1,1,60,10000,0,○,"알케미스트, 궁수, 어쌔신, BardDancer, 블랙스미스, 크루세이더, 헌터, 기사, Mage, 상인, 닌자, 노비스, 로그, 세이지, SoulLinker, 슈퍼노비스, 소드맨, 도둑, 위저드","bonus bAtkEle,Ele_Earth;
"
1249,Fisherman's Dagger,단검,39,0,0,1,1,60,10000,0,○,"알케미스트, 궁수, 어쌔신, BardDancer, 블랙스미스, 크루세이더, 헌터, 기사, Mage, 상인, 닌자, 노비스, 로그, 세이지, SoulLinker, 슈퍼노비스, 소드맨, 도둑, 위저드","bonus bAtkEle,Ele_Water;
"
13000,Jujube Dagger,단검,39,0,0,1,1,60,10000,0,○,"알케미스트, 궁수, 어쌔신, BardDancer, 블랙스미스, 크루세이더, 헌터, 기사, Mage, 상인, 닌자, 노비스, 로그, 세이지, SoulLinker, 슈퍼노비스, 소드맨, 도둑, 위저드","bonus bAtkEle,Ele_Wind;
"
13021,Combat Knife,단검,129,0,0,1,4,0,1,0,×,"알케미스트, 궁수, 어쌔신, BardDancer, 블랙스미스, 크루세이더, 헌터, 기사, Mage, 상인, 닌자, 로그, 세이지, SoulLinker, 소드맨, 도둑, 위저드","bonus bIgnoreDefRace,RC_DemiHuman;
bonus bIgnoreDefRace,RC_Player_Human;
bonus2 "
13022,Dagger of Counter,단검,209,0,0,1,4,0,1,0,×,"Mage, 세이지, SoulLinker, 위저드",CRIT+90
13023,Ashura,단검,120,0,0,1,1,0,1,0,×,닌자,"bonus bMatkRate,15;
"
13040,Novice Cutter,단검,50,0,3,1,1,0,0,0,×,"알케미스트, 궁수, 어쌔신, BardDancer, 블랙스미스, 크루세이더, 헌터, 기사, Mage, 상인, 닌자, 노비스, 로그, 세이지, SoulLinker, 슈퍼노비스, 소드맨, 도둑, 위저드",
13041,Novice Main Gauche,단검,63,0,3,1,1,0,0,0,×,"알케미스트, 궁수, 어쌔신, BardDancer, 블랙스미스, 크루세이더, 헌터, 기사, Mage, 상인, 닌자, 노비스, 로그, 세이지, SoulLinker, 슈퍼노비스, 소드맨, 도둑, 위저드",
13048,Damascus,단검,153,0,0,1,3,0,0,0,×,"알케미스트, 궁수, 어쌔신, BardDancer, 블랙스미스, 크루세이더, 헌터, 기사, Mage, 상인, 닌자, 로그, 세이지, SoulLinker, 소드맨, 도둑, 위저드","bonus2 bAddSize,Size_All,40;
"
1210,Dirk,단검,59,0,2,12,2,50,8500,0,○,"알케미스트, 궁수, 어쌔신, BardDancer, 블랙스미스, 크루세이더, 헌터, 기사, Mage, 상인, 닌자, 노비스, 로그, 세이지, SoulLinker, 슈퍼노비스, 소드맨, 도둑, 위저드",
1211,Dirk,단검,59,0,3,12,2,50,8500,0,○,"알케미스트, 궁수, 어쌔신, BardDancer, 블랙스미스, 크루세이더, 헌터, 기사, Mage, 상인, 닌자, 노비스, 로그, 세이지, SoulLinker, 슈퍼노비스, 소드맨, 도둑, 위저드",
1212,Dirk,단검,59,0,0,12,2,50,8500,0,○,"알케미스트, 궁수, 어쌔신, BardDancer, 블랙스미스, 크루세이더, 헌터, 기사, Mage, 상인, 닌자, 노비스, 로그, 세이지, SoulLinker, 슈퍼노비스, 소드맨, 도둑, 위저드",
1213,Dagger,단검,73,0,2,12,2,60,14000,0,○,"알케미스트, 궁수, 어쌔신, BardDancer, 블랙스미스, 크루세이더, 헌터, 기사, Mage, 상인, 닌자, 노비스, 로그, 세이지, SoulLinker, 슈퍼노비스, 소드맨, 도둑, 위저드",
1214,Dagger,단검,73,0,3,12,2,60,14000,0,○,"알케미스트, 궁수, 어쌔신, BardDancer, 블랙스미스, 크루세이더, 헌터, 기사, Mage, 상인, 닌자, 노비스, 로그, 세이지, SoulLinker, 슈퍼노비스, 소드맨, 도둑, 위저드",
1215,Dagger,단검,73,0,0,12,2,60,14000,0,○,"알케미스트, 궁수, 어쌔신, BardDancer, 블랙스미스, 크루세이더, 헌터, 기사, Mage, 상인, 닌자, 노비스, 로그, 세이지, SoulLinker, 슈퍼노비스, 소드맨, 도둑, 위저드",
1216,Stiletto,단검,87,0,2,12,2,70,19500,0,○,"알케미스트, 궁수, 어쌔신, BardDancer, 블랙스미스, 크루세이더, 헌터, 기사, Mage, 상인, 닌자, 노비스, 로그, 세이지, SoulLinker, 슈퍼노비스, 소드맨, 도둑, 위저드",
1217,Stiletto,단검,87,0,3,12,2,70,19500,0,○,"알케미스트, 궁수, 어쌔신, BardDancer, 블랙스미스, 크루세이더, 헌터, 기사, Mage, 상인, 닌자, 노비스, 로그, 세이지, SoulLinker, 슈퍼노비스, 소드맨, 도둑, 위저드",
1218,Stiletto,단검,87,0,0,12,2,70,19500,0,○,"알케미스트, 궁수, 어쌔신, BardDancer, 블랙스미스, 크루세이더, 헌터, 기사, Mage, 상인, 닌자, 노비스, 로그, 세이지, SoulLinker, 슈퍼노비스, 소드맨, 도둑, 위저드",
13010,Asura,단검,50,0,2,12,1,60,3000,0,○,닌자,"bonus bMatkRate,10;
"
13011,Asura,단검,50,0,3,12,1,60,3000,0,○,닌자,"bonus bMatkRate,10;
"
1219,Gladius,단검,105,0,2,24,3,70,43000,0,○,"알케미스트, 궁수, 어쌔신, BardDancer, 블랙스미스, 크루세이더, 헌터, 기사, Mage, 상인, 닌자, 로그, 세이지, SoulLinker, 소드맨, 도둑, 위저드",
1220,Gladius,단검,105,0,3,24,3,70,43000,0,○,"알케미스트, 궁수, 어쌔신, BardDancer, 블랙스미스, 크루세이더, 헌터, 기사, Mage, 상인, 닌자, 로그, 세이지, SoulLinker, 소드맨, 도둑, 위저드",
1221,Gladius,단검,105,0,0,24,3,70,43000,0,○,"알케미스트, 궁수, 어쌔신, BardDancer, 블랙스미스, 크루세이더, 헌터, 기사, Mage, 상인, 닌자, 로그, 세이지, SoulLinker, 소드맨, 도둑, 위저드",
1222,Damascus,단검,118,0,1,24,3,80,49000,0,○,"알케미스트, 궁수, 어쌔신, BardDancer, 블랙스미스, 크루세이더, 헌터, 기사, Mage, 상인, 닌자, 로그, 세이지, SoulLinker, 소드맨, 도둑, 위저드","bonus bUnbreakableWeapon;
"
1223,Fortune Sword,단검,90,0,0,24,4,50,20,0,○,"알케미스트, 궁수, 어쌔신, BardDancer, 블랙스미스, 크루세이더, 헌터, 기사, Mage, 상인, 닌자, 로그, 세이지, SoulLinker, 소드맨, 도둑, 위저드",LUK+5
1226,Damascus,단검,118,0,2,24,3,80,49000,0,○,"알케미스트, 궁수, 어쌔신, BardDancer, 블랙스미스, 크루세이더, 헌터, 기사, Mage, 상인, 닌자, 로그, 세이지, SoulLinker, 소드맨, 도둑, 위저드","bonus bUnbreakableWeapon;
"
13012,Murasame,단검,95,0,1,24,2,70,20,0,○,닌자,"bonus bAtkEle,Ele_Water;
bonus2 bCriticalAddRace,RC_DemiHuman,10;
bonus2 bCritic"
13013,Murasame,단검,95,0,2,24,2,70,20,0,○,닌자,"bonus bAtkEle,Ele_Water;
bonus2 bCriticalAddRace,RC_DemiHuman,10;
bonus2 bCritic"
1245,Cinquedea,단검,110,0,1,30,3,70,40000,0,○,"노비스, 슈퍼노비스",
1246,Cinquedea,단검,110,0,2,30,3,70,40000,0,○,"노비스, 슈퍼노비스",
13007,Jitte,단검,70,0,0,35,2,40,20000,0,○,닌자,"bonus bBreakWeaponRate,200;
"
13008,Jitte,단검,70,0,1,35,2,40,20000,0,○,닌자,"bonus bBreakWeaponRate,200;
"
1224,Swordbreaker,단검,70,0,0,36,4,100,20,0,○,"알케미스트, 궁수, 어쌔신, BardDancer, 블랙스미스, 크루세이더, 헌터, 기사, Mage, 상인, 닌자, 로그, 세이지, SoulLinker, 소드맨, 도둑, 위저드","bonus bBreakWeaponRate,500;
"
1225,Mailbreaker,단검,70,0,0,36,4,100,20,0,○,"알케미스트, 궁수, 어쌔신, BardDancer, 블랙스미스, 크루세이더, 헌터, 기사, Mage, 상인, 닌자, 로그, 세이지, SoulLinker, 소드맨, 도둑, 위저드","bonus bBreakArmorRate,500;
"
1227,Weeder Knife,단검,80,0,0,36,4,40,20,0,○,"알케미스트, 궁수, 어쌔신, BardDancer, 블랙스미스, 크루세이더, 헌터, 기사, Mage, 상인, 닌자, 로그, 세이지, SoulLinker, 소드맨, 도둑, 위저드","bonus bIgnoreDefRace,RC_Plant;
bonus2 bAddRace,RC_Plant,15;
bonus2 bSubRace,RC_P"
1228,Combat Knife,단검,80,0,0,36,4,40,20,0,○,"알케미스트, 궁수, 어쌔신, BardDancer, 블랙스미스, 크루세이더, 헌터, 기사, Mage, 상인, 닌자, 로그, 세이지, SoulLinker, 소드맨, 도둑, 위저드","bonus bIgnoreDefRace,RC_DemiHuman;
bonus bIgnoreDefRace,RC_Player_Human;
bonus2 "
1229,Kitchen Knife,단검,75,0,0,36,4,50,20,0,○,"알케미스트, 궁수, 어쌔신, BardDancer, 블랙스미스, 크루세이더, 헌터, 기사, Mage, 상인, 닌자, 로그, 세이지, SoulLinker, 소드맨, 도둑, 위저드",CRIT+30
1230,Ice Pick,단검,80,0,0,36,4,60,20,0,○,"알케미스트, 궁수, 어쌔신, BardDancer, 블랙스미스, 크루세이더, 헌터, 기사, Mage, 상인, 닌자, 로그, 세이지, SoulLinker, 소드맨, 도둑, 위저드","bonus bDefRatioAtkClass,Class_All;
"
1231,Bazerald,단검,70,0,0,36,4,50,20,0,○,"알케미스트, 궁수, 어쌔신, BardDancer, 블랙스미스, 크루세이더, 헌터, 기사, Mage, 상인, 닌자, 로그, 세이지, SoulLinker, 소드맨, 도둑, 위저드",INT+5
1232,Assassin Dagger,단검,140,0,0,36,4,60,20,0,○,어쌔신,ASPD+2%
1233,Exorciser,단검,90,0,0,36,4,70,20,0,○,"알케미스트, 궁수, 어쌔신, BardDancer, 블랙스미스, 크루세이더, 헌터, 기사, Mage, 상인, 닌자, 로그, 세이지, SoulLinker, 소드맨, 도둑, 위저드","bonus bIgnoreDefRace,RC_Demon;
bonus2 bSubRace,RC_Demon,5;
bonus2 bSubRace,RC_De"
1234,Moonlight Dagger,단검,50,0,0,36,4,70,20,0,○,"알케미스트, 궁수, 어쌔신, BardDancer, 블랙스미스, 크루세이더, 헌터, 기사, Mage, 상인, 닌자, 로그, 세이지, SoulLinker, 소드맨, 도둑, 위저드","bonus bMaxSPrate,10;
bonus bSPDrainValue,3;
"
1235,Azoth,단검,110,0,0,36,4,70,20,0,○,알케미스트,"bonus bClassChange,300;
"
1236,Sucsamad,단검,140,0,0,36,4,80,20,0,○,"알케미스트, 궁수, 어쌔신, BardDancer, 블랙스미스, 크루세이더, 헌터, 기사, Mage, 상인, 닌자, 로그, 세이지, SoulLinker, 소드맨, 도둑, 위저드","bonus2 bAddEle,Ele_Earth,10;
bonus2 bAddEle,Ele_Wind,10;
bonus bUnbreakableWeapo"
1237,Grimtooth,단검,180,0,0,36,4,80,20,0,○,"알케미스트, 궁수, 어쌔신, BardDancer, 블랙스미스, 크루세이더, 헌터, 기사, Mage, 상인, 닌자, 로그, 세이지, SoulLinker, 소드맨, 도둑, 위저드",FLEE+10
13017,Ice Pick,단검,70,0,1,36,4,60,20,0,○,"알케미스트, 궁수, 어쌔신, BardDancer, 블랙스미스, 크루세이더, 헌터, 기사, Mage, 상인, 닌자, 로그, 세이지, SoulLinker, 소드맨, 도둑, 위저드","bonus bDefRatioAtkClass,Class_All;
"
13018,Sucsamad,단검,140,0,1,36,4,80,20,0,○,"알케미스트, 궁수, 어쌔신, BardDancer, 블랙스미스, 크루세이더, 헌터, 기사, Mage, 상인, 닌자, 로그, 세이지, SoulLinker, 소드맨, 도둑, 위저드","bonus2 bAddEle,Ele_Earth,10;
bonus2 bAddEle,Ele_Wind,10;
bonus bUnbreakableWeapo"
13031,Swordbreaker,단검,70,0,3,36,4,100,20,0,○,"알케미스트, 궁수, 어쌔신, BardDancer, 블랙스미스, 크루세이더, 헌터, 기사, Mage, 상인, 닌자, 로그, 세이지, SoulLinker, 소드맨, 도둑, 위저드","bonus bBreakWeaponRate,500;
"
13032,Mailbreaker,단검,70,0,3,36,4,100,20,0,○,"알케미스트, 궁수, 어쌔신, BardDancer, 블랙스미스, 크루세이더, 헌터, 기사, Mage, 상인, 닌자, 로그, 세이지, SoulLinker, 소드맨, 도둑, 위저드","bonus bBreakArmorRate,500;
"
13033,Assassin Dagger,단검,140,0,1,36,4,60,20,0,○,어쌔신,ASPD+2%
13014,Hakujin,단검,120,0,0,42,3,80,20,0,○,닌자,INT+2
13015,Hakujin,단검,120,0,1,42,3,80,20,0,○,닌자,INT+2
13020,Warrior's Balmung,단검,170,0,0,48,4,100,20,0,○,전직업,전스탯+5
13005,Angelic Wing Dagger,단검,120,0,2,50,4,60,20,0,○,"노비스, 슈퍼노비스",
13039,Ivory Knife,단검,130,0,2,50,3,70,20,0,○,"알케미스트, 궁수, 어쌔신, BardDancer, 블랙스미스, 크루세이더, 헌터, 기사, Mage, 상인, 닌자, 로그, 세이지, SoulLinker, 소드맨, 도둑, 위저드","AGI+2, ASPD+3%"
13046,Krierg,단검,110,0,3,50,2,50,20,0,○,"어쌔신, 로그, 도둑","bonus3 bAddEffOnSkill,""RG_BACKSTAP"",Eff_Bleeding,1000;
bonus2 bSkillAtk,""RG_BACK"
13047,Weihna,단검,135,0,2,50,3,50,20,0,○,"어쌔신, 로그, 도둑","bonus3 bAddEffOnSkill,""RG_RAID"",Eff_Poison,1000;
autobonus ""{ bonus2 bAddClass,C"
1242,Dagger of Counter,단검,140,0,0,55,4,55,120000,0,○,"Mage, 세이지, SoulLinker, 위저드",CRIT+90
1244,Holy Dagger,단검,100,0,0,55,4,80,20,0,○,"어쌔신, 닌자, 로그, 도둑",DEX+1
13003,Cowardice Blade,단검,80,0,1,55,3,70,52000,0,○,"어쌔신, 닌자, 로그, 도둑",DEF+5
13004,Cowardice Blade,단검,80,0,2,55,3,70,52000,0,○,"어쌔신, 닌자, 로그, 도둑",DEF+5
13027,Scalpel,단검,120,0,3,55,4,50,20,0,○,"알케미스트, 궁수, 어쌔신, BardDancer, 블랙스미스, 크루세이더, 헌터, 기사, Mage, 상인, 닌자, 로그, 세이지, SoulLinker, 소드맨, 도둑, 위저드","bonus2 bAddEff,Eff_Bleeding,500;
"
13028,Tooth Blade,단검,130,0,1,55,4,70,20,0,○,"알케미스트, 궁수, 어쌔신, BardDancer, 블랙스미스, 크루세이더, 헌터, 기사, Mage, 상인, 닌자, 로그, 세이지, SoulLinker, 소드맨, 도둑, 위저드","if (getrefine()>=9) {
   bonus3 bAutoSpell,""NPC_SLOWCAST"",2,70;
} else
   bonus3"
13001,Dragon Killer,단검,110,0,0,60,4,90,20,0,○,"알케미스트, 궁수, 어쌔신, BardDancer, 블랙스미스, 크루세이더, 헌터, 기사, Mage, 상인, 닌자, 노비스, 로그, 세이지, SoulLinker, 슈퍼노비스, 소드맨, 도둑, 위저드","bonus bIgnoreDefRace,RC_Dragon;
bonus2 bExpAddRace,RC_Dragon,10;
"
13030,Dragon Killer,단검,110,0,2,60,4,90,20,0,○,"알케미스트, 궁수, 어쌔신, BardDancer, 블랙스미스, 크루세이더, 헌터, 기사, Mage, 상인, 닌자, 노비스, 로그, 세이지, SoulLinker, 슈퍼노비스, 소드맨, 도둑, 위저드","bonus bIgnoreDefRace,RC_Dragon;
bonus2 bExpAddRace,RC_Dragon,10;
"
1239,Poison Knife,단검,64,0,0,65,3,80,20,0,○,"알케미스트, 궁수, 어쌔신, BardDancer, 블랙스미스, 크루세이더, 헌터, 기사, Mage, 상인, 닌자, 로그, 세이지, SoulLinker, 소드맨, 도둑, 위저드","bonus bAtkEle,Ele_Poison;
bonus2 bAddEff,Eff_Poison,3000;
"
13006,Khukri,단검,150,0,0,65,3,60,240000,0,○,닌자,"bonus bAtkEle,Ele_Dark;
bonus2 bAddEff,Eff_Curse,1000;
"
13016,Poison Knife,단검,64,0,2,65,3,80,20,0,○,"알케미스트, 궁수, 어쌔신, BardDancer, 블랙스미스, 크루세이더, 헌터, 기사, Mage, 상인, 닌자, 로그, 세이지, SoulLinker, 소드맨, 도둑, 위저드","bonus bAtkEle,Ele_Poison;
bonus2 bAddEff,Eff_Poison,3000;
"
1238,Zeny Knife,단검,64,0,0,70,3,120,20,0,○,"알케미스트, 궁수, 어쌔신, BardDancer, 블랙스미스, 크루세이더, 헌터, 기사, Mage, 상인, 닌자, 로그, 세이지, SoulLinker, 소드맨, 도둑, 위저드","bonus2 bGetZenyNum,100,40;
"
13002,Ginnungagap,단검,148,0,0,70,4,70,20,0,○,"알케미스트, 궁수, 어쌔신, BardDancer, 블랙스미스, 크루세이더, 헌터, 기사, Mage, 상인, 닌자, 노비스, 로그, 세이지, SoulLinker, 슈퍼노비스, 소드맨, 도둑, 위저드","bonus bAtkEle,Ele_Dark;
bonus2 bAddEff,Eff_Blind,500;
bonus2 bAddEff2,Eff_Blind,"
13009,Kamaitachi,단검,125,0,0,70,4,90,48000,0,○,닌자,"ASPD+3%, CRIT+3"
13019,Ginnungagap,단검,148,0,1,70,4,70,20,0,○,"알케미스트, 궁수, 어쌔신, BardDancer, 블랙스미스, 크루세이더, 헌터, 기사, Mage, 상인, 닌자, 노비스, 로그, 세이지, SoulLinker, 슈퍼노비스, 소드맨, 도둑, 위저드","bonus bAtkEle,Ele_Dark;
bonus2 bAddEff,Eff_Blind,500;
bonus2 bAddEff2,Eff_Blind,"
13034,Desert Twilight,단검,130,0,2,70,2,60,20,0,○,어쌔신,
13035,Sandstorm,단검,50,0,4,70,2,60,20,0,○,어쌔신,
13038,Dagger of Hunter,단검,120,0,3,70,3,70,20,0,○,로그,"STR+1, AGI+2, DEX+1"
13036,Brave Assassin's Damascus,단검,120,0,0,80,3,0,20,0,○,"알케미스트, 궁수, 어쌔신, BardDancer, 블랙스미스, 크루세이더, 헌터, 기사, Mage, 상인, 닌자, 노비스, 로그, 세이지, SoulLinker, 슈퍼노비스, 소드맨, 도둑, 위저드","STR+1, AGI+1"
13037,Valorous Assassin's Damascus,단검,120,0,0,80,3,0,20,0,○,"알케미스트, 궁수, 어쌔신, BardDancer, 블랙스미스, 크루세이더, 헌터, 기사, Mage, 상인, 닌자, 노비스, 로그, 세이지, SoulLinker, 슈퍼노비스, 소드맨, 도둑, 위저드","STR+1, AGI+1"
13042,Glorious Gladius,단검,120,0,0,80,4,0,20,0,○,"알케미스트, 궁수, 어쌔신, BardDancer, 블랙스미스, 크루세이더, 헌터, 기사, Mage, 상인, 닌자, 노비스, 로그, 세이지, SoulLinker, 슈퍼노비스, 소드맨, 도둑, 위저드","bonus2 bAddRace,RC_DemiHuman,75;
bonus2 bAddRace,RC_Player_Human,75;
bonus2 bIgn"
1241,Cursed Dagger,단검,55,0,0,85,4,40,80000,0,○,"Mage, 세이지, SoulLinker, 위저드","bonus2 bAddEff,Eff_Curse,5000;
"
1534,Wrench,둔기,150,0,0,0,3,0,2,0,×,"복사, 몽크, 프리스트","bonus2 bAddEff,Eff_Blind,100;
bonus2 bAddEff,Eff_Stun,100;
bonus2 bAddEff,Eff_Po"
1536,Good Morning Star,둔기,120,0,0,0,1,0,20,0,×,"복사, 알케미스트, 블랙스미스, 크루세이더, 기사, 상인, 몽크, 프리스트, 소드맨","bonus2 bAddClass,Class_All,50;
"
1537,Refined Quadrille,둔기,193,0,0,0,4,0,1,0,×,"복사, 몽크, 프리스트","bonus2 bAddRace,RC_DemiHuman,30;
bonus2 bAddRace,RC_Player_Human,30;
bonus2 bAdd"
1547,Mace Of Madness,둔기,150,0,0,0,3,0,20,0,×,"복사, 알케미스트, 블랙스미스, 크루세이더, 기사, 상인, 몽크, 프리스트, 소드맨",STR+2
1599,Angra Manyu,둔기,200,0,0,1,1,1,1,0,○,전직업,"ASPD+100%, 전스탯+50"
16002,Stunner,둔기,175,0,0,1,3,0,0,0,×,"복사, 몽크, 프리스트","bonus2 bAddEff,Eff_Stun,1000;
bonus2 bAddSize,Size_All,40;
"
1501,Club,둔기,23,0,3,2,1,70,120,0,○,"복사, 알케미스트, 블랙스미스, 크루세이더, 기사, 상인, 몽크, 노비스, 프리스트, 슈퍼노비스, 소드맨",
1502,Club,둔기,23,0,4,2,1,70,120,0,○,"복사, 알케미스트, 블랙스미스, 크루세이더, 기사, 상인, 몽크, 노비스, 프리스트, 슈퍼노비스, 소드맨",
1503,Club,둔기,23,0,0,2,1,70,120,0,○,"복사, 알케미스트, 블랙스미스, 크루세이더, 기사, 상인, 몽크, 노비스, 프리스트, 슈퍼노비스, 소드맨",
1504,Mace,둔기,37,0,3,2,1,80,1600,0,○,"복사, 알케미스트, 블랙스미스, 크루세이더, 기사, 상인, 몽크, 노비스, 프리스트, 슈퍼노비스, 소드맨",
1505,Mace,둔기,37,0,4,2,1,80,1600,0,○,"복사, 알케미스트, 블랙스미스, 크루세이더, 기사, 상인, 몽크, 노비스, 프리스트, 슈퍼노비스, 소드맨",
1506,Mace,둔기,37,0,0,2,1,80,1600,0,○,"복사, 알케미스트, 블랙스미스, 크루세이더, 기사, 상인, 몽크, 노비스, 프리스트, 슈퍼노비스, 소드맨",
1545,Novice Mace,둔기,57,0,3,2,1,0,0,0,×,"복사, 알케미스트, 블랙스미스, 크루세이더, 기사, 상인, 몽크, 노비스, 프리스트, 슈퍼노비스, 소드맨",
1507,Smasher,둔기,54,0,2,14,2,100,9000,0,○,"복사, 알케미스트, 블랙스미스, 크루세이더, 기사, 상인, 몽크, 노비스, 프리스트, 슈퍼노비스, 소드맨",
1508,Smasher,둔기,54,0,3,14,2,100,9000,0,○,"복사, 알케미스트, 블랙스미스, 크루세이더, 기사, 상인, 몽크, 노비스, 프리스트, 슈퍼노비스, 소드맨",
1509,Smasher,둔기,54,0,3,14,2,100,9000,0,○,"복사, 알케미스트, 블랙스미스, 크루세이더, 기사, 상인, 몽크, 노비스, 프리스트, 슈퍼노비스, 소드맨",
1510,Flail,둔기,69,0,2,14,2,90,16000,0,○,"복사, 알케미스트, 블랙스미스, 크루세이더, 기사, 상인, 몽크, 프리스트, 소드맨",
1511,Flail,둔기,69,0,3,14,2,90,16000,0,○,"복사, 알케미스트, 블랙스미스, 크루세이더, 기사, 상인, 몽크, 프리스트, 소드맨",
1512,Flail,둔기,69,0,3,14,2,90,16000,0,○,"복사, 알케미스트, 블랙스미스, 크루세이더, 기사, 상인, 몽크, 프리스트, 소드맨",
1519,Chain,둔기,84,0,2,14,2,80,23000,0,○,"복사, 알케미스트, 블랙스미스, 크루세이더, 기사, 상인, 몽크, 프리스트, 소드맨",
1520,Chain,둔기,84,0,3,14,2,80,23000,0,○,"복사, 알케미스트, 블랙스미스, 크루세이더, 기사, 상인, 몽크, 프리스트, 소드맨",
1521,Chain,둔기,84,0,3,14,2,80,23000,0,○,"복사, 알케미스트, 블랙스미스, 크루세이더, 기사, 상인, 몽크, 프리스트, 소드맨",
1513,Morning Star,둔기,110,0,1,27,3,150,41000,0,○,"복사, 알케미스트, 블랙스미스, 크루세이더, 기사, 상인, 몽크, 프리스트, 소드맨",
1514,Morning Star,둔기,110,0,2,27,3,150,41000,0,○,"복사, 알케미스트, 블랙스미스, 크루세이더, 기사, 상인, 몽크, 프리스트, 소드맨",
1515,Morning Star,둔기,110,0,2,27,3,150,41000,0,○,"복사, 알케미스트, 블랙스미스, 크루세이더, 기사, 상인, 몽크, 프리스트, 소드맨",
1516,Sword Mace,둔기,130,0,0,27,3,120,50000,0,○,"복사, 알케미스트, 블랙스미스, 크루세이더, 기사, 상인, 몽크, 프리스트, 소드맨",
1517,Sword Mace,둔기,130,0,1,27,3,120,50000,0,○,"복사, 알케미스트, 블랙스미스, 크루세이더, 기사, 상인, 몽크, 프리스트, 소드맨",
1518,Sword Mace,둔기,130,0,1,27,3,120,50000,0,○,"복사, 알케미스트, 블랙스미스, 크루세이더, 기사, 상인, 몽크, 프리스트, 소드맨",
1522,Stunner,둔기,140,0,0,27,3,200,60000,0,○,"복사, 몽크, 프리스트","bonus2 bAddEff,Eff_Stun,1000;
"
1532,Stunner,둔기,140,0,2,27,3,200,60000,0,○,"복사, 몽크, 프리스트","bonus2 bAddEff,Eff_Stun,1000;
"
1523,Spike,둔기,85,0,0,40,4,70,20,0,○,"복사, 몽크, 프리스트",CRIT+40
1524,Golden Mace,둔기,110,0,1,40,4,80,20,0,○,"복사, 몽크, 프리스트","bonus2 bAddRace,RC_Undead,10;
bonus bUnbreakableWeapon;
"
1525,Long Mace,둔기,135,0,0,40,4,80,20,0,○,"복사, 몽크, 프리스트","bonus bLongAtkDef,10;
"
1526,Slash,둔기,145,0,0,40,4,100,20,0,○,"복사, 몽크, 프리스트","bonus2 bAddRace,RC_Undead,15;
bonus2 bComaRace,RC_Undead,10;
bonus2 bExpAddRace,"
1527,Quadrille,둔기,165,0,0,40,4,90,20,0,○,"복사, 몽크, 프리스트","bonus2 bAddRace,RC_Undead,10;
bonus2 bAddRace,RC_DemiHuman,10;
bonus2 bAddRace,R"
1528,Grand Cross,둔기,140,0,0,40,4,150,20,0,○,"복사, 몽크, 프리스트","bonus bAtkEle,Ele_Holy;
skill ""PR_TURNUNDEAD"",3;
bonus3 bAutoSpell,""PR_TURNUNDEA"
1538,Spike,둔기,85,0,2,40,4,70,20,0,○,"복사, 몽크, 프리스트",CRIT+40
1539,Golden Mace,둔기,110,0,2,40,4,80,20,0,○,"복사, 몽크, 프리스트","bonus2 bAddRace,RC_Undead,10;
bonus bUnbreakableWeapon;
"
1540,Grand Cross,둔기,140,0,1,40,4,150,20,0,○,"복사, 몽크, 프리스트","bonus bAtkEle,Ele_Holy;
skill ""PR_TURNUNDEAD"",3;
bonus3 bAutoSpell,""PR_TURNUNDEA"
1535,Hollgrehenn's Hammer,둔기,4,0,1,44,4,4.4,4444,0,○,"복사, 알케미스트, 블랙스미스, 크루세이더, 기사, 상인, 몽크, 프리스트, 소드맨","bonus bBreakArmorRate,100;
bonus bBreakWeaponRate,100;
if (readparam(bStr)>=44) "
1533,Warrior's Balmung,둔기,170,0,0,48,4,100,20,0,○,전직업,전스탯+5
1544,Lunakaligo,둔기,110,0,3,50,3,70,20,0,○,"복사, 몽크, 프리스트",ASPD+4%
16000,Erde,둔기,130,0,2,50,3,50,20,0,○,"복사, 알케미스트, 블랙스미스, 크루세이더, 기사, 상인, 몽크, 프리스트, 소드맨",MaxSP+50
16001,Red Square Bag,둔기,130,0,2,50,3,50,20,0,○,"복사, 알케미스트, 블랙스미스, 크루세이더, 기사, 상인, 몽크, 프리스트, 소드맨",MaxHP+200
1531,Wrench,둔기,115,0,0,55,3,250,20,0,○,"복사, 몽크, 프리스트","bonus2 bAddEff,Eff_Blind,100;
bonus2 bAddEff,Eff_Stun,100;
bonus2 bAddEff,Eff_Po"
1541,Nemesis,둔기,120,0,0,60,4,90,20,0,○,"복사, 몽크, 프리스트","bonus bAtkEle,Ele_Holy;
bonus2 bAddRace,RC_Undead,10;
bonus2 bAddRace,RC_Demon,1"
1529,Iron Driver,둔기,155,0,0,78,3,300,20,0,○,"몽크, 프리스트",
1542,Valorous Battlefield Morning Star,둔기,105,0,0,80,3,0,20,0,○,"복사, 알케미스트, 블랙스미스, 크루세이더, 기사, 상인, 몽크, 노비스, 프리스트, 슈퍼노비스, 소드맨","STR+1, DEX+1"
1543,Brave Battlefield Morning Star,둔기,105,0,0,80,3,0,20,0,○,"복사, 알케미스트, 블랙스미스, 크루세이더, 기사, 상인, 몽크, 노비스, 프리스트, 슈퍼노비스, 소드맨","STR+1, DEX+1"
1546,Glorious Morning Star,둔기,130,0,0,80,4,0,20,0,○,"복사, 알케미스트, 블랙스미스, 크루세이더, 기사, 상인, 몽크, 노비스, 프리스트, 슈퍼노비스, 소드맨",ASPD+5%
1548,Veteran Hammer,둔기,160,0,2,80,3,180,10000,0,○,"복사, 몽크, 프리스트","INT+1, LUK+1"
1530,Mjolnir,둔기,250,0,0,95,4,600,20,0,×,"알케미스트, 블랙스미스, 크루세이더, 기사, 상인, 소드맨","STR+15, DEX+40, ASPD+10%"
1549,Pile Bunker,둔기,450,0,0,99,3,350,10000,0,○,블랙스미스,
16030,Pile Bunker S,둔기,400,0,1,130,4,300,20,0,○,블랙스미스,"bonus bAspdRate,getrefine()/2;
"
16031,Pile Bunker P,둔기,450,0,0,130,4,400,20,0,○,블랙스미스,"bonus bBaseAtk,getrefine()*5;
"
16032,Pile Bunker T,둔기,400,0,1,130,4,350,20,0,○,블랙스미스,"bonus bUseSPrate,getrefine()*-1;
"
13175,Lever Action Rifle,라이플,170,0,0,0,3,0,20,0,×,건슬링거,"HIT+20, ASPD+-5%, CRIT+50"
13150,Branch,라이플,50,0,3,1,1,50,3000,0,○,건슬링거,
13151,Cyclone,라이플,120,0,1,24,2,70,17500,0,○,건슬링거,"HIT+10, CRIT+10"
13152,Cyclone,라이플,120,0,2,24,2,70,17500,0,○,건슬링거,"HIT+10, CRIT+10"
13153,Dusk,라이플,150,0,1,56,2,75,23500,0,○,건슬링거,"HIT+10, CRIT+10"
13163,Long Barrel,라이플,150,0,0,70,3,100,40000,0,○,건슬링거,"HIT+10, ASPD+-3%, CRIT+20"
13164,Long Barrel,라이플,150,0,1,70,3,100,40000,0,○,건슬링거,"HIT+10, ASPD+-3%, CRIT+20"
13165,Jungle Carbine,라이플,170,0,0,70,3,70,56000,0,○,건슬링거,"HIT+10, ASPD+10%, CRIT+4"
13166,Jungle Carbine,라이플,170,0,1,70,3,70,56000,0,○,건슬링거,"HIT+10, ASPD+10%, CRIT+4"
13170,Lever Action Rifle,라이플,138,0,2,70,3,77,20,0,○,건슬링거,"HIT+20, ASPD+-5%, CRIT+50"
13171,Soldier Rifle,라이플,50,0,0,80,3,0,0,0,○,건슬링거,"DEX+2, HIT+10, CRIT+10"
13176,Glorious Rifle,라이플,90,0,0,80,4,0,0,0,○,건슬링거,"bonus2 bAddRace,RC_DemiHuman,75;
bonus2 bAddRace,RC_Player_Human,75;
bonus2 bIgn"
13109,Wasteland Outlaw,리볼버,100,0,0,0,3,0,20,0,×,건슬링거,"bonus bHit,readparam(bAgi)/10;
bonus bAspdRate,readparam(bAgi)/14;
bonus2 bAddCl"
13100,Six Shooter,리볼버,30,0,1,10,1,40,4500,0,○,건슬링거,HIT+-10
13101,Six Shooter,리볼버,30,0,2,10,1,40,4500,0,○,건슬링거,HIT+-10
13106,Gold Lux,리볼버,20,0,0,12,3,50,100000,0,○,건슬링거,HIT+-10
13112,Eden Revlover I,리볼버,4,0,0,26,1,0,0,0,×,건슬링거,HIT+-5
13102,Crimson Bolt,리볼버,45,0,1,35,2,45,20000,0,○,건슬링거,HIT+-10
13103,Crimson Bolt,리볼버,45,0,2,35,2,45,20000,0,○,건슬링거,HIT+-10
13113,Eden Revlover II,리볼버,60,0,0,40,1,0,0,0,×,건슬링거,HIT+-5
13104,Garrison,리볼버,70,0,1,55,2,50,48000,0,○,건슬링거,HIT+-10
13105,Garrison,리볼버,70,0,2,55,2,50,48000,0,○,건슬링거,HIT+-10
13107,Wasteland's Outlaw,리볼버,68,0,2,70,3,58,20,0,○,건슬링거,"bonus bHit,readparam(bAgi)/10;
bonus bAspdRate,readparam(bAgi)/14;
"
13108,Soldier Revolver,리볼버,70,0,0,80,3,0,0,0,○,건슬링거,"DEX+2, HIT+-10, ASPD+100%"
13110,Glorious Pistol,리볼버,80,0,0,80,4,0,0,0,○,건슬링거,"bonus2 bAddRace,RC_DemiHuman,55;
bonus2 bAddRace,RC_Player_Human,55;
bonus2 bIgn"
13154,Rolling Stone,샷건,135,0,1,14,1,90,12000,0,○,건슬링거,"bonus bSplashRange,1;
"
13156,Gate Keeper,샷건,210,0,0,24,2,100,56000,0,○,건슬링거,"bonus bSplashRange,1;
bonus3 bAutoSpell,""GS_SPREADATTACK"",6,50;
"
13155,Black Rose,샷건,180,0,1,35,2,90,32000,0,○,건슬링거,"bonus bSplashRange,1;
"
13167,Gate Keeper-DD,샷건,200,0,0,70,4,130,72000,0,○,건슬링거,DEX+1
13168,Thunder P,샷건,80,0,1,70,3,70,76000,0,○,건슬링거,"HIT+-5, ASPD+20%"
13169,Thunder P,샷건,80,0,2,70,3,70,76000,0,○,건슬링거,"HIT+-5, ASPD+20%"
13173,Soldier Shotgun,샷건,100,0,0,80,3,0,0,0,○,건슬링거,DEX+2
13178,Glorious Shotgun,샷건,110,0,0,80,4,0,0,0,○,건슬링거,"bonus2 bAddRace,RC_DemiHuman,55;
bonus2 bAddRace,RC_Player_Human,55;
bonus2 bIgn"
1921,Gun Moon Gom,악기,120,0,0,0,1,0,20,0,×,BardDancer,"bonus2 bAddClass,Class_All,50;
"
1928,Spirited Guitar,악기,40,0,0,0,4,0,0,0,×,BardDancer,ASPD+100%
1929,Guitar,악기,177,0,0,1,3,0,0,0,×,BardDancer,"bonus2 bAddSize,Size_All,40;
"
1901,Violin,악기,50,0,3,2,1,70,4000,0,○,BardDancer,
1902,Violin,악기,50,0,4,2,1,70,4000,0,○,BardDancer,
1903,Mandolin,악기,90,0,2,14,2,40,18000,0,○,BardDancer,
1904,Mandolin,악기,90,0,3,14,2,40,18000,0,○,BardDancer,
1905,Lute,악기,105,0,2,14,2,50,24500,0,○,BardDancer,
1906,Lute,악기,105,0,3,14,2,50,24500,0,○,BardDancer,
1907,Guitar,악기,142,0,0,27,3,90,47000,0,○,BardDancer,
1908,Guitar,악기,142,0,1,27,3,90,47000,0,○,BardDancer,
1909,Harp,악기,114,0,1,27,3,90,62000,0,○,BardDancer,INT+2
1910,Harp,악기,114,0,2,27,3,90,62000,0,○,BardDancer,INT+2
1911,Gumoongoh,악기,126,0,1,27,3,130,54000,0,○,BardDancer,
1912,Gumoongoh,악기,126,0,2,27,3,130,54000,0,○,BardDancer,
1914,Burning Passion Guitar,악기,110,0,0,27,3,90,20,0,○,BardDancer,"bonus bAtkEle,Ele_Fire;
"
1915,Loner's Guitar,악기,110,0,0,27,3,90,20,0,○,BardDancer,"bonus bAtkEle,Ele_Water;
"
1916,Green Acre Guitar,악기,110,0,0,27,3,90,20,0,○,BardDancer,"bonus bAtkEle,Ele_Earth;
"
1917,Gentle Breeze Guitar,악기,110,0,0,27,3,90,20,0,○,BardDancer,"bonus bAtkEle,Ele_Wind;
"
1926,Harp of Nepenthes,악기,120,0,2,60,4,100,20,0,○,BardDancer,INT+2
1918,Oriental Lute,악기,150,0,0,65,4,120,20,0,○,BardDancer,"bonus2 bSkillAtk,""CG_ARROWVULCAN"",10;
bonus2 bSkillAtk,""BA_MUSICALSTRIKE"",10;
"
1922,Oriental Lute,악기,150,0,2,65,4,120,20,0,○,BardDancer,"bonus2 bSkillAtk,""CG_ARROWVULCAN"",10;
bonus2 bSkillAtk,""BA_MUSICALSTRIKE"",10;
"
1913,Electric Guitar,악기,110,0,0,70,4,180,20,0,○,BardDancer,"AGI+1, INT+2"
1919,Bass Guitar,악기,130,0,1,70,3,150,20,0,○,BardDancer,"bonus bSPGainValue,3;
bonus4 bAutoSpellWhenHit,""WZ_HEAVENDRIVE"",3,30,1;
bonus3 b"
1920,Berserk Guitar,악기,10,0,0,70,4,180,20,0,○,BardDancer,ASPD+100%
1925,Cello,악기,110,0,3,70,3,70,20,0,○,BardDancer,"AGI+2, DEX+3"
1923,Valorous Battlefield Guitar,악기,50,0,0,80,3,0,20,0,○,BardDancer,DEX+2
1924,Brave Battlefield Guitar,악기,50,0,0,80,3,0,20,0,○,BardDancer,DEX+2
1927,Glorious Guitar,악기,50,0,0,80,4,0,20,0,○,BardDancer,"bonus2 bAddRace,RC_DemiHuman,95;
bonus2 bAddRace,RC_Player_Human,95;
bonus2 bIgn"
1174,Executioner,양손검,190,0,0,0,4,0,2,0,×,"크루세이더, 기사, 소드맨","bonus bIgnoreDefRace,RC_DemiHuman;
bonus bIgnoreDefRace,RC_Player_Human;
bonus2 "
1177,Muramash,양손검,120,0,0,0,1,0,20,0,×,"크루세이더, 기사, 소드맨","bonus2 bAddClass,Class_All,50;
"
1173,Muramasa,양손검,204,0,0,1,4,0,1,0,×,"크루세이더, 기사, 소드맨","ASPD+8%, CRIT+30"
1190,Claymore,양손검,220,0,0,1,3,0,0,0,×,"크루세이더, 기사","bonus2 bAddSize,Size_All,40;
"
1116,Katana,양손검,60,0,3,4,1,100,2000,0,○,"크루세이더, 기사, 소드맨",
1117,Katana,양손검,60,0,4,4,1,100,2000,0,○,"크루세이더, 기사, 소드맨",
1118,Katana,양손검,60,0,0,4,1,100,2000,0,○,"크루세이더, 기사, 소드맨",
1151,Slayer,양손검,90,0,2,18,2,130,15000,0,○,"크루세이더, 기사, 소드맨",
1152,Slayer,양손검,90,0,3,18,2,130,15000,0,○,"크루세이더, 기사, 소드맨",
1153,Slayer,양손검,90,0,0,18,2,130,15000,0,○,"크루세이더, 기사, 소드맨",
1154,Bastard Sword,양손검,115,0,2,18,2,160,22500,0,○,"크루세이더, 기사, 소드맨",
1155,Bastard Sword,양손검,115,0,3,18,2,160,22500,0,○,"크루세이더, 기사, 소드맨",
1156,Bastard Sword,양손검,115,0,0,18,2,160,22500,0,○,"크루세이더, 기사, 소드맨",
1157,Two-Handed Sword,양손검,160,0,1,33,3,220,60000,0,○,"크루세이더, 기사, 소드맨",
1158,Two-Handed Sword,양손검,160,0,2,33,3,220,60000,0,○,"크루세이더, 기사, 소드맨",
1159,Two-Handed Sword,양손검,160,0,0,33,3,220,60000,0,○,"크루세이더, 기사, 소드맨",
1160,Broad Sword,양손검,140,0,1,33,3,200,65000,0,○,"크루세이더, 기사, 소드맨",DEF+5
1162,Broad Sword,양손검,140,0,2,33,3,200,65000,0,○,"크루세이더, 기사, 소드맨",DEF+5
1163,Claymore,양손검,180,0,0,33,3,250,74000,0,○,"크루세이더, 기사",
1172,Claymore,양손검,180,0,2,33,3,250,74000,0,○,"크루세이더, 기사",
1161,Balmung,양손검,250,0,0,48,4,100,20,0,○,전직업,"bonus bUnbreakableWeapon;
bonus bAtkEle,Ele_Holy;
"
1164,Muramasa,양손검,155,0,0,48,4,100,20,0,○,"크루세이더, 기사, 소드맨","ASPD+8%, CRIT+30"
1165,Masamune,양손검,200,0,0,48,4,100,20,0,○,"크루세이더, 기사, 소드맨","STR+-5, FLEE+30"
1166,Dragon Slayer,양손검,150,0,0,48,4,130,20,0,○,"크루세이더, 기사, 소드맨","bonus bIgnoreDefRace,RC_Dragon;
bonus2 bAddRace,RC_Dragon,15;
"
1167,Schweizersabel,양손검,160,0,0,48,4,160,20,0,○,"크루세이더, 기사, 소드맨",DEF+1
1168,Zweihander,양손검,200,0,0,48,4,220,20,0,○,"크루세이더, 기사, 소드맨","bonus bUnbreakableWeapon;
"
1169,Executioner,양손검,155,0,0,48,4,220,20,0,○,"크루세이더, 기사, 소드맨","bonus bIgnoreDefRace,RC_DemiHuman;
bonus bIgnoreDefRace,RC_Player_Human;
bonus2 "
1170,Katzbalger,양손검,175,0,0,48,4,200,20,0,○,"크루세이더, 기사, 소드맨","VIT+5, DEF+10"
1171,Zweihander,양손검,200,0,2,48,4,220,20,0,○,"크루세이더, 기사, 소드맨","bonus bUnbreakableWeapon;
"
1178,Schweizersabel,양손검,160,0,2,48,4,160,20,0,○,"크루세이더, 기사, 소드맨",DEF+1
1179,Executioner,양손검,155,0,1,48,4,220,20,0,○,"크루세이더, 기사, 소드맨","bonus bIgnoreDefRace,RC_DemiHuman;
bonus bIgnoreDefRace,RC_Player_Human;
bonus2 "
1180,Dragon Slayer,양손검,150,0,2,48,4,130,20,0,○,"크루세이더, 기사, 소드맨","bonus bIgnoreDefRace,RC_Dragon;
bonus2 bAddRace,RC_Dragon,15;
"
1182,Bloody Eater,양손검,200,0,2,50,4,120,20,0,○,"크루세이더, 기사, 소드맨",CRIT+100
1189,Krasnaya,양손검,200,0,3,50,2,380,20,0,○,"크루세이더, 기사, 소드맨","if (readparam(bStr)>=95) {
   bonus bBaseAtk,20;
}
"
1175,Atlas Weapon,양손검,200,0,1,55,4,350,20,0,○,"크루세이더, 기사, 소드맨",CRIT+10
1176,Muscle Cutter,양손검,160,0,2,55,4,220,20,0,○,"크루세이더, 기사, 소드맨","bonus2 bAddEff,Eff_Bleeding,800;
bonus3 bAutoSpell,""AL_DECAGI"",1,30;
"
1186,Death Guidance,양손검,200,0,2,70,4,200,20,0,○,"크루세이더, 기사, 소드맨","STR+5, AGI+2"
1183,Brave Assaulter's Katzbalger,양손검,200,0,0,80,3,0,20,0,○,"크루세이더, 기사, 소드맨",STR+2
1184,Valorous Assaulter's Katzbalger,양손검,200,0,0,80,3,0,20,0,○,"크루세이더, 기사, 소드맨",CRIT+20
1185,Violet Fear,양손검,275,0,2,80,4,220,20,0,○,"크루세이더, 기사, 소드맨","bonus3 bAutoSpell,""WZ_METEOR"",3,30;
bonus3 bAutoSpell,""WZ_FROSTNOVA"",5,50;
autob"
1187,Glorious Claymore,양손검,220,0,0,80,4,0,20,0,○,"크루세이더, 기사, 소드맨","bonus2 bAddRace,RC_DemiHuman,70;
bonus2 bAddRace,RC_Player_Human,70;
bonus2 bIgn"
1188,Veteran Sword,양손검,180,0,1,80,4,200,10000,0,○,"크루세이더, 기사, 소드맨","STR+1, DEX+1"
1181,Tae Goo Lyeon,양손검,250,0,2,90,4,200,20,0,○,"크루세이더, 기사, 소드맨","bonus bFlee2,10;
if (JobLevel>=70)
   autobonus ""{ bonus bBaseAtk,50; }"",10,1000"
1314,Tomahawk,양손도끼,200,0,0,0,4,0,2,0,×,"알케미스트, 블랙스미스, 크루세이더, 기사, 상인, 소드맨","bonus bAtkEle,Ele_Wind;
"
1373,Refined Bloody Axe,양손도끼,205,0,0,0,4,0,2,0,×,"알케미스트, 블랙스미스, 크루세이더, 기사, 상인, 소드맨","STR+20, ASPD+5%"
1374,Tomahawk,양손도끼,200,0,0,0,4,0,2,0,×,"알케미스트, 블랙스미스, 크루세이더, 기사, 상인, 소드맨","bonus bAtkEle,Ele_Wind;
skill ""ITM_TOMAHAWK"",1;
"
1378,Refined Great Axe,양손도끼,215,0,0,0,4,0,1,0,×,"알케미스트, 블랙스미스, 크루세이더, 기사, 상인, 소드맨","STR+5, HIT+20"
1386,Doom Slayer,양손도끼,20,0,0,0,4,0,0,0,×,"알케미스트, 블랙스미스, 크루세이더, 기사, 상인, 소드맨",ASPD+-25%
1389,Tomahawk,양손도끼,200,0,0,0,4,0,2,0,×,"알케미스트, 블랙스미스, 크루세이더, 기사, 상인, 소드맨","bonus bAtkEle,Ele_Wind;
"
1315,Light Epsilon,양손도끼,229,0,0,1,4,0,1,0,×,"알케미스트, 블랙스미스, 크루세이더, 기사, 상인, 소드맨",STR+10
1372,Light Epsilon,양손도끼,229,0,0,1,4,0,1,0,×,"알케미스트, 블랙스미스, 크루세이더, 기사, 상인, 소드맨",STR+10
1388,Two-Handed Axe,양손도끼,220,0,0,1,3,0,0,0,×,"알케미스트, 블랙스미스, 크루세이더, 기사, 상인, 소드맨","bonus2 bAddSize,Size_All,40;
"
1390,Light Epsilon,양손도끼,229,0,0,1,4,0,1,0,×,"알케미스트, 블랙스미스, 크루세이더, 기사, 상인, 소드맨",STR+10
1351,Battle Axe,양손도끼,80,0,3,3,1,150,5400,0,○,"알케미스트, 블랙스미스, 크루세이더, 기사, 상인, 소드맨",
1352,Battle Axe,양손도끼,80,0,4,3,1,150,5400,0,○,"알케미스트, 블랙스미스, 크루세이더, 기사, 상인, 소드맨",
1353,Battle Axe,양손도끼,80,0,0,3,1,150,5400,0,○,"알케미스트, 블랙스미스, 크루세이더, 기사, 상인, 소드맨",
1381,Novice Battle Axe,양손도끼,100,0,3,3,1,0,0,0,×,"알케미스트, 블랙스미스, 크루세이더, 기사, 상인, 소드맨",
1354,Hammer,양손도끼,120,0,2,16,2,200,15500,0,○,"알케미스트, 블랙스미스, 크루세이더, 기사, 상인, 소드맨",
1355,Hammer,양손도끼,120,0,3,16,2,200,15500,0,○,"알케미스트, 블랙스미스, 크루세이더, 기사, 상인, 소드맨",
1356,Hammer,양손도끼,120,0,0,16,2,200,15500,0,○,"알케미스트, 블랙스미스, 크루세이더, 기사, 상인, 소드맨",
1357,Buster,양손도끼,155,0,1,30,3,220,34000,0,○,"알케미스트, 블랙스미스, 크루세이더, 기사, 상인, 소드맨",
1358,Buster,양손도끼,155,0,2,30,3,220,34000,0,○,"알케미스트, 블랙스미스, 크루세이더, 기사, 상인, 소드맨",
1359,Buster,양손도끼,155,0,0,30,3,220,34000,0,○,"알케미스트, 블랙스미스, 크루세이더, 기사, 상인, 소드맨",
1360,Two-Handed Axe,양손도끼,185,0,1,30,3,250,55000,0,○,"알케미스트, 블랙스미스, 크루세이더, 기사, 상인, 소드맨",
1361,Two-Handed Axe,양손도끼,185,0,2,30,3,250,55000,0,○,"알케미스트, 블랙스미스, 크루세이더, 기사, 상인, 소드맨",
1362,Two-Handed Axe,양손도끼,185,0,0,30,3,250,55000,0,○,"알케미스트, 블랙스미스, 크루세이더, 기사, 상인, 소드맨",
1363,Bloody Axe,양손도끼,170,0,0,44,4,400,20,0,○,"알케미스트, 블랙스미스, 크루세이더, 기사, 상인, 소드맨",STR+10
1364,Great Axe,양손도끼,187,0,0,44,4,180,20,0,○,"알케미스트, 블랙스미스, 크루세이더, 기사, 상인, 소드맨","bonus2 bAddSkillBlow,""MC_MAMMONITE"",5;
bonus2 bAddEff,Eff_Stun,1500;
"
1365,Sabbath,양손도끼,120,0,0,44,4,230,20,0,○,"알케미스트, 블랙스미스, 크루세이더, 기사, 상인, 소드맨","bonus bAtkEle,Ele_Dark;
bonus2 bComaRace,RC_Demon,50;
bonus2 bCriticalAddRace,RC"
1366,Light Epsilon,양손도끼,180,0,0,44,4,230,20,0,○,"알케미스트, 블랙스미스, 크루세이더, 기사, 상인, 소드맨","bonus bAtkEle,Ele_Holy;
skill ""AL_HEAL"",3;
bonus2 bAddRace,RC_Demon,3;
"
1367,Slaughter,양손도끼,120,0,0,44,4,250,20,0,○,"알케미스트, 블랙스미스, 크루세이더, 기사, 상인, 소드맨","bonus bAtkEle,Ele_Earth;
bonus bIgnoreDefRace,RC_Brute;
bonus2 bComaRace,RC_Brut"
1368,Tomahawk,양손도끼,165,0,0,44,4,250,20,0,○,"알케미스트, 블랙스미스, 크루세이더, 기사, 상인, 소드맨","bonus bAtkEle,Ele_Wind;
skill ""ITM_TOMAHAWK"",1;
"
1369,Guillotine,양손도끼,215,0,0,44,4,300,20,0,○,"알케미스트, 블랙스미스, 크루세이더, 기사, 상인, 소드맨","bonus2 bComaRace,RC_DemiHuman,30;
bonus2 bComaRace,RC_Player_Human,30;
bonus2 bS"
1387,Giant Axe,양손도끼,330,0,1,50,3,400,20,0,○,"알케미스트, 블랙스미스, 크루세이더, 기사, 상인, 소드맨","HIT+10, ASPD+3%"
1383,Celestial Axe,양손도끼,200,0,0,60,4,150,20,0,○,"알케미스트, 블랙스미스, 크루세이더, 기사, 상인, 소드맨",VIT+10
1375,Berdysz,양손도끼,200,0,2,70,3,250,20,0,○,"알케미스트, 블랙스미스, 크루세이더, 기사, 상인, 소드맨","bonus2 bSubSize,Size_Medium,13;
bonus2 bSubSize,Size_Large,15;
"
1376,Heart Breaker,양손도끼,175,0,1,70,4,200,20,0,○,"알케미스트, 블랙스미스, 크루세이더, 기사, 상인, 소드맨","ASPD+5%, CRIT+20"
1385,Bradium Stone Hammer,양손도끼,210,0,0,75,4,270,20,0,○,"알케미스트, 블랙스미스, 크루세이더, 기사, 상인, 소드맨","bonus3 bAddEffOnSkill,""BS_HAMMERFALL"",Eff_Stun,500+(200*getrefine());
"
1370,Doom Slayer,양손도끼,10,0,0,80,4,600,20,0,○,"알케미스트, 블랙스미스, 크루세이더, 기사, 상인, 소드맨",ASPD+-40%
1371,Doom Slayer,양손도끼,10,0,1,80,4,600,20,0,○,"알케미스트, 블랙스미스, 크루세이더, 기사, 상인, 소드맨",ASPD+-40%
1377,Hurricane's Fury,양손도끼,332,0,1,80,4,350,20,0,○,"알케미스트, 블랙스미스, 크루세이더, 기사, 상인, 소드맨","bonus2 bSubSize,Size_Medium,10+getrefine();
bonus bAspdRate,getrefine();
bonus3 "
1379,Valorous Insane Battle Axe,양손도끼,200,0,0,80,3,0,20,0,○,"알케미스트, 블랙스미스, 크루세이더, 기사, 상인, 소드맨",STR+3
1380,Brave Insane Battle Axe,양손도끼,200,0,0,80,3,0,20,0,○,"알케미스트, 블랙스미스, 크루세이더, 기사, 상인, 소드맨",STR+3
1382,Glorious Two-Handed Axe,양손도끼,220,0,0,80,4,0,20,0,○,"알케미스트, 블랙스미스, 크루세이더, 기사, 상인, 소드맨","bonus2 bAddRace,RC_DemiHuman,70;
bonus2 bAddRace,RC_Player_Human,70;
bonus2 bIgn"
1384,Veteran Axe,양손도끼,250,0,2,80,3,300,10000,0,○,"알케미스트, 블랙스미스, 크루세이더, 기사, 상인, 소드맨",VIT+2
2004,Kronos,양손지팡이,30,0,0,50,4,100,20,0,○,"Mage, 세이지, 위저드","INT+3, MaxHP+300"
2005,Dea Staff,양손지팡이,30,0,1,50,3,100,20,0,○,"복사, 몽크, 프리스트","VIT+2, INT+6"
2001,Divine Cross,양손지팡이,120,0,0,70,4,150,20,0,○,"몽크, 프리스트",DEX+4
1472,Soul Staff,양손지팡이,25,0,0,73,3,140,20,0,○,"Mage, 세이지, SoulLinker, 위저드","AGI+2, INT+5"
2000,Staff of Destruction,양손지팡이,130,0,1,80,4,250,20,0,○,위저드,"AGI+10, INT+3"
2002,Glorious Destruction Staff,양손지팡이,70,0,0,80,4,0,20,0,○,"복사, Mage, 몽크, 프리스트, 세이지, 위저드",".@r = getrefine();
bonus bMatkRate,15 + .@r;
bonus2 bMagicAddRace,RC_DemiHuman,1"
2003,Staff of Destruction,양손지팡이,130,0,1,80,4,250,20,0,○,위저드,"AGI+10, INT+3"
1473,Wizardry Staff,양손지팡이,120,0,0,90,4,240,20,0,○,"Mage, 세이지, SoulLinker, 위저드","INT+6, DEX+2"
1487,Lance,양손창,220,0,0,1,3,0,0,0,×,"크루세이더, 기사, 소드맨","bonus2 bAddSize,Size_All,50;
"
1488,Ahlspiess,양손창,135,0,0,1,4,0,20,0,○,"크루세이더, 기사","bonus bIgnoreDefClass,Class_Normal;
bonus bIgnoreDefClass,Class_Boss;
bonus2 bAd"
1451,Guisarme,양손창,84,0,2,18,2,100,13000,0,○,"크루세이더, 기사, 소드맨",
1452,Guisarme,양손창,84,0,3,18,2,100,13000,0,○,"크루세이더, 기사, 소드맨",
1453,Guisarme,양손창,84,0,0,18,2,100,13000,0,○,"크루세이더, 기사, 소드맨",
1454,Glaive,양손창,104,0,2,18,2,120,20000,0,○,"크루세이더, 기사, 소드맨",
1455,Glaive,양손창,104,0,3,18,2,120,20000,0,○,"크루세이더, 기사, 소드맨",
1456,Glaive,양손창,104,0,0,18,2,120,20000,0,○,"크루세이더, 기사, 소드맨",
1457,Partizan,양손창,124,0,1,18,2,200,27000,0,○,"크루세이더, 기사, 소드맨",
1458,Partizan,양손창,124,0,2,18,2,200,27000,0,○,"크루세이더, 기사, 소드맨",
1459,Partizan,양손창,124,0,0,18,2,200,27000,0,○,"크루세이더, 기사, 소드맨",
1410,Lance,양손창,185,0,0,33,3,250,60000,0,○,"크루세이더, 기사, 소드맨",
1411,Lance,양손창,185,0,0,33,3,250,60000,0,○,"크루세이더, 기사, 소드맨",
1412,Lance,양손창,185,0,0,33,3,250,60000,0,○,"크루세이더, 기사, 소드맨",
1460,Trident,양손창,150,0,2,33,3,120,51000,0,○,"크루세이더, 기사, 소드맨",
1461,Trident,양손창,150,0,3,33,3,120,51000,0,○,"크루세이더, 기사, 소드맨",
1462,Trident,양손창,150,0,0,33,3,120,51000,0,○,"크루세이더, 기사, 소드맨",
1463,Halberd,양손창,165,0,1,33,3,250,54000,0,○,"크루세이더, 기사, 소드맨",
1464,Halberd,양손창,165,0,2,33,3,250,54000,0,○,"크루세이더, 기사, 소드맨",
1465,Halberd,양손창,165,0,0,33,3,250,54000,0,○,"크루세이더, 기사, 소드맨",
1466,Crescent Scythe,양손창,180,0,0,48,4,250,20,0,○,"크루세이더, 기사, 소드맨","HIT+10, CRIT+30"
1467,Bill Guisarme,양손창,183,0,0,48,4,100,20,0,○,"크루세이더, 기사, 소드맨","bonus2 bAddRace,RC_Brute,10;
bonus2 bAddRace,RC_Player_Doram,10;
bonus2 bAddRace"
1468,Zephyrus,양손창,170,0,0,48,4,200,20,0,○,"크루세이더, 기사, 소드맨","bonus bAtkEle,Ele_Wind;
bonus2 bAddEff,Eff_Silence,200;
bonus3 bAutoSpell,""MG_TH"
1469,Longinus's Spear,양손창,180,0,0,48,4,250,20,0,○,"크루세이더, 기사, 소드맨","bonus bAtkEle,Ele_Dark;
bonus2 bAddRace,RC_DemiHuman,10;
bonus2 bAddRace,RC_Play"
1470,Brionac,양손창,190,0,0,48,4,300,20,0,○,"크루세이더, 기사, 소드맨","bonus bAtkEle,Ele_Holy;
skill ""AL_HEAL"",5;
bonus3 bAutoSpell,""MG_SOULSTRIKE"",3,1"
1471,Hellfire,양손창,200,0,0,48,4,350,20,0,○,"크루세이더, 기사, 소드맨",STR+3
1476,Crescent Scythe,양손창,180,0,1,48,4,250,20,0,○,"크루세이더, 기사, 소드맨","HIT+10, CRIT+30"
1481,Zephyrus,양손창,170,0,3,48,4,200,20,0,○,"크루세이더, 기사, 소드맨","bonus bAtkEle,Ele_Wind;
bonus2 bAddEff,Eff_Silence,200;
bonus3 bAutoSpell,""MG_TH"
1483,Ivory Lance,양손창,160,0,1,50,3,100,20,0,○,"크루세이더, 기사, 소드맨","AGI+2, ASPD+3%"
1485,Battle Fork,양손창,112,0,4,50,2,70,20,0,○,"크루세이더, 기사, 소드맨",
1474,Gae Bolg,양손창,160,0,0,60,4,200,20,0,○,"크루세이더, 기사, 소드맨","bonus bIgnoreDefRace,RC_Dragon;
bonus2 bAddClass,Class_Boss,10;
"
1480,Gae Bolg,양손창,160,0,2,60,4,200,20,0,○,"크루세이더, 기사, 소드맨","bonus bIgnoreDefRace,RC_Dragon;
bonus2 bAddClass,Class_Boss,10;
"
1478,Ahlspiess,양손창,120,0,0,65,4,100,20,0,○,"크루세이더, 기사","bonus bIgnoreDefClass,Class_Normal;
bonus bIgnoreDefClass,Class_Boss;
bonus2 bAd"
1484,Cardo,양손창,150,0,1,70,4,560,20,0,○,기사,ASPD+-10%
1475,Equestrian's Spear,양손창,200,0,0,75,4,370,20,0,○,"크루세이더, 기사, 소드맨",
1477,Spectral Spear,양손창,170,0,0,75,4,200,20,0,○,"크루세이더, 기사, 소드맨","bonus2 bAddEle,Ele_Dark,20;
bonus2 bAddRace,RC_Demon,20;
bonus2 bAddRace,RC_Unde"
1479,Spectral Spear,양손창,170,0,1,75,4,200,20,0,○,"크루세이더, 기사, 소드맨","bonus2 bAddEle,Ele_Dark,20;
bonus2 bAddRace,RC_Demon,20;
bonus2 bAddRace,RC_Unde"
1482,Assaulter Lance,양손창,160,0,0,80,3,0,0,0,○,"크루세이더, 기사, 소드맨",STR+2
1486,Glorious Lance,양손창,220,0,0,80,4,0,20,0,○,"크루세이더, 기사, 소드맨","bonus2 bAddRace,RC_DemiHuman,70;
bonus2 bAddRace,RC_Player_Human,70;
bonus2 bIgn"
13160,Destroyer,유탄발사기,220,0,0,52,2,120,110000,0,○,건슬링거,"bonus bBreakArmorRate,200;
"
13161,Destroyer,유탄발사기,220,0,1,52,2,120,110000,0,○,건슬링거,"bonus bBreakArmorRate,200;
"
13162,Inferno,유탄발사기,280,0,1,65,2,125,230000,0,○,건슬링거,
13174,Soldier Grenade Launcher,유탄발사기,300,0,0,80,3,0,0,0,○,건슬링거,DEX+2
13179,Glorious Grenade Launcher,유탄발사기,330,0,0,80,4,0,0,0,○,건슬링거,ASPD+20%
1975,Queen Is Whip,채찍,120,0,0,0,1,0,20,0,×,BardDancer,"bonus2 bAddClass,Class_All,50;
"
1982,Phenomena Whip,채찍,160,0,0,0,4,0,20,0,×,BardDancer,DEX+2
1983,Rante Whip,채찍,170,0,0,1,3,0,0,0,×,BardDancer,"bonus2 bAddSize,Size_All,40;
"
1950,Rope,채찍,45,0,3,3,1,40,2500,0,○,BardDancer,
1951,Rope,채찍,45,0,4,3,1,40,2500,0,○,BardDancer,
1952,Whip,채찍,80,0,2,16,2,30,12000,0,○,BardDancer,
1953,Whip,채찍,80,0,3,16,2,30,12000,0,○,BardDancer,
1954,Wire Whip,채찍,95,0,2,16,2,100,17500,0,○,BardDancer,
1955,Wire Whip,채찍,95,0,3,16,2,100,17500,0,○,BardDancer,
1956,Rante Whip,채찍,135,0,0,30,3,90,32000,0,○,BardDancer,
1957,Rante Whip,채찍,135,0,1,30,3,90,32000,0,○,BardDancer,
1958,Tail Whip,채찍,105,0,1,30,3,70,41000,0,○,BardDancer,LUK+3
1959,Tail Whip,채찍,105,0,2,30,3,70,41000,0,○,BardDancer,LUK+3
1960,Whip,채찍,120,0,1,30,3,70,38000,0,○,BardDancer,
1961,Whip,채찍,120,0,2,30,3,70,38000,0,○,BardDancer,
1965,Red Flame Whip,채찍,110,0,0,30,3,70,20,0,○,BardDancer,"bonus bAtkEle,Ele_Fire;
"
1966,Icicle Whip,채찍,110,0,0,30,3,70,20,0,○,BardDancer,"bonus bAtkEle,Ele_Water;
"
1967,Gaia Whip,채찍,110,0,0,30,3,70,20,0,○,BardDancer,"bonus bAtkEle,Ele_Earth;
"
1968,Skipping Rope,채찍,120,0,0,30,3,40,20,0,○,BardDancer,CRIT+20
1969,Blade Whip,채찍,140,0,0,30,4,120,20,0,○,BardDancer,"bonus2 bAddEff,Eff_Bleeding,300;
"
1971,Electric Wire,채찍,110,0,0,30,3,70,20,0,○,BardDancer,"bonus bAtkEle,Ele_Wind;
"
1962,Lariat Whip,채찍,100,0,0,44,4,40,20,0,○,BardDancer,"AGI+1, DEX+5"
1963,Rapture Rose,채찍,115,0,0,44,4,30,20,0,○,BardDancer,"bonus bAtkEle,Ele_Poison;
bonus2 bAddEff,Eff_Poison,5000;
"
1964,Chemeti Whip,채찍,135,0,0,44,4,70,20,0,○,BardDancer,"FLEE+10, CRIT+5"
1979,Stem of Nepenthes,채찍,120,0,2,60,4,100,20,0,○,BardDancer,INT+2
1970,Queen's Whip,채찍,150,0,0,65,4,110,20,0,○,BardDancer,"bonus2 bSkillAtk,""CG_ARROWVULCAN"",10;
bonus2 bSkillAtk,""DC_THROWARROW"",10;
"
1976,Queen's Whip,채찍,150,0,2,65,4,110,20,0,○,BardDancer,"bonus2 bSkillAtk,""CG_ARROWVULCAN"",10;
bonus2 bSkillAtk,""DC_THROWARROW"",10;
"
1972,Electric Eel,채찍,100,0,2,70,4,200,20,0,○,BardDancer,"AGI+2, INT+2"
1973,Sea Witch's Foot,채찍,110,0,1,70,4,150,20,0,○,BardDancer,"bonus bSPGainValue,5;
bonus4 bAutoSpellWhenHit,""WZ_FROSTNOVA"",3,50,1;
bonus3 bAu"
1974,Carrot Whip,채찍,185,0,0,70,4,130,20,0,○,BardDancer,"if (getrefine()>0)
   bonus3 bAutoSpell,""AL_INCAGI"",getrefine(),10;
"
1980,Whip of Balance,채찍,110,0,3,70,3,70,20,0,○,BardDancer,"AGI+2, DEX+3"
1977,Valorous Battle Lariat,채찍,50,0,0,80,3,0,20,0,○,BardDancer,DEX+2
1978,Brave Battle Lariat,채찍,50,0,0,80,3,0,20,0,○,BardDancer,DEX+2
1981,Glorious Lariat,채찍,50,0,0,80,4,0,20,0,○,BardDancer,"bonus2 bAddRace,RC_DemiHuman,95;
bonus2 bAddRace,RC_Player_Human,95;
bonus2 bIgn"
1566,Diary Of Great Basil,책,120,0,0,0,1,0,20,0,×,"프리스트, 세이지, StarGladiator","bonus2 bAddClass,Class_All,50;
"
1567,Refined Hardcover Book,책,168,0,0,0,4,0,1,0,×,"프리스트, 세이지, StarGladiator","STR+5, DEX+2"
1578,Book Of Prayer,책,140,0,0,0,3,0,20,0,×,"프리스트, 세이지, StarGladiator","VIT+2, MDEF+2"
1580,Giant Encyclopedia,책,145,0,0,0,3,0,0,0,×,"프리스트, 세이지, StarGladiator","INT+3, DEX+2, CRIT+20"
1563,Sage's Diary,책,135,0,2,1,3,0,1,0,×,"프리스트, 세이지, StarGladiator",ASPD+5%
1581,Diary Of Great Sage,책,135,0,2,1,3,0,1,0,×,"프리스트, 세이지, StarGladiator",
1582,Diary Of Great Sage,책,135,0,2,1,3,0,1,0,×,"프리스트, 세이지, StarGladiator",
1550,Book,책,85,0,3,14,2,60,30000,0,○,"프리스트, 세이지, StarGladiator",
1551,Bible,책,115,0,2,27,3,100,60000,0,○,"프리스트, 세이지, StarGladiator",INT+2
1552,Tablet,책,125,0,1,27,3,80,51000,0,○,"프리스트, 세이지, StarGladiator",
1553,Book of Billows,책,90,0,0,27,3,75,35000,0,○,"프리스트, 세이지, StarGladiator","bonus bAtkEle,Ele_Water;
"
1554,Book of Mother Earth,책,90,0,0,27,3,75,35000,0,○,"프리스트, 세이지, StarGladiator","bonus bAtkEle,Ele_Earth;
"
1555,Book of the Blazing Sun,책,90,0,0,27,3,75,35000,0,○,"프리스트, 세이지, StarGladiator","bonus bAtkEle,Ele_Fire;
"
1556,Book of Gust of Wind,책,90,0,0,27,3,75,35000,0,○,"프리스트, 세이지, StarGladiator","bonus bAtkEle,Ele_Wind;
"
1568,Book of Billows,책,90,0,3,27,3,75,35000,0,○,"프리스트, 세이지, StarGladiator","bonus bAtkEle,Ele_Water;
"
1569,Book of Mother Earth,책,90,0,3,27,3,75,35000,0,○,"프리스트, 세이지, StarGladiator","bonus bAtkEle,Ele_Earth;
"
1570,Book of Blazing Sun,책,90,0,3,27,3,75,35000,0,○,"프리스트, 세이지, StarGladiator","bonus bAtkEle,Ele_Fire;
"
1571,Book of Gust of Wind,책,90,0,3,27,3,75,35000,0,○,"프리스트, 세이지, StarGladiator","bonus bAtkEle,Ele_Wind;
"
1557,Book of the Apocalypse,책,120,0,0,40,4,80,60000,0,○,"프리스트, 세이지, StarGladiator","bonus bAtkEle,Ele_Dark;
bonus2 bAddEle,Ele_Holy,5;
bonus2 bAddEle,Ele_Water,7;
b"
1558,Girl's Diary,책,60,0,1,40,4,30,1500,0,○,"프리스트, 세이지, StarGladiator","bonus2 bAddDamageClass,1188,150;
"
1561,Hardcover Book,책,140,0,1,55,4,150,20,0,○,"프리스트, 세이지, StarGladiator","STR+3, DEX+2"
1560,Sage's Diary,책,100,0,2,60,3,110,20,0,○,"프리스트, 세이지, StarGladiator",ASPD+5%
1572,Principles of Magic,책,60,0,2,60,3,30,20,0,○,"프리스트, 세이지, StarGladiator",INT+3
1559,Legacy of Dragon,책,130,0,0,70,4,70,20,0,○,"프리스트, 세이지, StarGladiator",INT+3
1564,Encyclopedia,책,110,0,2,70,3,200,20,0,○,"프리스트, 세이지, StarGladiator","INT+3, DEX+2, CRIT+20"
1573,Ancient Magic,책,30,0,2,70,3,70,20,0,○,"프리스트, 세이지, StarGladiator","bonus bMatkRate,15;
"
1562,Battlefield Textbook,책,110,0,1,80,4,70,20,0,×,"프리스트, 세이지, StarGladiator",INT+3
1574,Brave Battle Strategy Book,책,90,0,0,80,3,0,20,0,○,"프리스트, 세이지, StarGladiator","STR+2, INT+1"
1575,Valorous Battle Strategy Book,책,90,0,0,80,3,0,20,0,○,"프리스트, 세이지, StarGladiator","STR+2, INT+1"
1576,Glorious Tablet,책,90,0,0,80,4,0,20,0,○,"프리스트, 세이지, StarGladiator","bonus bMatkRate,15;
bonus2 bAddRace,RC_DemiHuman,80;
bonus2 bAddRace,RC_Player_H"
1577,Glorious Apocalypse,책,90,0,0,80,4,0,20,0,○,"프리스트, 세이지, StarGladiator","bonus bMatkRate,15;
bonus2 bAddRace,RC_DemiHuman,80;
bonus2 bAddRace,RC_Player_H"
1565,Ledger of Death,책,137,0,2,85,4,100,20,0,○,"프리스트, 세이지, StarGladiator","STR+3, INT+3, LUK+-20"
1579,Book of the Dead,책,137,0,2,85,4,100,20,0,○,"프리스트, 세이지, StarGladiator","STR+3, INT+3, LUK+-20"
1272,Scratcher,카타르,120,0,0,0,1,0,20,0,×,어쌔신,"bonus2 bAddClass,Class_All,50;
"
1273,Refined Bloody Roar,카타르,148,0,0,0,4,0,1,0,×,어쌔신,"bonus bIgnoreDefRace,RC_DemiHuman;
bonus bIgnoreDefRace,RC_Player_Human;
bonus2 "
1274,Refined Unholy Touch,카타르,179,0,0,0,4,0,1,0,×,어쌔신,CRIT+-1
1283,Katar Of Speed,카타르,175,0,0,0,4,0,20,0,×,어쌔신,ASPD+3%
1264,Specialty Jur,카타르,90,0,4,1,1,80,20,0,○,어쌔신,"bonus2 bAddEff2,Eff_Bleeding,10;
"
1267,Infiltrator,카타르,189,0,0,1,4,0,1,0,×,어쌔신,"DEF+3, FLEE+5, ASPD+5%"
1286,Jamadhar,카타르,200,0,0,1,3,0,0,0,×,어쌔신,"bonus bUnbreakableWeapon;
bonus2 bAddSize,Size_All,40;
"
1250,Jur,카타르,125,0,2,18,2,80,19500,0,○,어쌔신,
1251,Jur,카타르,125,0,3,18,2,80,19500,0,○,어쌔신,
1252,Katar,카타르,148,0,1,33,3,120,41000,0,○,어쌔신,DEX+1
1253,Katar,카타르,148,0,2,33,3,120,41000,0,○,어쌔신,DEX+1
1254,Jamadhar,카타르,165,0,0,33,3,150,37200,0,○,어쌔신,
1255,Jamadhar,카타르,165,0,1,33,3,150,37200,0,○,어쌔신,
1284,Krishna,카타르,120,0,2,50,3,120,20,0,○,어쌔신,"bonus2 bSkillAtk,""AS_GRIMTOOTH"",10;
if (getskilllv(""AS_SONICBLOW"")) {
   bonus3 "
1285,Chakram,카타르,130,0,2,50,3,100,20,0,○,어쌔신,HIT+10
1256,Katar of Frozen Icicle,카타르,105,0,0,55,3,120,45000,0,○,어쌔신,"bonus bAtkEle,Ele_Water;
bonus2 bAddEff,Eff_Freeze,500;
"
1257,Katar of Quaking,카타르,105,0,0,55,3,120,45000,0,○,어쌔신,"bonus bAtkEle,Ele_Earth;
bonus2 bAddEff,Eff_Blind,500;
"
1258,Katar of Raging Blaze,카타르,105,0,0,55,3,120,45000,0,○,어쌔신,"bonus bAtkEle,Ele_Fire;
bonus2 bAddEff,Eff_Silence,500;
"
1259,Katar of Piercing Wind,카타르,105,0,0,55,3,120,45000,0,○,어쌔신,"bonus bAtkEle,Ele_Wind;
bonus2 bAddEff,Eff_Sleep,500;
"
1262,Loki's Nail,카타르,115,0,0,55,3,120,20,0,○,어쌔신,"bonus2 bAddEff,Eff_Bleeding,300;
"
1268,Wild Beast Claw,카타르,160,0,1,55,4,145,20,0,○,어쌔신,"if (getrefine()>=9)
   bonus3 bAutoSpell,""NPC_CRITICALWOUND"",2,100;
else
   bonu"
1269,Inverse Scale,카타르,140,0,0,55,4,150,20,0,○,어쌔신,"bonus bAtkEle,Ele_Holy;
bonus3 bAutoSpell,""NPC_DRAGONFEAR"",1,30;
"
1270,Drill Katar,카타르,110,0,1,55,4,140,20,0,○,어쌔신,HIT+30
1271,Blood Tears,카타르,120,0,2,55,4,170,20,0,○,어쌔신,"if (getrefine()>=9)
   bonus3 bAutoSpell,""NPC_WIDEBLEEDING"",2,30;
else
   bonus3"
1275,Katar of Frozen Icicle,카타르,105,0,3,55,3,120,45000,0,○,어쌔신,"bonus bAtkEle,Ele_Water;
bonus2 bAddEff,Eff_Freeze,500;
"
1276,Katar of Quaking,카타르,105,0,3,55,3,120,45000,0,○,어쌔신,"bonus bAtkEle,Ele_Earth;
bonus2 bAddEff,Eff_Blind,500;
"
1277,Katar of Raging Blaze,카타르,105,0,3,55,3,120,45000,0,○,어쌔신,"bonus bAtkEle,Ele_Fire;
bonus2 bAddEff,Eff_Silence,500;
"
1278,Katar of Piercing Wind,카타르,105,0,3,55,3,120,45000,0,○,어쌔신,"bonus bAtkEle,Ele_Wind;
bonus2 bAddEff,Eff_Sleep,500;
"
1260,Sharpened Legbone of Ghoul,카타르,150,0,0,65,3,170,52500,0,○,어쌔신,"bonus bAtkEle,Ele_Undead;
"
1263,Unholy Touch,카타르,151,0,0,70,4,125,20,0,○,어쌔신,CRIT+-1
1261,Infiltrator,카타르,140,0,0,75,4,150,57000,0,○,어쌔신,"DEF+3, FLEE+5"
1265,Bloody Roar,카타르,120,0,0,75,4,100,20,0,○,어쌔신,"bonus bIgnoreDefRace,RC_DemiHuman;
bonus bIgnoreDefRace,RC_Player_Human;
bonus b"
1266,Infiltrator,카타르,140,0,1,75,4,150,57000,0,○,어쌔신,"DEF+3, FLEE+5"
1279,Brave Carnage Katar,카타르,130,0,0,80,3,0,20,0,○,어쌔신,"STR+1, DEX+1, LUK+1"
1280,Valorous Carnage Katar,카타르,130,0,0,80,3,0,20,0,○,어쌔신,"STR+1, DEX+1, LUK+1, ASPD+5%"
1281,Glorious Bloody Roar,카타르,140,0,0,80,4,0,20,0,○,어쌔신,ASPD+100%
1282,Glorious Jamadhar,카타르,140,0,0,80,4,0,20,0,○,어쌔신,ASPD+100%
13308,Huuma Blaze Shuriken,풍마수리검,230,0,0,0,4,0,0,0,×,닌자,DEX+2
13309,Huuma Giant Wheel Shuriken,풍마수리검,99,0,0,1,4,0,0,0,×,닌자,"bonus2 bAddSize,Size_All,80;
"
13301,Huuma Giant Wheel Shuriken,풍마수리검,50,0,3,42,4,250,40000,0,○,닌자,"bonus bUnbreakableWeapon;
bonus2 bAddEff,Eff_Bleeding,100;
"
13302,Huuma Giant Wheel Shuriken,풍마수리검,50,0,4,42,4,250,40000,0,○,닌자,"bonus bUnbreakableWeapon;
bonus2 bAddEff,Eff_Bleeding,100;
"
13303,Huuma Blaze Shuriken,풍마수리검,185,0,0,55,4,150,78000,0,○,닌자,DEX+-2
13300,Huuma Wing Shuriken,풍마수리검,150,0,0,65,4,300,90000,0,○,닌자,"AGI+-1, DEX+-2"
13304,Huuma Calm Mind,풍마수리검,112,0,2,70,3,155,20,0,○,닌자,"bonus bUnbreakableWeapon;
bonus2 bSkillAtk,""NJ_HUUMA"",30;
bonus bNoCastCancel;
"
13305,Brave Huuma Front Shuriken,풍마수리검,55,0,0,80,3,0,20,0,○,닌자,"STR+2, DEX+1"
13306,Valorous Huuma Front Shuriken,풍마수리검,55,0,0,80,3,0,20,0,○,닌자,"STR+2, DEX+1"
13307,Glorious Shuriken,풍마수리검,55,0,0,80,4,0,20,0,○,닌자,"bonus2 bAddRace,RC_DemiHuman,95;
bonus2 bAddRace,RC_Player_Human,95;
bonus2 bIgn"
13402,Cutlus,한손검,185,0,0,0,4,0,2,0,×,"알케미스트, 어쌔신, 블랙스미스, 크루세이더, 기사, 상인, 로그, 소드맨, 도둑","STR+2, DEF+1"
13403,Solar Sword,한손검,120,0,0,0,4,0,2,0,×,"알케미스트, 어쌔신, 블랙스미스, 크루세이더, 기사, 상인, 로그, 소드맨, 도둑","bonus bAtkEle,Ele_Fire;
bonus2 bHPDrainRate,1000,1;
bonus2 bSPLossRate,15,10000;"
13406,Edger,한손검,120,0,0,0,1,0,20,0,×,"알케미스트, 어쌔신, 블랙스미스, 크루세이더, 기사, 상인, 로그, 소드맨, 도둑","bonus2 bAddClass,Class_All,50;
"
13407,Refined Nagan,한손검,148,0,0,0,4,0,1,0,×,"알케미스트, 어쌔신, 블랙스미스, 크루세이더, 기사, 상인, 로그, 소드맨, 도둑","skill ""TF_DOUBLE"",5;
bonus2 bAddRace,RC_DemiHuman,40;
bonus2 bAddRace,RC_Player_"
13408,Refined Fireblend,한손검,120,0,0,0,4,0,1,0,×,"알케미스트, 어쌔신, 블랙스미스, 크루세이더, 기사, 상인, 로그, 소드맨, 도둑",INT+2
13409,Refined Immaterial Sword,한손검,160,0,0,0,4,0,1,0,×,"알케미스트, 어쌔신, 블랙스미스, 크루세이더, 기사, 상인, 로그, 소드맨, 도둑","bonus bAtkEle,Ele_Ghost;
bonus2 bSPVanishRate,45,30;
bonus bSPDrainValue,-1;
bon"
13419,Holy saber,한손검,160,0,0,0,3,0,20,0,×,"알케미스트, 어쌔신, 블랙스미스, 크루세이더, 기사, 상인, 로그, 소드맨, 도둑",
13401,Excalibur,한손검,199,0,0,1,4,0,1,0,×,"알케미스트, 어쌔신, 블랙스미스, 크루세이더, 기사, 상인, 로그, 소드맨, 도둑","INT+10, LUK+10"
13422,Flamberge,한손검,185,0,0,1,3,0,0,0,×,"크루세이더, 기사","bonus bUnbreakableWeapon;
bonus2 bAddSize,Size_All,40;
"
1101,Sword,한손검,25,0,3,2,1,50,100,0,○,"알케미스트, 어쌔신, 블랙스미스, 크루세이더, 기사, 상인, 노비스, 로그, 슈퍼노비스, 소드맨, 도둑",
1102,Sword,한손검,25,0,4,2,1,50,100,0,○,"알케미스트, 어쌔신, 블랙스미스, 크루세이더, 기사, 상인, 노비스, 로그, 슈퍼노비스, 소드맨, 도둑",
1103,Sword,한손검,25,0,0,2,1,50,100,0,○,"알케미스트, 어쌔신, 블랙스미스, 크루세이더, 기사, 상인, 노비스, 로그, 슈퍼노비스, 소드맨, 도둑",
1104,Falchion,한손검,39,0,3,2,1,60,1500,0,○,"알케미스트, 어쌔신, 블랙스미스, 크루세이더, 기사, 상인, 노비스, 로그, 슈퍼노비스, 소드맨, 도둑",
1105,Falchion,한손검,39,0,4,2,1,60,1500,0,○,"알케미스트, 어쌔신, 블랙스미스, 크루세이더, 기사, 상인, 노비스, 로그, 슈퍼노비스, 소드맨, 도둑",
1106,Falchion,한손검,39,0,0,2,1,60,1500,0,○,"알케미스트, 어쌔신, 블랙스미스, 크루세이더, 기사, 상인, 노비스, 로그, 슈퍼노비스, 소드맨, 도둑",
1107,Blade,한손검,53,0,3,2,1,70,2900,0,○,"알케미스트, 어쌔신, 블랙스미스, 크루세이더, 기사, 상인, 노비스, 로그, 슈퍼노비스, 소드맨, 도둑",
1108,Blade,한손검,53,0,4,2,1,70,2900,0,○,"알케미스트, 어쌔신, 블랙스미스, 크루세이더, 기사, 상인, 노비스, 로그, 슈퍼노비스, 소드맨, 도둑",
1109,Blade,한손검,53,0,0,2,1,70,2900,0,○,"알케미스트, 어쌔신, 블랙스미스, 크루세이더, 기사, 상인, 노비스, 로그, 슈퍼노비스, 소드맨, 도둑",
13415,Novice Falchion,한손검,59,0,3,2,1,0,0,0,×,"알케미스트, 어쌔신, 블랙스미스, 크루세이더, 기사, 상인, 노비스, 로그, 슈퍼노비스, 소드맨, 도둑",
1124,Orcish Sword,한손검,90,0,0,5,3,80,20,0,○,"알케미스트, 어쌔신, 블랙스미스, 크루세이더, 기사, 상인, 노비스, 로그, 슈퍼노비스, 소드맨, 도둑","bonus bUnbreakableWeapon;
"
1110,Rapier,한손검,70,0,2,14,2,50,10000,0,○,"알케미스트, 어쌔신, 블랙스미스, 크루세이더, 기사, 상인, 노비스, 로그, 슈퍼노비스, 소드맨, 도둑",
1111,Rapier,한손검,70,0,3,14,2,50,10000,0,○,"알케미스트, 어쌔신, 블랙스미스, 크루세이더, 기사, 상인, 노비스, 로그, 슈퍼노비스, 소드맨, 도둑",
1112,Rapier,한손검,70,0,0,14,2,50,10000,0,○,"알케미스트, 어쌔신, 블랙스미스, 크루세이더, 기사, 상인, 노비스, 로그, 슈퍼노비스, 소드맨, 도둑",
1113,Scimitar,한손검,85,0,2,14,2,70,17000,0,○,"알케미스트, 어쌔신, 블랙스미스, 크루세이더, 기사, 상인, 노비스, 로그, 슈퍼노비스, 소드맨, 도둑",
1114,Scimitar,한손검,85,0,3,14,2,70,17000,0,○,"알케미스트, 어쌔신, 블랙스미스, 크루세이더, 기사, 상인, 노비스, 로그, 슈퍼노비스, 소드맨, 도둑",
1115,Scimitar,한손검,85,0,3,14,2,70,17000,0,○,"알케미스트, 어쌔신, 블랙스미스, 크루세이더, 기사, 상인, 노비스, 로그, 슈퍼노비스, 소드맨, 도둑",
1122,Ring Pommel Saber,한손검,100,0,2,14,2,90,24000,0,○,"알케미스트, 어쌔신, 블랙스미스, 크루세이더, 기사, 상인, 로그, 소드맨, 도둑",
1125,Ring Pommel Saber,한손검,100,0,3,14,2,90,24000,0,○,"알케미스트, 어쌔신, 블랙스미스, 크루세이더, 기사, 상인, 로그, 소드맨, 도둑",
1119,Tsurugi,한손검,130,0,1,27,3,120,51000,0,○,"알케미스트, 어쌔신, 블랙스미스, 크루세이더, 기사, 상인, 로그, 소드맨, 도둑",
1120,Tsurugi,한손검,130,0,2,27,3,120,51000,0,○,"알케미스트, 어쌔신, 블랙스미스, 크루세이더, 기사, 상인, 로그, 소드맨, 도둑",
1121,Tsurugi,한손검,130,0,0,27,3,120,51000,0,○,"알케미스트, 어쌔신, 블랙스미스, 크루세이더, 기사, 상인, 로그, 소드맨, 도둑",
1123,Haedonggum,한손검,120,0,1,27,3,90,50000,0,○,"알케미스트, 어쌔신, 블랙스미스, 크루세이더, 기사, 상인, 로그, 소드맨, 도둑",INT+3
1126,Saber,한손검,115,0,2,27,3,100,49000,0,○,"알케미스트, 어쌔신, 블랙스미스, 크루세이더, 기사, 상인, 로그, 소드맨, 도둑",
1127,Saber,한손검,115,0,3,27,3,100,49000,0,○,"알케미스트, 어쌔신, 블랙스미스, 크루세이더, 기사, 상인, 로그, 소드맨, 도둑",
1128,Haedonggum,한손검,120,0,2,27,3,90,50000,0,○,"알케미스트, 어쌔신, 블랙스미스, 크루세이더, 기사, 상인, 로그, 소드맨, 도둑",INT+3
1129,Flamberge,한손검,150,0,0,27,3,150,60000,0,○,"크루세이더, 기사",
1149,Flamberge,한손검,150,0,2,27,3,150,60000,0,○,"크루세이더, 기사",
1146,Town Sword,한손검,100,0,1,30,3,80,42000,0,○,"노비스, 슈퍼노비스",
1147,Town Sword,한손검,100,0,2,30,3,80,42000,0,○,"노비스, 슈퍼노비스",
1130,Nagan,한손검,120,0,0,40,4,50,20,0,○,"알케미스트, 어쌔신, 블랙스미스, 크루세이더, 기사, 상인, 로그, 소드맨, 도둑","skill ""TF_DOUBLE"",5;
bonus2 bAddRace,RC_DemiHuman,5;
bonus2 bAddRace,RC_Player_H"
1131,Ice Falchion,한손검,100,0,0,40,4,60,20,0,○,"알케미스트, 어쌔신, 블랙스미스, 크루세이더, 기사, 상인, 로그, 소드맨, 도둑","bonus bAtkEle,Ele_Water;
bonus2 bAddEff,Eff_Freeze,500;
bonus2 bAddEff2,Eff_Free"
1132,Edge,한손검,115,0,0,40,4,70,20,0,○,"알케미스트, 어쌔신, 블랙스미스, 크루세이더, 기사, 상인, 로그, 소드맨, 도둑","bonus2 bAddEff,Eff_Curse,30;
bonus2 bComaClass,Class_Normal,10;
"
1133,Fireblend,한손검,100,0,0,40,4,50,20,0,○,"알케미스트, 어쌔신, 블랙스미스, 크루세이더, 기사, 상인, 로그, 소드맨, 도둑","bonus bAtkEle,Ele_Fire;
skill ""MG_FIREBOLT"",3;
bonus3 bAutoSpell,""MG_FIREBOLT"",3"
1134,Caesar's Sword,한손검,140,0,0,40,4,70,20,0,○,"알케미스트, 어쌔신, 블랙스미스, 크루세이더, 기사, 상인, 로그, 소드맨, 도둑","bonus2 bAddRace,RC_Plant,25;
bonus bIgnoreDefRace,RC_Plant;
"
1135,Cutlus,한손검,150,0,0,40,4,90,20,0,○,"알케미스트, 어쌔신, 블랙스미스, 크루세이더, 기사, 상인, 로그, 소드맨, 도둑","STR+2, DEF+1"
1136,Solar Sword,한손검,85,0,0,40,4,120,20,0,○,"알케미스트, 어쌔신, 블랙스미스, 크루세이더, 기사, 상인, 로그, 소드맨, 도둑","bonus bAtkEle,Ele_Fire;
bonus2 bHPDrainRate,1000,1;
bonus2 bSPLossRate,15,10000;"
1137,Excalibur,한손검,150,0,0,40,4,120,20,0,○,"알케미스트, 어쌔신, 블랙스미스, 크루세이더, 기사, 상인, 로그, 소드맨, 도둑","INT+5, DEX+-1, LUK+10"
1138,Mysteltainn,한손검,170,0,0,40,4,100,20,0,○,"알케미스트, 어쌔신, 블랙스미스, 크루세이더, 기사, 상인, 로그, 소드맨, 도둑",DEX+3
1139,Tirfing,한손검,200,0,0,40,4,100,20,0,○,"알케미스트, 어쌔신, 블랙스미스, 크루세이더, 기사, 상인, 로그, 소드맨, 도둑","bonus bAtkEle,Ele_Dark;
bonus2 bHPLossRate,35,10000;
"
1140,Byeollungum,한손검,150,0,0,40,4,90,20,0,○,"알케미스트, 어쌔신, 블랙스미스, 크루세이더, 기사, 상인, 로그, 소드맨, 도둑",전스탯+2
1141,Immaterial Sword,한손검,140,0,0,40,4,90,20,0,○,"알케미스트, 어쌔신, 블랙스미스, 크루세이더, 기사, 상인, 로그, 소드맨, 도둑","bonus bAtkEle,Ele_Ghost;
bonus2 bSPVanishRate,30,30;
bonus bSPDrainValue,-1;
bon"
13400,Cutlus,한손검,150,0,1,40,4,90,20,0,○,"알케미스트, 어쌔신, 블랙스미스, 크루세이더, 기사, 상인, 로그, 소드맨, 도둑","STR+2, DEF+1"
1148,Star Dust Blade,한손검,140,0,1,45,4,100,20,0,○,"노비스, 슈퍼노비스","bonus2 bAddEff,Eff_Stun,500;
bonus bUnbreakableWeapon;
"
1144,Sashimi,한손검,75,0,0,48,3,140,20,0,○,"알케미스트, 어쌔신, 블랙스미스, 크루세이더, 기사, 상인, 로그, 소드맨, 도둑","bonus bAtkEle,Ele_Wind;
bonus3 bAddMonsterDropItem,544,RC_Fish,4000;
"
13421,Ruber,한손검,170,0,1,50,3,150,20,0,○,"알케미스트, 블랙스미스, 크루세이더, 기사, 상인, 소드맨","autobonus ""{ bonus2 bSkillAtk,\""KN_BOWLINGBASH\"",20; bonus2 bSkillAtk,\""SM_BASH\"
13404,Platinum Shotel,한손검,130,0,1,55,4,150,20,0,○,"알케미스트, 어쌔신, 블랙스미스, 크루세이더, 기사, 상인, 로그, 소드맨, 도둑",CRIT+50
13405,Curved Sword,한손검,125,0,2,55,4,80,20,0,○,"알케미스트, 어쌔신, 블랙스미스, 크루세이더, 기사, 상인, 로그, 소드맨, 도둑",ASPD+10%
1142,Jeweled Sword,한손검,104,0,0,68,3,220,20,0,○,"알케미스트, 어쌔신, 블랙스미스, 크루세이더, 기사, 상인, 로그, 소드맨, 도둑","bonus2 bAddMonsterDropItemGroup,IG_Jewel,10000;
"
13414,Elemental Sword,한손검,105,0,3,70,3,120,20,0,○,"알케미스트, 어쌔신, 블랙스미스, 크루세이더, 기사, 상인, 로그, 소드맨, 도둑","STR+2, INT+4, DEX+1"
13420,Honglyun's Sword,한손검,160,0,1,70,4,120,20,0,○,"알케미스트, 어쌔신, 블랙스미스, 크루세이더, 기사, 상인, 로그, 소드맨, 도둑","STR+2, INT+2"
1143,Gaia Sword,한손검,140,0,0,74,3,250,20,0,○,"알케미스트, 어쌔신, 블랙스미스, 크루세이더, 기사, 상인, 로그, 소드맨, 도둑","bonus2 bAddMonsterDropItemGroup,IG_Ore,10000;
"
1145,Holy Avenger,한손검,125,0,0,75,3,135,450000,0,○,크루세이더,VIT+2
13412,Twin Edge of Naght Sieger,한손검,150,0,3,75,4,150,20,0,○,"알케미스트, 어쌔신, 블랙스미스, 크루세이더, 기사, 상인, 로그, 소드맨, 도둑","bonus bAtkEle,Ele_Water;
skill ""MG_FROSTDIVER"",5;
autobonus ""{ bonus bIgnoreDefC"
13413,Twin Edge of Naght Sieger,한손검,160,0,3,75,4,150,20,0,○,"알케미스트, 어쌔신, 블랙스미스, 크루세이더, 기사, 상인, 로그, 소드맨, 도둑","bonus bAtkEle,Ele_Fire;
skill ""WZ_METEOR"",3;
autobonus ""{ bonus bIgnoreDefClass,"
13410,Valorous Gladiator Blade,한손검,115,0,0,80,3,0,20,0,○,"알케미스트, 어쌔신, 블랙스미스, 크루세이더, 기사, 상인, 노비스, 로그, 슈퍼노비스, 소드맨, 도둑","STR+1, DEX+1"
13411,Brave Gladiator Blade,한손검,115,0,0,80,3,0,20,0,○,"알케미스트, 어쌔신, 블랙스미스, 크루세이더, 기사, 상인, 노비스, 로그, 슈퍼노비스, 소드맨, 도둑","STR+1, DEX+1"
13416,Glorious Flamberge,한손검,130,0,0,80,4,0,20,0,○,"알케미스트, 어쌔신, 블랙스미스, 크루세이더, 기사, 상인, 노비스, 로그, 슈퍼노비스, 소드맨, 도둑",ASPD+5%
13417,Glorious Rapier,한손검,130,0,0,80,4,0,20,0,○,"알케미스트, 어쌔신, 블랙스미스, 크루세이더, 기사, 상인, 노비스, 로그, 슈퍼노비스, 소드맨, 도둑",INT+5
13418,Glorious Holy Avenger,한손검,130,0,0,80,4,0,20,0,○,"알케미스트, 블랙스미스, 크루세이더, 기사, 상인, 소드맨",INT+6
1312,Orcish Axe,한손도끼,110,0,0,1,3,0,0,0,×,"알케미스트, 어쌔신, 블랙스미스, 크루세이더, 기사, 상인, 노비스, 로그, 슈퍼노비스, 소드맨, 도둑","bonus2 bAddSize,Size_All,70;
"
1313,Tourist Axe,한손도끼,77,0,0,1,1,50,0,0,×,"알케미스트, 어쌔신, 블랙스미스, 크루세이더, 기사, 상인, 노비스, 로그, 슈퍼노비스, 소드맨, 도둑",STR+2
1301,Axe,한손도끼,38,0,3,3,1,80,500,0,○,"알케미스트, 어쌔신, 블랙스미스, 크루세이더, 기사, 상인, 노비스, 로그, 슈퍼노비스, 소드맨, 도둑",
1302,Axe,한손도끼,38,0,4,3,1,80,500,0,○,"알케미스트, 어쌔신, 블랙스미스, 크루세이더, 기사, 상인, 노비스, 로그, 슈퍼노비스, 소드맨, 도둑",
1303,Axe,한손도끼,38,0,0,3,1,80,500,0,○,"알케미스트, 어쌔신, 블랙스미스, 크루세이더, 기사, 상인, 노비스, 로그, 슈퍼노비스, 소드맨, 도둑",
1304,Orcish Axe,한손도끼,75,0,0,3,3,150,20,0,○,"알케미스트, 어쌔신, 블랙스미스, 크루세이더, 기사, 상인, 노비스, 로그, 슈퍼노비스, 소드맨, 도둑",
1309,Orcish Axe,한손도끼,75,0,4,3,3,150,20,0,○,"알케미스트, 어쌔신, 블랙스미스, 크루세이더, 기사, 상인, 노비스, 로그, 슈퍼노비스, 소드맨, 도둑",
1307,Windhawk,한손도끼,115,0,0,14,2,150,18000,0,○,"알케미스트, 어쌔신, 블랙스미스, 크루세이더, 기사, 상인, 로그, 소드맨, 도둑",ASPD+5%
1305,Cleaver,한손도끼,140,0,0,44,4,120,20,0,○,"알케미스트, 블랙스미스, 크루세이더, 기사, 상인, 소드맨","bonus2 bSubRace,RC_DemiHuman,5;
bonus2 bSubRace,RC_Player_Human,5;
bonus3 bAddMo"
1308,Golden Axe,한손도끼,170,0,0,45,4,300,20,0,○,"노비스, 슈퍼노비스",
1311,Vecer Axe,한손도끼,140,0,2,50,3,150,20,0,○,"알케미스트, 블랙스미스, 크루세이더, 기사, 상인, 소드맨",CRIT+5
1306,War Axe,한손도끼,140,0,1,76,3,420,20,0,○,"알케미스트, 블랙스미스","DEX+2, LUK+2"
1310,Glorious Cleaver,한손도끼,130,0,0,80,4,0,20,0,○,"알케미스트, 블랙스미스, 크루세이더, 기사, 상인, 소드맨",ASPD+5%
1627,Staffy,한손지팡이,40,0,0,0,1,0,20,0,×,"복사, Mage, 몽크, 프리스트, 세이지, SoulLinker, 위저드","bonus bMatkRate,15;
bonus2 bAddClass,Class_All,50;
"
1628,Refined Survivor's Rod,한손지팡이,71,0,0,0,3,0,1,0,×,"복사, Mage, 몽크, 프리스트, 세이지, SoulLinker, 위저드","DEX+4, MaxHP+500"
1642,Staff Of Darkness,한손지팡이,100,0,0,0,2,0,20,0,×,"복사, Mage, 몽크, 프리스트, 세이지, SoulLinker, 위저드",INT+2
1601,Rod,한손지팡이,15,0,3,1,1,40,50,0,○,"복사, Mage, 몽크, 노비스, 프리스트, 세이지, SoulLinker, 슈퍼노비스, 위저드","bonus bMatkRate,15;
"
1602,Rod,한손지팡이,15,0,4,1,1,40,50,0,○,"복사, Mage, 몽크, 노비스, 프리스트, 세이지, SoulLinker, 슈퍼노비스, 위저드","bonus bMatkRate,15;
"
1603,Rod,한손지팡이,15,0,0,1,1,40,50,0,○,"복사, Mage, 몽크, 노비스, 프리스트, 세이지, SoulLinker, 슈퍼노비스, 위저드","bonus bMatkRate,15;
"
1623,Mighty Staff,한손지팡이,165,0,0,1,3,0,1,0,×,"복사, Mage, 몽크, 프리스트, 세이지, SoulLinker, 위저드","STR+10, INT+4"
1638,Staff Of Healing,한손지팡이,10,0,0,1,3,0,20,0,○,"복사, 몽크, 프리스트","bonus bAtkEle,Ele_Holy;
bonus bMatkRate,15;
bonus bHealPower,(getrefine()*3/2);
"
1639,Novice Rod,한손지팡이,15,0,3,1,1,0,0,0,×,"복사, Mage, 몽크, 노비스, 프리스트, 세이지, SoulLinker, 슈퍼노비스, 위저드","bonus bMatkRate,16;
"
1604,Wand,한손지팡이,25,0,2,12,2,40,2500,0,○,"복사, Mage, 몽크, 노비스, 프리스트, 세이지, SoulLinker, 슈퍼노비스, 위저드",INT+1
1605,Wand,한손지팡이,25,0,3,12,2,40,2500,0,○,"복사, Mage, 몽크, 노비스, 프리스트, 세이지, SoulLinker, 슈퍼노비스, 위저드",INT+1
1606,Wand,한손지팡이,25,0,0,12,2,40,2500,0,○,"복사, Mage, 몽크, 노비스, 프리스트, 세이지, SoulLinker, 슈퍼노비스, 위저드",INT+1
1607,Staff,한손지팡이,40,0,2,12,2,40,9500,0,○,"복사, Mage, 몽크, 프리스트, 세이지, SoulLinker, 위저드",INT+2
1608,Staff,한손지팡이,40,0,3,12,2,40,9500,0,○,"복사, Mage, 몽크, 프리스트, 세이지, SoulLinker, 위저드",INT+2
1609,Staff,한손지팡이,40,0,0,12,2,40,9500,0,○,"복사, Mage, 몽크, 프리스트, 세이지, SoulLinker, 위저드",INT+2
1610,Arc Wand,한손지팡이,60,0,1,24,3,40,45000,0,○,"복사, Mage, 몽크, 프리스트, 세이지, SoulLinker, 위저드",INT+3
1611,Arc Wand,한손지팡이,60,0,2,24,3,40,45000,0,○,"복사, Mage, 몽크, 프리스트, 세이지, SoulLinker, 위저드",INT+3
1612,Arc Wand,한손지팡이,60,0,0,24,3,40,45000,0,○,"복사, Mage, 몽크, 프리스트, 세이지, SoulLinker, 위저드",INT+3
1613,Mighty Staff,한손지팡이,130,0,0,24,3,70,20,0,○,"복사, Mage, 몽크, 프리스트, 세이지, SoulLinker, 위저드",STR+10
1614,Wand of Occult,한손지팡이,75,0,0,24,3,70,20,0,○,"복사, Mage, 몽크, 프리스트, 세이지, SoulLinker, 위저드",INT+3
1615,Evil Bone Wand,한손지팡이,40,0,0,24,3,70,20,0,○,"복사, Mage, 몽크, 프리스트, 세이지, SoulLinker, 위저드",INT+4
1617,Survivor's Rod,한손지팡이,50,0,0,24,3,100,85000,0,○,"복사, Mage, 몽크, 프리스트, 세이지, SoulLinker, 위저드","DEX+2, MaxHP+300"
1618,Survivor's Rod,한손지팡이,50,0,1,24,3,100,85000,0,○,"복사, Mage, 몽크, 프리스트, 세이지, SoulLinker, 위저드","DEX+3, MaxHP+400"
1619,Survivor's Rod,한손지팡이,50,0,0,24,3,100,85000,0,○,"복사, Mage, 몽크, 프리스트, 세이지, SoulLinker, 위저드","INT+2, MaxHP+300"
1620,Survivor's Rod,한손지팡이,50,0,1,24,3,100,85000,0,○,"복사, Mage, 몽크, 프리스트, 세이지, SoulLinker, 위저드","INT+3, MaxHP+400"
1621,Hypnotist's Staff,한손지팡이,70,0,1,30,3,50,43000,0,○,"노비스, 슈퍼노비스",INT+1
1622,Hypnotist's Staff,한손지팡이,70,0,2,30,3,50,20,0,○,"노비스, 슈퍼노비스",INT+1
1616,Wing Staff,한손지팡이,60,0,0,40,4,50,20,0,○,"Mage, 세이지, SoulLinker, 위저드","bonus bMatkRate,15;
bonus bCastrate,-5;
"
1629,Gentleman's Staff,한손지팡이,40,0,1,50,4,50,20,0,○,"복사, Mage, 몽크, 프리스트, 세이지, SoulLinker, 위저드",DEX+1
1630,Release of Wish,한손지팡이,30,0,0,50,3,50,20,0,○,"Mage, 세이지, SoulLinker, 위저드",INT+3
1646,La'cryma Stick,한손지팡이,30,0,2,50,3,50,20,0,○,"Mage, 세이지, 위저드",INT+4
1647,Croce Staff,한손지팡이,30,0,1,50,3,50,20,0,○,"복사, 몽크, 프리스트",INT+4
1648,Staff Of Bordeaux,한손지팡이,30,0,0,50,4,50,20,0,○,"Mage, 세이지, 위저드","INT+2, DEX+1"
1625,Healing Staff,한손지팡이,10,0,0,55,3,40,20,0,○,"복사, 몽크, 프리스트","bonus bAtkEle,Ele_Holy;
bonus bMatkRate,15;
bonus bHealPower,(getrefine()*3/2);
"
1624,Lich's Bone Wand,한손지팡이,60,0,2,70,3,80,20,0,○,"복사, Mage, 몽크, 프리스트, 세이지, 위저드","INT+1, DEX+1, MaxSP+300"
1626,Piercing Staff,한손지팡이,80,0,0,70,3,50,20,0,○,"복사, Mage, 몽크, 프리스트, 세이지, 위저드",INT+4
1631,Holy Stick,한손지팡이,50,0,1,70,4,50,20,0,○,"몽크, 프리스트","bonus bAtkEle,Ele_Holy;
bonus bMatkRate,15;
bonus2 bCastrate,""AL_HOLYLIGHT"",-25;"
1637,Eraser,한손지팡이,80,0,0,70,4,50,20,0,○,"복사, Mage, 몽크, 프리스트, 세이지, 위저드","INT+3, DEX+2"
1643,Dead Tree Cane,한손지팡이,100,0,0,70,4,10,20,0,○,"복사, Mage, 몽크, 프리스트, 세이지, SoulLinker, 위저드","INT+4, MaxHP+-200, MaxSP+-100"
1644,Staff of Piercing,한손지팡이,80,0,0,70,3,50,20,0,○,"복사, Mage, 몽크, 프리스트, 세이지, 위저드",INT+4
1645,Lich's Bone Wand,한손지팡이,60,0,2,70,3,80,20,0,○,"복사, Mage, 몽크, 프리스트, 세이지, 위저드","INT+1, DEX+1, MaxSP+300"
1636,Thorn Staff of Darkness,한손지팡이,60,0,0,75,4,70,20,0,○,"복사, Mage, 몽크, 프리스트, 세이지, 위저드","INT+3, DEX+3"
1632,Warlock's Magic Wand,한손지팡이,70,0,0,80,3,0,20,0,○,"복사, Mage, 몽크, 프리스트, 세이지, SoulLinker, 위저드","INT+4, DEX+3"
1633,Warlock's Battle Wand,한손지팡이,70,0,0,80,3,0,20,0,○,"복사, Mage, 몽크, 프리스트, 세이지, SoulLinker, 위저드","INT+3, DEX+3"
1634,Strong Recovery Wand,한손지팡이,70,0,0,80,3,0,20,0,○,"복사, Mage, 몽크, 프리스트, 세이지, SoulLinker, 위저드","bonus bMatkRate,15;
bonus bHealPower,14;
bonus2 bSPRegenRate,5,10000;
bonus bUnb"
1635,Speedy Recovery Wand,한손지팡이,70,0,0,80,3,0,20,0,○,"복사, Mage, 몽크, 프리스트, 세이지, SoulLinker, 위저드","INT+3, DEX+2"
1640,Glorious Arc Wand,한손지팡이,70,0,0,80,4,0,20,0,○,"복사, Mage, 몽크, 프리스트, 세이지, SoulLinker, 위저드","bonus bMatkRate,15;
bonus2 bMagicAddRace,RC_DemiHuman,15;
bonus2 bMagicAddRace,R"
1641,Glorious Cure Wand,한손지팡이,70,0,0,80,4,0,20,0,○,"복사, Mage, 몽크, 프리스트, 세이지, SoulLinker, 위저드","bonus bMatkRate,15;
bonus bHealPower,14;
bonus bDelayRate,-10;
bonus bUnbreakabl"
1423,Pole XO,한손창,120,0,0,0,1,0,20,0,×,"크루세이더, 기사, 소드맨","bonus2 bAddClass,Class_All,50;
"
1424,Refined Brocca,한손창,149,0,0,0,4,0,1,0,×,"크루세이더, 기사, 소드맨","bonus bIgnoreDefClass,Class_Normal;
bonus2 bAddSize,Size_Medium,20;
"
1427,Spear Of Excellent,한손창,160,0,0,0,3,0,20,0,×,"크루세이더, 기사, 소드맨",STR+2
1419,Pole Axe,한손창,159,0,0,1,3,480,1,0,×,"크루세이더, 기사, 소드맨","STR+1, INT+2, DEX+1"
1430,Pike,한손창,74,0,0,1,1,0,0,0,×,"크루세이더, 기사, 소드맨","bonus2 bAddSize,Size_All,70;
"
1431,Pole Axe,한손창,195,0,0,1,3,480,1,0,×,"크루세이더, 기사, 소드맨","STR+1, INT+2, DEX+1"
1432,Pole Axe,한손창,195,0,0,1,3,480,1,0,×,"크루세이더, 기사, 소드맨","STR+1, INT+2, DEX+1"
1401,Javelin,한손창,28,0,3,4,1,70,150,0,○,"크루세이더, 기사, 소드맨",
1402,Javelin,한손창,28,0,4,4,1,70,150,0,○,"크루세이더, 기사, 소드맨",
1403,Javelin,한손창,28,0,0,4,1,70,150,0,○,"크루세이더, 기사, 소드맨",
1404,Spear,한손창,44,0,3,4,1,85,1700,0,○,"크루세이더, 기사, 소드맨",
1405,Spear,한손창,44,0,4,4,1,85,1700,0,○,"크루세이더, 기사, 소드맨",
1406,Spear,한손창,44,0,0,4,1,85,1700,0,○,"크루세이더, 기사, 소드맨",
1407,Pike,한손창,60,0,3,4,1,100,3450,0,○,"크루세이더, 기사, 소드맨",
1408,Pike,한손창,60,0,4,4,1,100,3450,0,○,"크루세이더, 기사, 소드맨",
1409,Pike,한손창,60,0,0,4,1,100,3450,0,○,"크루세이더, 기사, 소드맨",
1413,Gungnir,한손창,120,0,0,4,4,50,20,0,○,"크루세이더, 기사, 소드맨",HIT+30
1418,Gungnir,한손창,120,0,2,4,4,50,20,0,○,"크루세이더, 기사, 소드맨",HIT+30
1414,Gelerdria,한손창,145,0,0,48,4,70,20,0,○,"크루세이더, 기사, 소드맨","MaxHP+800, MaxSP+-50"
1415,Brocca,한손창,100,0,0,48,4,85,20,0,○,"크루세이더, 기사, 소드맨","bonus bIgnoreDefClass,Class_Normal;
bonus2 bAddEle,Ele_Neutral,25;
"
1416,Tjungkuletti,한손창,95,0,0,48,4,100,20,0,○,"크루세이더, 기사, 소드맨","bonus bSPDrainValue,1;
bonus bSPGainValue,5;
"
1422,Hunting Spear,한손창,180,0,1,60,4,420,20,0,○,"크루세이더, 기사, 소드맨","bonus bIgnoreDefRace,RC_Brute;
bonus bIgnoreDefRace,RC_Player_Doram;
bonus3 bAdd"
1429,Hunting Spear,한손창,180,0,1,60,4,420,20,0,○,"크루세이더, 기사, 소드맨","bonus bIgnoreDefRace,RC_Brute;
bonus bIgnoreDefRace,RC_Player_Doram;
bonus3 bAdd"
1420,Long Horn,한손창,150,0,1,65,4,100,20,0,○,"크루세이더, 기사, 소드맨","bonus bAtkEle,Ele_Holy;
bonus2 bAddEff,Eff_Bleeding,500;
skill ""TF_DETOXIFY"",1;
"
1421,Battle Hook,한손창,140,0,1,65,4,90,20,0,○,"크루세이더, 기사, 소드맨","bonus2 bAddEff,Eff_Stun,500;
bonus2 bAddRace,RC_DemiHuman,20;
bonus2 bAddRace,RC"
1428,Long Horn,한손창,150,0,1,65,4,100,20,0,○,"크루세이더, 기사, 소드맨","bonus bAtkEle,Ele_Holy;
bonus2 bAddEff,Eff_Bleeding,500;
skill ""TF_DETOXIFY"",1;
"
1417,Pole Axe,한손창,160,0,1,71,3,380,20,0,○,"크루세이더, 기사, 소드맨","STR+1, INT+2, DEX+1"
1425,Assaulter Spear,한손창,60,0,0,80,3,0,20,0,○,"크루세이더, 기사, 소드맨","STR+2, ASPD+20%"
1426,Glorious Spear,한손창,130,0,0,80,4,0,20,0,○,"크루세이더, 기사, 소드맨",ASPD+10%
18101,Rudra Bow,활,185,0,0,0,4,0,2,0,×,"궁수, BardDancer, 헌터, 로그, 도둑",INT+5
18102,Rudra Bow,활,185,0,0,0,4,0,2,0,×,"궁수, BardDancer, 헌터, 로그, 도둑",INT+5
1728,Ballista,활,194,0,0,1,4,0,1,0,×,"BardDancer, 헌터","bonus bLongAtkRate,20;
"
1729,Rudra Bow,활,185,0,0,1,4,0,2,0,×,"궁수, BardDancer, 헌터, 로그",INT+5
1735,Kkakkung,활,120,0,0,1,1,0,20,0,×,"궁수, BardDancer, 헌터, 로그, 도둑","bonus2 bAddClass,Class_All,50;
"
1744,Bow Of Evil,활,170,0,0,1,4,0,0,0,×,"궁수, BardDancer, 헌터, 로그, 도둑",DEX+2
18100,Shooting Star,활,190,0,0,1,4,0,20,0,○,"BardDancer, 헌터","bonus bLongAtkRate,20;
"
1701,Bow,활,15,0,3,4,1,50,1000,0,○,"궁수, BardDancer, 헌터, 로그, 도둑",
1702,Bow,활,15,0,4,4,1,50,1000,0,○,"궁수, BardDancer, 헌터, 로그, 도둑",
1703,Bow,활,15,0,0,4,1,0,1000,0,○,"궁수, BardDancer, 헌터, 로그, 도둑","bonus2 bAddDamageClass,1002,500;
bonus2 bAddDamageClass,1113,500;
bonus2 bAddDam"
1704,Composite Bow,활,29,0,3,4,1,60,2500,0,○,"궁수, BardDancer, 헌터, 로그, 도둑",
1705,Composite Bow,활,29,0,4,4,1,60,2500,0,○,"궁수, BardDancer, 헌터, 로그, 도둑",
1706,Composite Bow,활,29,0,0,4,1,60,2500,0,○,"궁수, BardDancer, 헌터, 로그, 도둑",
1742,Novice Composite Bow,활,49,0,3,4,1,0,1,0,×,"궁수, BardDancer, 헌터, 로그, 도둑",
1707,Great Bow,활,50,0,2,18,2,100,10000,0,○,"궁수, BardDancer, 헌터, 로그, 도둑",
1708,Great Bow,활,50,0,3,18,2,100,10000,0,○,"궁수, BardDancer, 헌터, 로그, 도둑",
1709,Great Bow,활,50,0,0,18,2,100,10000,0,○,"궁수, BardDancer, 헌터, 로그, 도둑",
1710,Crossbow,활,65,0,2,18,2,90,17000,0,○,"궁수, BardDancer, 헌터, 로그, 도둑",
1711,Crossbow,활,65,0,3,18,2,90,17000,0,○,"궁수, BardDancer, 헌터, 로그, 도둑",
1712,Crossbow,활,65,0,0,18,2,90,17000,0,○,"궁수, BardDancer, 헌터, 로그, 도둑",
1723,Luna Bow,활,100,0,2,30,3,200,20,0,○,헌터,DEF+2
1713,Arbalest,활,90,0,1,33,3,100,48000,0,○,"궁수, BardDancer, 헌터, 로그, 도둑",DEX+2
1714,Gakkung Bow,활,100,0,1,33,3,110,42000,0,○,"궁수, BardDancer, 헌터, 로그, 도둑",
1715,Arbalest,활,90,0,2,33,3,100,48000,0,○,"궁수, BardDancer, 헌터, 로그, 도둑",DEX+2
1716,Gakkung Bow,활,100,0,2,33,3,110,42000,0,○,"궁수, BardDancer, 헌터, 로그, 도둑",
1718,Hunter Bow,활,125,0,0,33,3,150,64000,0,○,헌터,
1726,Hunter Bow,활,125,0,1,33,3,150,64000,0,○,헌터,
1719,Roguemaster's Bow,활,75,0,0,48,4,50,20,0,○,도둑,
1720,Rudra Bow,활,150,0,0,48,4,120,20,0,○,"궁수, BardDancer, 헌터, 로그",INT+5
1745,Falken Blitz,활,100,0,2,50,3,100,0,0,○,"궁수, BardDancer, 헌터","bonus2 bSkillAtk,""SN_SHARPSHOOTING"",10;
bonus2 bSkillAtk,""AC_DOUBLE"",10;
bonus2 "
1730,Burning Bow,활,95,0,1,55,3,140,20,0,○,"궁수, BardDancer, 헌터, 로그","bonus2 bSubEle,Ele_Fire,10;
"
1731,Frozen Bow,활,100,0,1,55,3,140,20,0,○,"궁수, BardDancer, 헌터, 로그","bonus2 bAddEff,Eff_Freeze,1000;
"
1732,Earth Bow,활,105,0,1,55,3,140,20,0,○,"궁수, BardDancer, 헌터, 로그",
1733,Gust Bow,활,95,0,1,55,3,140,20,0,○,"궁수, BardDancer, 헌터, 로그",
1724,Dragon Wing,활,100,0,0,60,4,120,20,0,○,"궁수, BardDancer, 헌터, 로그, 도둑","bonus3 bAddMonsterDropItem,1765,RC_Dragon,300;
bonus bIgnoreDefRace,RC_Dragon;
"
1740,Nepenthes Bow,활,105,0,2,60,4,100,20,0,○,헌터,"bonus4 bAutoSpellOnSkill,""AC_DOUBLE"",""AC_CHARGEARROW"",1,20;
"
1721,Repeating Crossbow,활,95,0,1,65,3,200,89000,0,○,"헌터, 로그, 도둑",
1734,Orc Archer Bow,활,120,0,0,65,3,160,20,0,○,"궁수, BardDancer, 헌터, 로그","bonus2 bAddMonsterDropItem,1753,200;
"
1725,Minstrel Bow,활,120,0,1,70,4,170,20,0,○,"BardDancer, 헌터",INT+2
1736,Double Bound,활,70,0,3,70,3,90,20,0,○,헌터,"bonus3 bAutoSpell,""AC_DOUBLE"",GetSkillLv(""AC_DOUBLE""),10;
"
1737,Ixion Wings,활,135,0,1,70,4,30,20,0,○,헌터,ASPD+7%
1722,Ballista,활,145,0,0,77,4,350,124000,0,○,"BardDancer, 헌터",
1727,Ballista,활,145,0,1,77,4,350,124000,0,○,"BardDancer, 헌터",
1738,Valorous Battle CrossBow,활,100,0,0,80,3,0,0,0,○,"궁수, BardDancer, 헌터, 로그, 도둑",DEX+2
1739,Brave Battle CrossBow,활,100,0,0,80,3,0,0,0,○,"궁수, BardDancer, 헌터, 로그, 도둑","INT+10, DEX+2"
1741,Cursed Lyre,활,125,0,1,80,4,125,20,0,○,"궁수, BardDancer, 헌터",LUK+-2
1743,Glorious Hunter Bow,활,100,0,0,80,4,0,0,0,○,"궁수, BardDancer, 헌터, 로그, 도둑","bonus2 bAddRace,RC_DemiHuman,55;
bonus2 bAddRace,RC_Player_Human,55;
bonus2 bIgn"
