ID,이름(영),슬롯,DEF,카드슬롯,필요레벨,무게,구매가,판매가,정련,사용직업,효과(요약)
2301,Cotton Shirt,갑옷,1,0,0,10,10,0,○,전직업,
2302,Cotton Shirt,갑옷,1,1,0,10,10,0,○,전직업,
2303,Jacket,갑옷,2,0,0,20,200,0,○,전직업,
2304,Jacket,갑옷,2,1,0,20,200,0,○,전직업,
2305,Adventurer's Suit,갑옷,3,0,0,30,1000,0,○,전직업,
2306,Adventurer's Suit,갑옷,3,1,0,30,1000,0,○,전직업,
2307,Mantle,갑옷,4,0,0,60,10000,0,○,All,
2308,Mantle,갑옷,4,1,0,60,10000,0,○,All,
2309,Coat,갑옷,5,0,0,120,22000,0,○,All,
2310,Coat,갑옷,5,1,0,120,22000,0,○,All,
2312,Padded Armor,갑옷,7,0,0,280,48000,0,○,"알케미스트, 어쌔신, 블랙스미스, 크루세이더, 기사, 상인, 로그, 소드맨, 도둑",
2313,Padded Armor,갑옷,7,1,0,280,48000,0,○,"알케미스트, 어쌔신, 블랙스미스, 크루세이더, 기사, 상인, 로그, 소드맨, 도둑",
2314,Chain Mail,갑옷,8,0,0,330,65000,0,○,"알케미스트, 어쌔신, 블랙스미스, 크루세이더, 기사, 상인, 로그, 소드맨, 도둑",
2315,Chain Mail,갑옷,8,1,0,330,65000,0,○,"알케미스트, 어쌔신, 블랙스미스, 크루세이더, 기사, 상인, 로그, 소드맨, 도둑",
2320,Formal Suit,갑옷,5,1,0,30,20,0,○,All,
2321,Silk Robe,갑옷,3,0,0,40,8000,0,○,"복사, 알케미스트, 블랙스미스, 크루세이더, 기사, Mage, 상인, 몽크, 프리스트, 세이지, SoulLinker, 소드맨, 위저드",MDEF+10
2322,Silk Robe,갑옷,3,1,0,40,8000,0,○,"복사, 알케미스트, 블랙스미스, 크루세이더, 기사, Mage, 상인, 몽크, 프리스트, 세이지, SoulLinker, 소드맨, 위저드",MDEF+10
2323,Scapulare,갑옷,4,0,0,40,6500,0,○,"복사, 몽크, 프리스트",
2324,Scapulare,갑옷,4,1,0,40,6500,0,○,"복사, 몽크, 프리스트",
2325,Saint's Robe,갑옷,6,0,0,60,54000,0,○,"복사, 알케미스트, 블랙스미스, 상인, 몽크, 프리스트",MDEF+5
2326,Saint's Robe,갑옷,6,1,0,60,54000,0,○,"복사, 알케미스트, 블랙스미스, 상인, 몽크, 프리스트",MDEF+5
2328,Wooden Mail,갑옷,4,0,0,100,5500,0,○,"알케미스트, 블랙스미스, 크루세이더, 기사, 상인, 소드맨",
2329,Wooden Mail,갑옷,4,1,0,100,5500,0,○,"알케미스트, 블랙스미스, 크루세이더, 기사, 상인, 소드맨",
2332,Silver Robe,갑옷,4,0,0,70,7000,0,○,"Mage, 세이지, SoulLinker, 위저드",
2333,Silver Robe,갑옷,4,1,0,70,7000,0,○,"Mage, 세이지, SoulLinker, 위저드",
2335,Thief Clothes,갑옷,6,0,0,10,74000,0,○,"어쌔신, 닌자, 로그, 도둑",AGI+1
2336,Thief Clothes,갑옷,6,1,0,10,74000,0,○,"어쌔신, 닌자, 로그, 도둑",AGI+1
2338,Wedding Dress,갑옷,0,0,0,50,43000,0,○,All,MDEF+15
2339,Pantie,갑옷,4,0,0,10,1000,0,○,전직업,
2352,Tattered Novice Ninja Suit,갑옷,4,0,0,0.1,1,0,×,"노비스, 슈퍼노비스",
2368,Golden Armor,갑옷,4,0,0,200,20,0,×,전직업,MDEF+4
2369,Freyja Overcoat,갑옷,12,0,0,50,0,0,×,All,"bonus bUnbreakableArmor;
bonus2 bSubRace,RC_DemiHuman,10;
bonus2 bSubRace,RC_Pla"
2370,Used Mage Coat,갑옷,15,0,0,0,0,0,×,전직업,"MaxHP+300, MaxSP+30"
2371,Pantie,갑옷,4,1,0,10,1000,0,○,전직업,
2384,Spiritual Tunic,갑옷,10,0,0,0,20,0,×,전직업,MaxHP+800
2385,Recuperative Armor,갑옷,12,0,0,0,20,0,×,전직업,"bonus bNoRegen,1;
bonus bNoRegen,2;
bonus bHPGainValue,60;
bonus bSPGainValue,6;"
2392,Old Green Pantie,갑옷,10,0,0,0,0,0,×,전직업,"STR+2, VIT+2, MDEF+1, MaxHP+200"
2393,Novice Adventurer's Suit,갑옷,8,1,0,0,0,0,×,전직업,
2396,Glorious Mass-Production Suit,갑옷,0,0,0,0,20,0,○,All,MaxHP+500
2397,Incredible Event Resignation Coat,갑옷,2,0,0,90,10,0,○,All,
2399,Dragon Vest,갑옷,3,1,0,50,20,0,○,All,MDEF+3
15001,Odin's Blessing,갑옷,10,0,0,0,0,0,×,All,
2357,Valkyrian Armor,갑옷,6,1,1,280,0,0,○,All,전스탯+1
2358,Angel's Dress,갑옷,5,0,1,100,20,0,×,전직업,LUK+4
2340,Novice Breastplate,갑옷,4,1,10,50,89000,0,○,"노비스, 슈퍼노비스",
2311,Mink Coat,갑옷,6,1,30,230,20,0,○,All,
2316,Full Plate,갑옷,10,0,40,450,80000,0,○,"크루세이더, 기사, 소드맨",
2317,Full Plate,갑옷,10,1,40,450,80000,0,○,"크루세이더, 기사, 소드맨",
2355,Angelic Protection,갑옷,4,1,40,60,10000,0,○,"노비스, 슈퍼노비스",MDEF+20
2330,Tights,갑옷,6,0,45,50,71000,0,○,"궁수, BardDancer, 헌터",DEX+1
2331,Tights,갑옷,6,1,45,50,71000,0,○,"궁수, BardDancer, 헌터",DEX+1
2344,Lucius's Fierce Armor of Volcano,갑옷,4,0,45,220,136000,0,○,"알케미스트, 블랙스미스, 크루세이더, 기사, 상인, 소드맨","bonus bDefEle,Ele_Fire;
"
2345,Lucius's Fierce Armor of Volcano,갑옷,4,1,45,220,136000,0,○,All,"bonus bDefEle,Ele_Fire;
"
2346,Saphien's Armor of Ocean,갑옷,4,0,45,220,136000,0,○,"알케미스트, 블랙스미스, 크루세이더, 기사, 상인, 소드맨","bonus bDefEle,Ele_Water;
"
2347,Saphien's Armor of Ocean,갑옷,4,1,45,220,136000,0,○,All,"bonus bDefEle,Ele_Water;
"
2348,Aebecee's Raging Typhoon Armor,갑옷,4,0,45,220,136000,0,○,"알케미스트, 블랙스미스, 크루세이더, 기사, 상인, 소드맨","bonus bDefEle,Ele_Wind;
"
2349,Aebecee's Raging Typhoon Armor,갑옷,4,1,45,220,136000,0,○,All,"bonus bDefEle,Ele_Wind;
"
2350,Claytos Cracking Earth Armor,갑옷,4,0,45,220,136000,0,○,"알케미스트, 블랙스미스, 크루세이더, 기사, 상인, 소드맨","bonus bDefEle,Ele_Earth;
"
2351,Claytos Cracking Earth Armor,갑옷,4,1,45,220,136000,0,○,All,"bonus bDefEle,Ele_Earth;
"
2334,Mage Coat,갑옷,5,0,50,60,20,0,○,"Mage, 세이지, SoulLinker, 위저드","INT+1, MDEF+5"
2337,Ninja Suit,갑옷,7,0,50,150,20,0,○,"어쌔신, 닌자, 로그, 도둑","AGI+1, MDEF+3"
2359,Ninja Suit,갑옷,7,1,50,150,20,0,○,"어쌔신, 닌자, 로그, 도둑","AGI+1, MDEF+3"
2367,Sniping Suit,갑옷,5,1,50,75,20,0,○,헌터,"MDEF+5, CRIT+6"
2372,Mage Coat,갑옷,5,1,50,60,20,0,○,"Mage, 세이지, SoulLinker, 위저드","INT+1, MDEF+5"
2398,Sniping Suit,갑옷,5,1,50,75,20,0,○,헌터,"MDEF+5, CRIT+6"
2354,Goibne's Armor,갑옷,7,0,54,350,50000,0,○,All,VIT+2
2364,Meteo Plate Armor,갑옷,10,1,55,300,20,0,○,"알케미스트, 블랙스미스, 크루세이더, 기사, 상인, 소드맨","bonus2 bResEff,Eff_Stun,3000;
bonus2 bResEff,Eff_Freeze,3000;
"
2365,Orleans's Gown,갑옷,2,1,55,30,20,0,○,All,"bonus bCastrate,15;
bonus bNoCastCancel;
"
2366,Divine Cloth,갑옷,6,1,55,150,20,0,○,All,"bonus2 bResEff,Eff_Curse,500;
bonus2 bResEff,Eff_Silence,500;
bonus2 bResEff,Eff"
2374,Diabolus Robe,갑옷,6,1,55,30,20,0,○,"복사, 궁수, BardDancer, 헌터, Mage, 몽크, 프리스트, 세이지, 위저드","MDEF+5, MaxSP+150"
2375,Diabolus Armor,갑옷,7,1,55,60,20,0,○,"알케미스트, 어쌔신, 블랙스미스, 크루세이더, 기사, 상인, 로그, 소드맨, 도둑","STR+2, DEX+1, MaxHP+150"
2319,Glittering Jacket,갑옷,7,1,60,250,20,0,○,All,MDEF+5
2327,Holy Robe,갑옷,7,0,60,170,20,0,○,"복사, 몽크, 프리스트",MDEF+5
2373,Holy Robe,갑옷,7,1,60,170,20,0,○,"복사, 몽크, 프리스트",MDEF+5
2395,Glorious Popularized Suit,갑옷,0,0,61,0,20,0,○,All,MaxHP+600
2353,Odin's Blessing,갑옷,6,1,65,250,30000,0,○,All,
2318,Lord's Clothes,갑옷,8,1,70,250,20,0,○,"알케미스트, 블랙스미스, 상인","INT+1, MDEF+5"
2341,Legion Plate Armor,갑옷,11,0,70,550,94000,0,○,크루세이더,
2342,Legion Plate Armor,갑옷,11,1,70,550,102500,0,○,크루세이더,
2356,Blessed Holy Robe,갑옷,5,1,70,250,20,0,○,"몽크, 프리스트",MDEF+5
2386,Chameleon Armor,갑옷,5,0,70,170,20,0,○,"알케미스트, 어쌔신, BardDancer, 블랙스미스, 크루세이더, 헌터, 기사, 몽크, 프리스트, 로그, 세이지, SoulLinker, StarGladiator, 위저드","DEF+3, MDEF+5"
2387,Sprint Mail,갑옷,3,1,70,100,20,0,○,"알케미스트, 어쌔신, BardDancer, 블랙스미스, 크루세이더, 헌터, 기사, 몽크, 프리스트, 로그, 세이지, SoulLinker, StarGladiator, 위저드",VIT+1
2388,Kandura,갑옷,4,1,70,30,20,0,○,어쌔신,"AGI+1, FLEE+5, ASPD+2%"
2389,Armor of Naga,갑옷,5,1,70,100,20,0,○,"알케미스트, 어쌔신, BardDancer, 블랙스미스, 크루세이더, 헌터, 기사, 몽크, 프리스트, 로그, 세이지, SoulLinker, StarGladiator, 위저드",MDEF+2
2343,Robe of Cast,갑옷,5,0,75,110,124800,0,○,"세이지, SoulLinker, 위저드",MDEF+4
2360,Robe of Cast,갑옷,5,1,75,110,124800,0,○,"세이지, SoulLinker, 위저드",MDEF+4
2390,Improved Tights,갑옷,6,1,75,40,20,0,○,"궁수, BardDancer, 헌터",MDEF+2
2376,Assaulter Plate,갑옷,7,1,80,0,10,0,○,"알케미스트, 블랙스미스, 크루세이더, 기사, 상인, StarGladiator, 소드맨, Taekwon","MDEF+2, MaxHP+150"
2377,Elite Engineer Armor,갑옷,7,1,80,0,10,0,○,"알케미스트, 블랙스미스, 상인","MDEF+2, MaxHP+150"
2378,Assassin Robe,갑옷,7,1,80,0,10,0,○,"어쌔신, 닌자, 로그, 도둑","MDEF+2, MaxHP+150"
2379,Warlock's Battle Robe,갑옷,3,1,80,0,10,0,○,"Mage, 세이지, SoulLinker, 위저드","MDEF+2, MaxHP+150"
2380,Medic's Robe,갑옷,3,1,80,0,10,0,○,"복사, 몽크, 프리스트","MDEF+2, MaxHP+150"
2381,Elite Archer Suit,갑옷,3,1,80,0,10,0,○,"궁수, BardDancer, 헌터","MDEF+2, MaxHP+150"
2382,Elite Shooter Suit,갑옷,3,1,80,0,10,0,○,건슬링거,"MDEF+2, MaxHP+150"
2394,Glorious Suit,갑옷,0,0,81,0,20,0,○,All,"bonus bMaxHPRate,20;
bonus2 bSubRace,RC_DemiHuman,7;
bonus2 bSubRace,RC_Player_H"
2391,Life Link,갑옷,9,1,82,350,20,0,○,"크루세이더, 기사, 소드맨","VIT+2, MDEF+5"
15000,Bone Plate,갑옷,7,1,85,100,20,0,○,"알케미스트, 어쌔신, 블랙스미스, 크루세이더, 기사, 상인, 로그, 소드맨, 도둑","STR+1, MDEF+3"
2383,Brynhild,갑옷,10,0,94,40,20,0,×,전직업,"MDEF+10, MaxHP+20, MaxSP+5"
2101,Guard,방패,3,0,0,30,500,0,○,전직업,
2102,Guard,방패,3,1,0,30,500,0,○,전직업,
2103,Buckler,방패,4,0,0,60,14000,0,○,"복사, 알케미스트, 어쌔신, BardDancer, 블랙스미스, 크루세이더, 기사, 상인, 몽크, 프리스트, 로그, 소드맨, 도둑",
2104,Buckler,방패,4,1,0,60,14000,0,○,"복사, 알케미스트, 어쌔신, BardDancer, 블랙스미스, 크루세이더, 기사, 상인, 몽크, 프리스트, 로그, 소드맨, 도둑",
2105,Shield,방패,6,0,0,130,56000,0,○,"크루세이더, 기사, 소드맨",
2106,Shield,방패,6,1,0,130,56000,0,○,"크루세이더, 기사, 소드맨",
2107,Mirror Shield,방패,4,0,0,100,60000,0,○,"크루세이더, 기사, StarGladiator, 소드맨",MDEF+5
2108,Mirror Shield,방패,4,1,0,100,60000,0,○,"크루세이더, 기사, StarGladiator, 소드맨",MDEF+5
2109,Memory Book,방패,3,0,0,100,20,0,○,"Mage, 세이지, SoulLinker, 위저드","INT+1, MDEF+2"
2112,Novice Guard,방패,3,0,0,0.1,1,0,×,"노비스, 슈퍼노비스",
2121,Memory Book,방패,3,1,0,100,20,0,○,"Mage, 세이지, SoulLinker, 위저드","INT+1, MDEF+2"
2127,Secular Mission,방패,10,0,0,0,20,0,×,전직업,"bonus2 bSubClass,Class_All,25;
"
2132,Shell Of Resistance,방패,9,0,0,0,20,0,×,전직업,전스탯+1
2136,Cracked Buckler,방패,5,0,0,0,0,0,×,전직업,"AGI+2, MDEF+1"
2199,Ahura Mazdah,방패,100,0,1,1,1,0,×,전직업,"MDEF+99, 전스탯+50"
2116,Angelic Guard,방패,3,1,20,40,10000,0,○,"노비스, 슈퍼노비스","bonus2 bSubRace,RC_Demon,5;
"
2117,Arm Guard,방패,5,0,20,15,10000,0,○,닌자,
2118,Arm Guard,방패,5,1,20,15,10000,0,○,닌자,
2113,Novice Shield,방패,3,1,40,100,5000,0,○,"노비스, 슈퍼노비스","bonus2 bSubEle,Ele_Water,20;
bonus2 bSubEle,Ele_Earth,20;
bonus2 bSubEle,Ele_Fir"
2119,Advanced Arm Guard,방패,4,0,50,15,40000,0,○,닌자,MDEF+5
2120,Advanced Arm Guard,방패,4,1,50,15,40000,0,○,닌자,MDEF+5
2129,Exorcism Bible,방패,5,0,50,60,20,0,○,"몽크, 프리스트",INT+1
2133,Tournament Shield,방패,5,1,50,100,20,0,○,"크루세이더, 기사, 소드맨",ASPD+-5%
2123,Orleans's Server,방패,5,1,55,100,20,0,○,All,MDEF+2
2124,Thorny Buckler,방패,5,1,55,100,20,0,○,All,MDEF+2
2114,Stone Buckler,방패,3,1,65,150,30000,0,○,All,"bonus2 bSubSize,Size_Large,5;
"
2115,Valkyrja's Shield,방패,3,1,65,50,30000,0,○,All,MDEF+5
2138,Bradium Shield,방패,5,1,65,180,20,0,○,"알케미스트, 어쌔신, BardDancer, 블랙스미스, 크루세이더, 헌터, 기사, 몽크, 프리스트, 로그, 세이지, SoulLinker, StarGladiator, 위저드","AGI+-1, MaxHP+500"
2110,Holy Guard,방패,5,0,68,140,85000,0,×,크루세이더,"VIT+2, MDEF+2"
2122,Platinum Shield,방패,5,0,68,120,20,0,○,All,MDEF+5
2131,Magic Bible Vol1,방패,2,1,70,100,20,0,○,"Mage, 세이지, SoulLinker, 위저드","INT+2, MDEF+3"
2134,Shield of Naga,방패,3,1,70,50,20,0,○,"알케미스트, 어쌔신, BardDancer, 블랙스미스, 크루세이더, 헌터, 기사, 몽크, 프리스트, 로그, 세이지, SoulLinker, StarGladiator, 위저드",MDEF+3
2135,Shadow Guard,방패,4,1,70,80,20,0,○,로그,
2125,Strong Shield,방패,4,1,75,250,20,0,○,"알케미스트, 어쌔신, 블랙스미스, 크루세이더, 기사, 상인, 로그, 소드맨, 도둑","bonus bNoKnockback;
bonus2 bSubEle,Ele_Neutral,-20;
bonus2 bSubEle,Ele_Fire,-20;"
2126,Guyak Shield,방패,3,0,75,70,20,0,○,All,MDEF+3
2130,Cross Shield,방패,6,1,80,200,20,0,○,크루세이더,STR+1
2111,Sacred Mission,방패,5,0,83,160,128000,0,○,크루세이더,"VIT+3, INT+2, MDEF+3"
2128,Sacred Mission,방패,5,1,83,160,128000,0,○,크루세이더,"VIT+3, INT+2, MDEF+3"
2137,Neo Valkyrja's Shield,방패,5,0,95,0,0,0,×,All,MDEF+5
2139,Flame Thrower,방패,60,0,99,200,20000,0,×,블랙스미스,
2501,Hood,망토,1,0,0,20,1000,0,○,전직업,
2502,Hood,망토,1,1,0,20,1000,0,○,전직업,
2503,Muffler,망토,2,0,0,40,5000,0,○,All,
2504,Muffler,망토,2,1,0,40,5000,0,○,All,
2505,Manteau,망토,4,0,0,60,32000,0,○,"알케미스트, 어쌔신, 블랙스미스, 크루세이더, 기사, 상인, 로그, StarGladiator, 소드맨, Taekwon, 도둑",
2506,Manteau,망토,4,1,0,60,32000,0,○,"알케미스트, 어쌔신, 블랙스미스, 크루세이더, 기사, 상인, 로그, StarGladiator, 소드맨, Taekwon, 도둑",
2508,Ragamuffin Manteau,망토,1,0,0,50,56000,0,○,All,MDEF+10
2510,Somber Novice Hood,망토,2,0,0,0.1,1,0,×,"노비스, 슈퍼노비스","bonus2 bSubEle,Ele_Neutral,20;
"
2533,Freyja Cape,망토,10,0,0,20,0,0,×,All,"bonus2 bSubRace,RC_DemiHuman,15;
bonus2 bSubRace,RC_Player_Human,15;
"
2534,Ruffler,망토,10,0,0,0,20,0,×,전직업,FLEE+17
2535,Cloak Of Survival,망토,5,0,0,0,1,0,×,"Mage, 세이지, SoulLinker, 위저드","VIT+10, MDEF+10"
2537,Diabolus Manteau,망토,5,1,0,25,20,0,○,"알케미스트, 어쌔신, BardDancer, 블랙스미스, 크루세이더, 헌터, 기사, 몽크, 프리스트, 로그, 세이지, SoulLinker, StarGladiator, 위저드",MaxHP+100
2543,Sylphid Manteau,망토,9,0,0,0,20,0,×,전직업,FLEE+13
2544,Leather of Tendrilion,망토,3,1,0,50,20,0,○,"알케미스트, 어쌔신, BardDancer, 블랙스미스, 크루세이더, 헌터, 기사, 몽크, 프리스트, 로그, 세이지, SoulLinker, StarGladiator, 위저드","bonus2 bSubEle,Ele_Water,5;
bonus2 bSubEle,Ele_Earth,5;
bonus2 bSubRace,RC_Plant"
2546,Beach Manteau,망토,0,1,0,60,20,0,○,전직업,"STR+1, INT+1"
2547,Cheap Undershirt,망토,8,0,0,0,0,0,○,전직업,"DEX+2, MDEF+1, FLEE+10"
2550,Fisher's Muffler,망토,0,0,0,20,20,0,○,전직업,
2553,Dragon Manteau,망토,5,1,0,100,20,0,○,All,"AGI+1, MDEF+5"
2522,Undershirt,망토,2,0,1,15,20000,0,○,전직업,MDEF+1
2523,Undershirt,망토,2,1,1,15,20000,0,○,전직업,MDEF+1
2524,Valkyrian Manteau,망토,3,1,1,50,0,0,○,All,"bonus bUnbreakableGarment;
if (BaseClass == Job_Mage || BaseClass == Job_Archer "
2521,Angelic Cardigan,망토,2,1,20,40,10000,0,○,"노비스, 슈퍼노비스","bonus bHPrecovRate,5;
"
2518,Morpheus's Shawl,망토,3,0,33,60,30000,0,○,All,MDEF+3
2507,Ancient Cape,망토,2,0,40,60,82000,0,○,All,AGI+1
2512,Novice Manteau,망토,2,1,40,50,50000,0,○,"노비스, 슈퍼노비스","bonus2 bSubEle,Ele_Neutral,10;
"
2525,Ancient Cape,망토,2,1,40,60,82000,0,○,All,AGI+1
2527,Dragon Breath,망토,4,1,48,60,20,0,○,All,"bonus2 bSubRace,RC_Dragon,15;
"
2526,Coat of Dragon Scale,망토,4,0,50,1,20,0,○,전직업,
2520,Goibne's Spaulders,망토,3,0,54,70,30000,0,○,All,"VIT+1, MDEF+2"
2528,Wool Scarf,망토,3,1,55,50,20,0,○,All,MDEF+4
2529,Rider Insignia,망토,4,0,55,50,20,0,○,All,AGI+2
2530,Rider Insignia,망토,4,1,55,50,20,0,○,All,AGI+2
2551,Crest of the Rider,망토,4,1,55,50,20,0,○,All,AGI+2
2536,Skin of Ventus,망토,2,1,60,25,20,0,○,All,"MDEF+2, FLEE+10, MaxHP+200"
2519,Morrigane's Manteau,망토,3,0,61,60,30000,0,○,All,LUK+2
2516,Falcon Muffler,망토,3,0,65,40,30000,0,○,All,FLEE+15
2517,Vali's Manteau,망토,4,0,65,60,30000,0,○,All,"bonus2 bSubEle,Ele_Neutral,15;
"
2531,Ulfhedinn,망토,3,1,70,70,20,0,○,"알케미스트, 어쌔신, 블랙스미스, 크루세이더, 기사, 상인, 로그, 소드맨, 도둑","bonus3 bAutoSpellWhenHit,""NPC_STONESKIN"",6,20;
"
2532,Mithril Magic Cape,망토,3,1,70,40,20,0,○,"복사, 궁수, BardDancer, 헌터, Mage, 몽크, 프리스트, 세이지, 위저드",MDEF+3
2542,Flame Manteau of Naght Sieger,망토,4,1,70,50,20,0,○,All,MDEF+2
2545,Musika,망토,2,1,70,50,20,0,○,"몽크, 프리스트",MDEF+3
2552,Mithril Magic Manteau,망토,3,1,70,40,20,0,○,"복사, 궁수, BardDancer, 헌터, Mage, 몽크, 프리스트, 세이지, 위저드",MDEF+3
2509,Survivor's Manteau,망토,0,0,75,55,20000,0,○,"Mage, 세이지, SoulLinker, 위저드","VIT+10, MDEF+5"
2511,Skeleton Manteau,망토,1,0,75,70,5000,0,○,All,"STR+2, AGI+-4, VIT+-3, INT+-3, DEX+2, LUK+2"
2513,Heavenly Maiden Robe,망토,3,1,80,50,20,0,○,All,
2514,Pauldron,망토,5,1,80,80,20,0,○,"알케미스트, 어쌔신, 블랙스미스, 크루세이더, 기사, 상인, 로그, 소드맨, 도둑",
2538,Captain's Manteau,망토,4,1,80,0,10,0,○,"알케미스트, 어쌔신, 블랙스미스, 크루세이더, 기사, 상인, 닌자, 로그, StarGladiator, 소드맨, Taekwon, 도둑","MDEF+1, MaxHP+50"
2539,Commander's Manteau,망토,3,1,80,0,10,0,○,"복사, 궁수, BardDancer, 헌터, Mage, 몽크, 프리스트, 세이지, SoulLinker, 위저드","MDEF+1, MaxHP+50"
2540,Sheriff's Manteau,망토,3,1,80,0,10,0,○,건슬링거,"MDEF+1, MaxHP+50"
2549,Glorious Muffler,망토,0,0,81,0,20,0,○,All,"bonus bMaxHPRate,5;
bonus2 bSubRace,RC_DemiHuman,5;
bonus2 bSubRace,RC_Player_Hu"
2515,Eagle Wing,망토,1,1,85,30,20000,0,○,"Mage, 세이지, SoulLinker, 위저드",
2554,Nydhorgg's Shadow Garb,망토,5,1,90,40,20,0,○,All,MDEF+3
2541,Asprika,망토,5,0,94,40,20,0,×,전직업,"MDEF+5, FLEE+30"
2548,Neo Muffler,망토,5,0,95,0,0,0,×,All,"bonus2 bSubRace,RC_DemiHuman,10;
bonus2 bSubRace,RC_Player_Human,10;
bonus bMaxH"
2401,Sandals,신발,1,0,0,20,400,0,○,전직업,
2402,Sandals,신발,1,1,0,20,400,0,○,전직업,
2403,Shoes,신발,2,0,0,40,3500,0,○,All,
2404,Shoes,신발,2,1,0,40,3500,0,○,All,
2405,Boots,신발,4,0,0,60,18000,0,○,"알케미스트, 궁수, 어쌔신, BardDancer, 블랙스미스, 크루세이더, 건슬링거, 헌터, 기사, 상인, 로그, StarGladiator, 소드맨, Taekwon, 도둑",
2406,Boots,신발,4,1,0,60,18000,0,○,"알케미스트, 궁수, 어쌔신, BardDancer, 블랙스미스, 크루세이더, 건슬링거, 헌터, 기사, 상인, 로그, StarGladiator, 소드맨, Taekwon, 도둑",
2407,Crystal Pumps,신발,0,0,0,10,20,0,○,All,"LUK+5, MDEF+10"
2408,Shackles,신발,3,0,0,300,5000,0,○,전직업,
2409,High Heels,신발,2,0,0,60,8500,0,○,All,MDEF+5
2414,Novice Slippers,신발,2,0,0,0.1,1,0,×,"노비스, 슈퍼노비스",
2427,Golden Shoes,신발,4,0,0,30,20,0,×,전직업,MDEF+4
2428,Freyja Boots,신발,10,0,0,30,0,0,×,All,"bonus2 bSubRace,RC_DemiHuman,5;
bonus2 bSubRace,RC_Player_Human,5;
"
2429,Iron Boots,신발,5,0,0,150,0,0,○,"알케미스트, 궁수, 어쌔신, BardDancer, 블랙스미스, 크루세이더, 헌터, 기사, 상인, 로그, 소드맨, 도둑",
2430,Iron Boots,신발,5,0,0,80,0,0,○,전직업,
2431,Valley Shoes,신발,10,0,0,0,20,0,×,전직업,"bonus bMaxHPRate,7;
bonus bMaxSPRate,7;
"
2432,High Heels,신발,2,1,0,60,8500,0,○,All,MDEF+5
2433,Diabolus Boots,신발,4,1,0,25,20,0,○,"알케미스트, 어쌔신, BardDancer, 블랙스미스, 크루세이더, 헌터, 기사, 몽크, 프리스트, 로그, 세이지, SoulLinker, StarGladiator, 위저드","bonus bMaxHP,(BaseLevel*10);
"
2439,Refresh Shoes,신발,9,0,0,0,20,0,×,전직업,"bonus bMaxHPRate,17;
bonus bMaxSPRate,8;
bonus2 bHPRegenRate,20,10000;
bonus2 bS"
2441,Beach Sandals,신발,0,0,0,20,20,0,○,전직업,"STR+1, AGI+1, INT+1"
2442,Red Stocking Boots,신발,7,0,0,0,0,0,×,전직업,"LUK+2, MDEF+1"
2443,Fisher's Boots,신발,0,0,0,25,10,0,×,전직업,
2446,Glorious Mass-Production Shoes,신발,0,0,0,0,20,0,○,All,"bonus bMaxHPRate,5;
"
2447,Army Boots,신발,5,0,0,100,0,0,○,All,
2448,Air Boss,신발,2,0,0,50,0,0,○,전직업,AGI+1
2421,Valkyrian Shoes,신발,4,1,1,50,0,0,○,All,"bonus bUnbreakableShoes;
if (BaseClass == Job_Mage || BaseClass == Job_Archer ||"
2420,Angel's Reincarnation,신발,2,1,25,30,10000,0,○,"노비스, 슈퍼노비스",MaxHP+100
2413,Safety Boots,신발,6,0,30,35,34000,0,×,"크루세이더, 기사, 소드맨",
2415,Bunny Slipper,신발,3,1,30,30,34000,0,○,All,"LUK+3, MDEF+3"
2416,Novice Shoes,신발,2,1,40,50,35000,0,○,"노비스, 슈퍼노비스","bonus bMaxHPrate,5;
"
2422,High Fashion Sandals,신발,2,1,40,20,24000,0,○,"복사, Mage, 몽크, 프리스트, 세이지, SoulLinker, 위저드",MDEF+10
2419,Goibne's Greaves,신발,4,0,54,70,30000,0,○,All,MDEF+3
2424,Tidal Shoes,신발,3,1,55,30,20,0,○,All,"bonus2 bSubEle,Ele_Water,5;
"
2425,Black Leather Boots,신발,4,0,55,50,20,0,○,All,AGI+1
2434,Black Leather Boots,신발,4,1,55,50,20,0,○,All,AGI+1
2450,Vital Tree Shoes,신발,4,0,60,50,20,0,○,All,"VIT+2, MDEF+3"
2445,Glorious Popularized Shoes,신발,0,0,61,0,20,0,○,All,"bonus bMaxHPRate,5;
bonus bMaxSPRate,5;
"
2411,Greaves,신발,5,0,65,75,48000,0,○,"크루세이더, 기사",
2412,Greaves,신발,5,1,65,75,54000,0,○,"크루세이더, 기사",
2417,Fricco's Shoes,신발,3,0,65,50,30000,0,○,All,AGI+2
2418,Vidar's Boots,신발,4,0,65,65,30000,0,○,All,"bonus bMaxHPrate,9;
bonus bMaxSPrate,9;
"
2440,Sprint Shoes,신발,2,1,70,30,20,0,○,"알케미스트, 어쌔신, BardDancer, 블랙스미스, 크루세이더, 헌터, 기사, 몽크, 프리스트, 로그, 세이지, SoulLinker, StarGladiator, 위저드",AGI+1
2426,Shadow Walk,신발,0,0,75,200,20,0,○,All,MDEF+10
2435,Battle Greaves,신발,4,1,80,0,10,0,○,"알케미스트, 어쌔신, 블랙스미스, 크루세이더, 기사, 상인, 닌자, 로그, StarGladiator, 소드맨, Taekwon, 도둑","MDEF+1, MaxHP+100"
2436,Combat Boots,신발,3,1,80,0,10,0,○,"복사, 궁수, BardDancer, 헌터, Mage, 몽크, 프리스트, 세이지, SoulLinker, 위저드","MDEF+1, MaxHP+100"
2437,Battle Boots,신발,3,1,80,0,10,0,○,건슬링거,"MDEF+1, MaxHP+100"
2438,Paw Of Cat,신발,0,0,80,30,10,0,○,전직업,"AGI+1, FLEE+5"
2444,Glorious Shoes,신발,0,0,81,0,20,0,○,All,"bonus bMaxHPRate,10;
bonus2 bSubRace,RC_DemiHuman,4;
bonus2 bSubRace,RC_Player_H"
2423,Variant Shoes,신발,3,0,85,50,20,0,○,All,"bonus bMaxHPRate,20-getrefine();
bonus bMaxSPRate,20-getrefine();
bonus bDef,get"
2449,Variant Shoes,신발,3,0,85,50,20,0,○,All,"bonus bMaxHPRate,20-getrefine();
bonus bMaxSPRate,20-getrefine();
bonus bDef,get"
2410,Sleipnir,신발,5,0,94,350,20,0,×,전직업,MDEF+10
2607,Clip,악세서리,0,1,0,10,30000,0,×,전직업,MaxSP+10
2609,Skull Ring,악세서리,0,0,0,10,10000,0,×,전직업,
2610,Gold Ring,악세서리,0,0,0,10,30000,0,×,전직업,
2611,Silver Ring,악세서리,0,0,0,10,20000,0,×,전직업,
2612,Flower Ring,악세서리,0,0,0,10,1500,0,×,전직업,
2613,Diamond Ring,악세서리,0,0,0,10,45000,0,×,전직업,
2634,Wedding Ring,악세서리,0,0,0,0,0,0,×,전직업,"skill ""WE_MALE"",1;
skill ""WE_FEMALE"",1;
skill ""WE_CALLPARTNER"",1;
"
2635,Wedding Ring,악세서리,0,0,0,0,0,0,×,전직업,"skill ""WE_MALE"",1;
skill ""WE_FEMALE"",1;
skill ""WE_CALLPARTNER"",1;
"
2636,Gold Christmas Ring,악세서리,0,0,0,10,30000,0,×,전직업,LUK+1
2637,Silver Christmas Ring,악세서리,0,0,0,10,20000,0,×,전직업,LUK+1
2638,Sacred Incense,악세서리,0,0,0,10,20000,0,×,전직업,"STR+1, LUK+1"
2639,Occult Incense,악세서리,0,0,0,10,20000,0,×,전직업,"AGI+1, INT+1"
2640,Kafra Ring,악세서리,1,0,0,20,40000,0,×,All,"STR+1, AGI+1, INT+1, LUK+1, MDEF+1"
2642,Serin's Gold Ring,악세서리,0,0,0,0,20,0,×,전직업,
2643,Serin's Gold Ring,악세서리,0,0,0,10,45000,0,×,전직업,
2644,The Sign,악세서리,0,0,0,0,2,0,×,전직업,"bonus2 bAddClass,Class_All,5;
bonus bMatkRate,5;
"
2646,Bunch of Carnations,악세서리,0,0,0,10,2,0,×,전직업,전스탯+3
2647,Nile Rose,악세서리,0,1,0,10,2,0,×,전직업,MaxHP+10
2658,Nile Rose,악세서리,0,1,0,10,2,0,×,전직업,MaxHP+10
2669,RJC Necklace,악세서리,0,1,0,10,30000,0,×,전직업,MaxSP+10
2672,3rd Anniversary Celebration Ring,악세서리,0,0,0,10,20,0,×,All,
2677,Spiritual Ring,악세서리,0,0,0,10,20,0,×,전직업,"INT+2, DEX+1"
2678,Ring Of Flame Lord,악세서리,0,0,0,10,20,0,×,"알케미스트, 어쌔신, BardDancer, 블랙스미스, 크루세이더, 헌터, 기사, 몽크, 프리스트, 로그, 세이지, SoulLinker, StarGladiator, 위저드","STR+2, VIT+1"
2679,Ring Of Resonance,악세서리,2,0,0,10,20,0,×,"알케미스트, 어쌔신, BardDancer, 블랙스미스, 크루세이더, 헌터, 기사, 몽크, 프리스트, 로그, 세이지, SoulLinker, StarGladiator, 위저드","AGI+2, VIT+1, MDEF+2"
2680,Lesser Elemental Ring,악세서리,0,0,0,10,20,0,×,전직업,전스탯+1
2681,Republic Anniversary Ring,악세서리,0,0,0,100,20,0,×,전직업,전스탯+3
2704,Golden Accessories,악세서리,4,0,0,10,20,0,×,전직업,MDEF+4
2705,Golden Accessories,악세서리,4,0,0,10,20,0,×,전직업,"bonus2 bAddMonsterDropItem,12018,500;
"
2706,Arrest Handcuffs,악세서리,0,0,0,0,0,0,×,전직업,
2707,GUSLI,악세서리,0,0,0,10,20,0,×,전직업,
2708,Chinese Handicraft,악세서리,0,0,0,5,0,0,×,전직업,"bonus3 bAutoSpell,""MG_FIREBOLT"",5,300;
"
2709,5th Anniversary Coin,악세서리,0,0,0,0,2,0,×,전직업,"bonus2 bAddClass,Class_All,5;
bonus bMatkRate,5;
"
2710,Bloody Iron Ball,악세서리,0,0,0,0,1,0,×,All,"bonus bBaseAtk,30;
"
2711,Spiritual Ring,악세서리,0,0,0,0,1,0,×,전직업,"INT+2, DEX+2"
2713,Certificate,악세서리,0,0,0,0,0,0,×,전직업,
2714,Marvelous Pendant,악세서리,0,1,0,10,0,0,×,전직업,
2715,Skull Ring,악세서리,0,1,0,10,10000,0,×,전직업,"bonus2 bSubRace,RC_Undead,1;
"
2729,Diabolus Ring,악세서리,0,1,0,5,20,0,×,"알케미스트, 어쌔신, BardDancer, 블랙스미스, 크루세이더, 헌터, 기사, 몽크, 프리스트, 로그, 세이지, SoulLinker, StarGladiator, 위저드","MaxHP+100, MaxSP+100"
2734,Directive,악세서리,1,0,0,0,0,0,×,"노비스, 슈퍼노비스",
2735,Directive,악세서리,1,0,0,0,0,0,×,"노비스, 슈퍼노비스",
2738,Shiny Coin,악세서리,0,0,0,0,0,0,×,전직업,"bonus2 bAddClass,Class_All,6;
bonus bMatkRate,6;
"
2739,Ordinary Coin,악세서리,0,0,0,0,0,0,×,전직업,"bonus2 bAddClass,Class_All,5;
bonus bMatkRate,5;
"
2740,Rusty Coin,악세서리,0,0,0,0,0,0,×,전직업,"bonus2 bAddClass,Class_All,3;
bonus bMatkRate,3;
"
2741,All In One Ring,악세서리,0,0,0,0,20,0,×,전직업,전스탯+1
2751,Academy Of Badge,악세서리,0,0,0,10,0,0,×,전직업,"MaxHP+400, MaxSP+200"
2764,Small Fishing Rod,악세서리,0,0,0,25,10,0,×,전직업,
2765,Novice Figure,악세서리,0,0,0,10,0,0,×,전직업,MaxHP+70
2766,Swordman Figure,악세서리,0,0,0,0,0,0,×,전직업,"VIT+1, DEF+2"
2767,Acolyte Figure,악세서리,0,0,0,0,0,0,×,전직업,"INT+1, MaxSP+50"
2768,Mage Figure,악세서리,0,0,0,0,0,0,×,전직업,INT+1
2769,Archer Figure,악세서리,0,0,0,0,0,0,×,전직업,DEX+1
2770,Thief Figure,악세서리,0,0,0,0,0,0,×,전직업,"AGI+1, ASPD+3%"
2771,Merchant Figure,악세서리,0,0,0,0,0,0,×,전직업,"STR+1, CRIT+5"
2774,Glorious Popularized Ring,악세서리,0,0,0,0,20,0,×,All,전스탯+1
2775,Lure,악세서리,0,0,0,10,20,0,×,전직업,
2776,Adventurer's Trusty Towel,악세서리,0,0,0,10,20,0,×,전직업,
2782,Ring of the Ancient Wise King,악세서리,0,0,0,10,20,0,×,전직업,"MaxHP+50, MaxSP+20"
2786,Spiritual Ring,악세서리,0,0,0,10,20,0,×,전직업,"INT+2, DEX+1"
2799,Kuirpenring,악세서리,0,1,0,10,0,0,×,전직업,MDEF+1
5817,Valentine Pledge,악세서리,3,0,0,0,20,0,×,전직업,"MDEF+3, 전스탯+2"
2628,Novice Armlet,악세서리,0,1,1,20,400,0,×,"노비스, 슈퍼노비스",
2631,Celebration Ring,악세서리,0,0,1,1,1,0,×,전직업,
2655,Bloodied Shackle Ball,악세서리,0,0,1,400,50000,0,×,All,
2656,Armor Charm,악세서리,1,0,1,100,20000,0,×,"알케미스트, 어쌔신, 블랙스미스, 크루세이더, 기사, 상인, 로그, 소드맨, 도둑",MaxHP+50
2657,Laboratory Permit,악세서리,0,0,1,10,20,0,×,전직업,
2659,Vesper Core 01,악세서리,1,0,1,10,20,0,×,"알케미스트, 어쌔신, BardDancer, 블랙스미스, 크루세이더, 헌터, 기사, 몽크, 프리스트, 로그, 세이지, SoulLinker, StarGladiator, 위저드","INT+2, MDEF+3"
2660,Vesper Core 02,악세서리,1,0,1,10,20,0,×,"알케미스트, 어쌔신, BardDancer, 블랙스미스, 크루세이더, 헌터, 기사, 몽크, 프리스트, 로그, 세이지, SoulLinker, StarGladiator, 위저드","STR+3, MDEF+3"
2661,Vesper Core 03,악세서리,1,0,1,10,20,0,×,"알케미스트, 어쌔신, BardDancer, 블랙스미스, 크루세이더, 헌터, 기사, 몽크, 프리스트, 로그, 세이지, SoulLinker, StarGladiator, 위저드","AGI+3, MDEF+3, FLEE+5"
2662,Vesper Core 04,악세서리,1,0,1,10,20,0,×,"알케미스트, 어쌔신, BardDancer, 블랙스미스, 크루세이더, 헌터, 기사, 몽크, 프리스트, 로그, 세이지, SoulLinker, StarGladiator, 위저드","DEX+3, MDEF+3, HIT+10"
2666,Lantern of Hope,악세서리,0,0,1,10,20,0,×,전직업,STR+2
2668,Woman Glory,악세서리,0,0,1,50,0,0,×,전직업,
2674,Ring of Honor,악세서리,0,0,1,0,20,0,×,전직업,
2675,Lord Ring,악세서리,0,0,1,1,0,0,×,전직업,전스탯+3
2676,Hunter's Earring,악세서리,0,0,1,30,20,0,×,전직업,"bonus2 bAddMonsterDropItem,7618,100;
"
2688,Critical Ring,악세서리,0,0,1,0,1,0,×,All,CRIT+10
2689,Earring,악세서리,0,0,1,0,1,0,×,All,INT+3
2690,Ring,악세서리,0,0,1,0,1,0,×,All,STR+4
2691,Necklace,악세서리,0,0,1,0,1,0,×,All,VIT+4
2692,Glove,악세서리,0,0,1,0,1,0,×,All,DEX+4
2693,Brooch,악세서리,0,0,1,0,1,0,×,All,AGI+4
2694,Rosary,악세서리,0,0,1,0,1,0,×,All,"LUK+4, MDEF+5"
2695,Safety Ring,악세서리,5,0,1,0,1,0,×,All,MDEF+5
2696,Vesper Core 01,악세서리,1,0,1,0,1,0,×,All,"INT+2, MDEF+3"
2697,Vesper Core 02,악세서리,1,0,1,0,1,0,×,All,"STR+3, MDEF+3"
2698,Vesper Core 03,악세서리,1,0,1,0,1,0,×,All,"AGI+3, MDEF+3, FLEE+5"
2699,Vesper Core 04,악세서리,1,0,1,0,1,0,×,All,"DEX+3, MDEF+3, HIT+10"
2752,Praccsinos,악세서리,0,0,1,0,2,0,×,전직업,"bonus2 bAddClass,Class_All,5;
bonus bMatkRate,5;
"
2753,Beholder Ring,악세서리,0,0,1,0,0,0,×,전직업,"bonus2 bExpAddRace,RC_Formless,15;
"
2754,Hallow Ring,악세서리,0,0,1,0,0,0,×,전직업,"bonus2 bExpAddRace,RC_undead,15;
"
2755,Clamorous Ring,악세서리,0,0,1,0,0,0,×,전직업,"bonus2 bExpAddRace,RC_Brute,15;
"
2756,Chemical Ring,악세서리,0,0,1,0,0,0,×,전직업,"bonus2 bExpAddRace,RC_Plant,15;
"
2757,Insecticide Ring,악세서리,0,0,1,0,0,0,×,전직업,"bonus2 bExpAddRace,RC_Insect,15;
"
2758,Fischer Ring,악세서리,0,0,1,0,0,0,×,전직업,"bonus2 bExpAddRace,RC_Fish,15;
"
2759,Decussate Ring,악세서리,0,0,1,0,0,0,×,전직업,"bonus2 bExpAddRace,RC_Demon,15;
"
2760,Bloody Ring,악세서리,0,0,1,0,0,0,×,전직업,"bonus2 bExpAddRace,RC_DemiHuman,15;
"
2761,Satanic Ring,악세서리,0,0,1,0,0,0,×,전직업,"bonus2 bExpAddRace,RC_Angel,15;
"
2762,Dragon Ring,악세서리,0,0,1,0,0,0,×,전직업,"bonus2 bExpAddRace,RC_Dragon,15;
"
2781,Aumdura's Benefit,악세서리,1,1,1,10,0,0,×,전직업,"MDEF+1, 전스탯+1"
2784,Christmas Musicbox,악세서리,0,0,1,10,20,0,×,전직업,"skill ""ALL_WEWISH"",1;
"
2791,Fresh Fish,악세서리,0,1,1,50,20,0,×,전직업,HIT+3
2819,Swordsman Manual,악세서리,0,0,1,10,0,0,×,"노비스, 슈퍼노비스",MaxSP+100
2820,Thief Manual,악세서리,0,0,1,10,0,0,×,"노비스, 슈퍼노비스",MaxSP+100
2821,Acolyte Manual,악세서리,0,0,1,10,0,0,×,"노비스, 슈퍼노비스",MaxSP+100
2822,Archer Manual,악세서리,0,0,1,10,0,0,×,"노비스, 슈퍼노비스",MaxSP+100
2823,Merchant Manual,악세서리,0,0,1,10,0,0,×,"노비스, 슈퍼노비스",MaxSP+100
2824,Mage Manual,악세서리,0,0,1,10,0,0,×,"노비스, 슈퍼노비스",MaxSP+100
5828,Honor Gold Ring,악세서리,0,0,1,5,0,0,×,전직업,"MDEF+5, 전스탯+1"
5844,Loyal Ring3,악세서리,0,0,1,0,0,0,×,전직업,전스탯+3
2601,Ring,악세서리,0,0,20,10,30000,0,×,All,STR+2
2602,Earring,악세서리,0,0,20,10,30000,0,×,All,INT+2
2603,Necklace,악세서리,0,0,20,10,30000,0,×,All,VIT+2
2604,Glove,악세서리,0,0,20,10,30000,0,×,All,DEX+2
2605,Brooch,악세서리,0,0,20,10,30000,0,×,All,AGI+2
2608,Rosary,악세서리,0,0,20,10,15000,0,×,All,"LUK+2, MDEF+5"
2682,Ring of Water,악세서리,1,0,20,10,20,0,×,All,"bonus2 bSubEle,Ele_Water,5;
"
2683,Ring of Fire,악세서리,1,0,20,10,20,0,×,All,"bonus2 bSubEle,Ele_Fire,5;
"
2684,Ring of Wind,악세서리,1,0,20,10,20,0,×,All,"bonus2 bSubEle,Ele_Wind,5;
"
2685,Ring of Earth,악세서리,1,0,20,10,20,0,×,All,"bonus2 bSubEle,Ele_Earth,5;
"
2627,Belt,악세서리,0,1,25,120,20000,0,×,전직업,
2654,Shinobi Sash,악세서리,1,0,30,30,20000,0,×,"어쌔신, 닌자, 로그, 도둑","STR+1, AGI+1, MDEF+1"
2670,Ring of Longing,악세서리,1,0,30,10,20,0,×,전직업,FLEE+5
2712,Ragnarok Limited Edition,악세서리,0,0,30,30,0,0,×,전직업,"AGI+3, VIT+3, LUK+3"
2777,Shaman Ring,악세서리,0,1,30,10,20,0,×,전직업,"bonus bUseSPrate,-5;
"
2778,Shaman Earrings,악세서리,0,0,30,10,20,0,×,전직업,INT+2
2779,Dark Knight Belt,악세서리,1,0,30,50,20,0,×,전직업,"STR+2, AGI+1"
2648,Morpheus's Ring,악세서리,0,0,33,10,30000,0,×,All,INT+1
2649,Morpheus's Bracelet,악세서리,0,0,33,10,30000,0,×,All,INT+1
2617,Celebrant's Mitten,악세서리,1,0,35,10,2,0,×,All,INT+1
2618,Matyr's Leash,악세서리,1,0,35,10,2,0,×,All,AGI+1
2615,Safety Ring,악세서리,3,0,40,10,75000,0,×,All,MDEF+3
2616,Critical Ring,악세서리,0,0,40,10,75000,0,×,All,CRIT+5
2652,Goddess of Fortune's Cursed Brooch,악세서리,0,0,40,10,20,0,×,전직업,CRIT+6
2673,Warrior's Shining Ring,악세서리,0,0,48,10,0,0,×,All,"bonus bBaseAtk,10;
bonus bSPrecovRate,3;
"
2614,Eye of Dullahan,악세서리,0,0,50,10,90000,0,×,All,"bonus2 bResEff,Eff_Poison,10000;
bonus2 bSubRace,RC_Undead,4;
bonus2 bSubRace,RC"
2641,Fashion Hip Sack,악세서리,0,0,50,70,20,0,×,"알케미스트, 블랙스미스, 상인",STR+2
2703,Expert Ring,악세서리,0,1,50,15,20,0,×,All,"bonus bDelayRate,-5;
bonus bUseSPrate,5;
"
2719,Iron Wrist,악세서리,1,0,50,70,20,0,×,"알케미스트, 블랙스미스, 크루세이더, 기사, 상인, 소드맨","bonus2 bSkillAtk,""SM_BASH"",6;
bonus2 bSkillAtk,""MC_MAMMONITE"",6;
"
2645,Moonlight Ring,악세서리,0,0,60,20,40000,0,×,"어쌔신, 닌자, 로그, 도둑",MDEF+2
2665,Exorcising Ring,악세서리,0,0,60,50,20,0,×,"복사, 몽크, 프리스트",MDEF+1
2667,Renown Archer's Gloves,악세서리,0,0,60,30,20,0,×,All,"DEX+1, HIT+5, CRIT+5"
2700,Red Silk Seal,악세서리,0,0,60,10,20,0,×,"크루세이더, 기사, 소드맨",
2788,Bradium Earring,악세서리,0,1,60,20,20,0,×,All,"INT+1, DEX+1"
2789,Bradium Ring,악세서리,0,1,60,20,20,0,×,All,"STR+1, VIT+1"
2790,Bradium Brooch,악세서리,0,1,60,20,20,0,×,All,"AGI+1, FLEE+4, ASPD+2%"
2650,Morrigane's Belt,악세서리,0,0,61,20,30000,0,×,All,CRIT+3
2651,Morrigane's Pendant,악세서리,0,0,61,20,30000,0,×,All,"STR+2, CRIT+3"
2773,Glorious Mass-Production Ring,악세서리,0,0,61,0,20,0,×,All,전스탯+2
2619,Bow Thimble,악세서리,0,0,65,10,10000,0,×,"궁수, BardDancer, 헌터","bonus bLongAtkRate,3;
"
2671,Bow Thimble,악세서리,0,1,65,10,10000,0,×,"궁수, BardDancer, 헌터","bonus bLongAtkRate,3;
"
2718,Lunatic Brooch,악세서리,0,1,65,20,20,0,×,"궁수, BardDancer, 헌터",
2620,Rogue's Treasure,악세서리,0,0,70,10,10000,0,×,"어쌔신, 닌자, 로그, 도둑","HIT+10, FLEE+10, CRIT+10"
2720,Medal of Honor,악세서리,1,0,70,0,20,0,×,"크루세이더, 기사, StarGladiator, 소드맨","HIT+10, MaxHP+500, MaxSP+50"
2721,Medal of Honor,악세서리,1,0,70,0,20,0,×,"어쌔신, 닌자, 로그, 도둑","FLEE+10, MaxHP+300, MaxSP+80"
2722,Medal of Honor,악세서리,1,0,70,0,20,0,×,"복사, 몽크, 프리스트","MDEF+6, MaxHP+600"
2723,Medal of Honor,악세서리,1,0,70,0,20,0,×,"Mage, 세이지, SoulLinker, 위저드","MDEF+6, MaxHP+600"
2724,Medal of Honor,악세서리,1,0,70,0,20,0,×,"궁수, BardDancer, 헌터","MaxHP+300, MaxSP+80, CRIT+10"
2725,Medal of Honor,악세서리,1,0,70,0,20,0,×,"알케미스트, 블랙스미스, 상인","MaxHP+500, MaxSP+50, ASPD+10%"
2726,Icarus Wings,악세서리,0,0,70,10,20,0,×,헌터,"DEX+3, MaxSP+50"
2727,Bowman Scarf,악세서리,0,0,70,20,20,0,×,헌터,"DEX+3, MaxSP+50"
2733,Sheriff Badge,악세서리,1,0,70,0,20,0,×,건슬링거,"MaxHP+300, MaxSP+80, CRIT+10"
2743,Angelic Ring,악세서리,0,0,70,10,20,0,×,"알케미스트, 어쌔신, BardDancer, 블랙스미스, 크루세이더, 헌터, 기사, 몽크, 프리스트, 로그, 세이지, SoulLinker, StarGladiator, 위저드","INT+2, DEX+1, MDEF+2"
2744,Sprint Ring,악세서리,0,0,70,10,20,0,×,"알케미스트, 어쌔신, BardDancer, 블랙스미스, 크루세이더, 헌터, 기사, 몽크, 프리스트, 로그, 세이지, SoulLinker, StarGladiator, 위저드","bonus bCastrate,-10;
bonus bDelayRate,5;
"
2745,Pinguicula Corsage,악세서리,0,1,70,20,20,0,×,"알케미스트, 어쌔신, BardDancer, 블랙스미스, 크루세이더, 헌터, 기사, 몽크, 프리스트, 로그, 세이지, SoulLinker, StarGladiator, 위저드","MDEF+2, MaxSP+25"
2783,Eye Stone Ring,악세서리,0,1,70,10,20,0,×,전직업,"MaxSP+25, CRIT+2"
2663,Gauntlet of Hit,악세서리,0,0,75,90,20,0,×,전직업,"STR+1, HIT+15"
2664,Belcarf,악세서리,0,0,75,20,20,0,×,All,"INT+1, DEX+2"
2736,Navel Ring,악세서리,0,0,75,10,20,0,×,All,"DEX+3, LUK+3, MDEF+2"
2737,Foot Ring,악세서리,0,0,75,15,20,0,×,All,VIT+3
2787,Waterdrop Brooch,악세서리,0,1,75,20,20,0,×,All,"MDEF+2, MaxHP+80"
2716,Librarian Glove,악세서리,0,1,80,10,20,0,×,"세이지, SoulLinker, 위저드",MaxSP+20
2717,Pocket Watch,악세서리,0,0,80,20,20,0,×,"Mage, 세이지, SoulLinker, 위저드",
2728,Cursed Hand,악세서리,0,1,80,5,20,0,×,All,HIT+10
2730,Seal of Continental Guard,악세서리,0,1,80,5,20,0,×,All,"MaxHP+50, ASPD+3%"
2731,Rune Spellstone,악세서리,0,1,80,5,20,0,×,All,MaxSP+50
2732,Death Loop,악세서리,0,1,80,5,20,0,×,All,CRIT+5
2746,Cold Heart,악세서리,1,0,80,10,20,0,×,어쌔신,AGI+3
2747,Black Cat,악세서리,1,0,80,10,20,0,×,로그,DEX+3
2780,Dark Knight Glove,악세서리,1,0,80,50,20,0,×,전직업,ASPD+2%
2772,Glorious Ring,악세서리,0,0,81,0,20,0,×,All,"MaxHP+300, ASPD+5%"
2748,Cursed Star,악세서리,0,0,84,20,20,0,×,"궁수, BardDancer, 헌터","DEX+2, LUK+-1, MDEF+3"
2621,Ring,악세서리,0,1,90,20,30000,0,×,All,STR+1
2622,Earring,악세서리,0,1,90,20,30000,0,×,All,INT+1
2623,Necklace,악세서리,0,1,90,20,30000,0,×,All,VIT+1
2624,Glove,악세서리,0,1,90,20,30000,0,×,All,DEX+1
2625,Brooch,악세서리,0,1,90,20,30000,0,×,All,AGI+1
2626,Rosary,악세서리,0,1,90,20,15000,0,×,All,"LUK+1, MDEF+3"
2653,Sacrifice Ring,악세서리,0,0,90,10,20,0,×,전직업,
2701,Orleans's Glove,악세서리,0,1,90,10,20,0,×,All,DEX+2
2702,Bison Horn,악세서리,0,1,90,10,20,0,×,All,AGI+2
2749,Linen Glove,악세서리,1,1,90,12,20,0,×,"알케미스트, 어쌔신, BardDancer, 블랙스미스, 크루세이더, 헌터, 기사, 몽크, 프리스트, 로그, 세이지, SoulLinker, StarGladiator, 위저드","AGI+2, DEX+1, MDEF+1"
2785,Orlean's Gloves,악세서리,0,1,90,10,20,0,×,All,DEX+2
2629,Megingjard,악세서리,2,0,94,800,20,0,×,전직업,"STR+40, MDEF+7"
2630,Brisingamen,악세서리,1,0,94,150,20,0,×,전직업,"STR+6, AGI+6, VIT+6, INT+6, LUK+10, MDEF+5"
2763,Neo Skull Ring,악세서리,0,0,95,0,0,0,×,All,"bonus2 bAddClass,Class_All,5;
bonus bMatkRate,5;
bonus bMaxHPrate,5;
bonus2 bSki"
2794,Magic Stone Ring,악세서리,0,1,99,0,0,0,×,"크루세이더, 기사, 소드맨",STR+2
2795,Green Apple Ring,악세서리,0,0,99,0,0,0,×,All,전스탯+6
2796,Rocks,악세서리,0,0,99,20,0,0,×,"Mage, 세이지, SoulLinker, 위저드","bonus2 bAddDamageClass,2047,10;
bonus2 bAddDefMonster,2048,-10;
bonus3 bAddMonst"
2797,Rocks,악세서리,0,0,99,20,0,0,×,"Mage, 세이지, SoulLinker, 위저드","bonus2 bAddDamageClass,2049,10;
bonus2 bAddDefMonster,2050,-10;
bonus3 bAddMonst"
2798,Will Of Exhausted Angel,악세서리,0,0,99,20,0,0,×,"몽크, 프리스트","if (strcharinfo(3) == ""job3_arch02"") {
   bonus2 bAddDefMonster,1761,50;
   bonu"
2800,Accelerator,악세서리,0,1,99,10,100000,0,×,블랙스미스,AGI+2
2801,Hovering Booster,악세서리,0,1,99,200,100000,0,×,블랙스미스,AGI+1
2802,Suicidal Device,악세서리,0,1,99,100,500000,0,×,블랙스미스,
2803,Shape Shifter,악세서리,0,1,99,50,100000,0,×,블랙스미스,INT+3
2804,Cooling Device,악세서리,0,1,99,250,100000,0,×,블랙스미스,DEX+1
2805,Magnetic Field Generator,악세서리,0,1,99,600,100000,0,×,블랙스미스,DEX+1
2806,Barrier Builder,악세서리,3,1,99,800,150000,0,×,블랙스미스,DEX+1
2807,Repair Kit,악세서리,0,1,99,40,200000,0,×,블랙스미스,
2808,Camouflague Generator,악세서리,0,1,99,100,250000,0,×,블랙스미스,AGI+3
2809,High Quality Cooler,악세서리,0,1,99,250,100000,0,×,블랙스미스,DEX+1
2810,Special Cooler,악세서리,0,1,99,250,100000,0,×,블랙스미스,DEX+1
2206,Wedding Veil,상단헤드기어,0,0,0,10,23000,0,○,전직업,MDEF+5
2207,Fancy Flower,상단헤드기어,0,0,0,10,20,0,×,전직업,"bonus2 bSubRace,RC_Plant,10;
"
2208,Ribbon,상단헤드기어,1,0,0,10,800,0,○,전직업,MDEF+3
2209,Ribbon,상단헤드기어,1,1,0,10,800,0,○,전직업,MDEF+3
2210,Hair Band,상단헤드기어,1,0,0,10,500,0,×,전직업,
2211,Bandana,상단헤드기어,1,0,0,10,400,0,○,전직업,
2213,Kitty Band,상단헤드기어,2,0,0,10,20,0,○,전직업,
2214,Bunny Band,상단헤드기어,2,0,0,10,20,0,○,전직업,LUK+2
2215,Flower Band,상단헤드기어,2,0,0,10,20,0,○,전직업,
2216,Biretta,상단헤드기어,4,0,0,10,9000,0,○,"복사, 몽크, 프리스트",
2217,Biretta,상단헤드기어,4,1,0,10,9000,0,○,"복사, 몽크, 프리스트",
2220,Hat,상단헤드기어,2,0,0,20,1000,0,○,전직업,
2221,Hat,상단헤드기어,2,1,0,20,1000,0,○,전직업,
2222,Turban,상단헤드기어,3,0,0,30,4500,0,○,All,
2223,Turban,상단헤드기어,3,1,0,30,4500,0,○,All,
2226,Cap,상단헤드기어,4,0,0,40,12000,0,○,"알케미스트, 궁수, 어쌔신, BardDancer, 블랙스미스, 크루세이더, 헌터, 기사, 상인, 로그, 소드맨, 도둑",
2227,Cap,상단헤드기어,4,1,0,40,12000,0,○,"알케미스트, 궁수, 어쌔신, BardDancer, 블랙스미스, 크루세이더, 헌터, 기사, 상인, 로그, 소드맨, 도둑",
2228,Helm,상단헤드기어,6,0,0,60,44000,0,○,"크루세이더, 기사, 소드맨",
2229,Helm,상단헤드기어,6,1,0,60,44000,0,○,"크루세이더, 기사, 소드맨",
2230,Gemmed Sallet,상단헤드기어,4,0,0,50,50000,0,○,"알케미스트, 어쌔신, 블랙스미스, 크루세이더, 기사, 상인, 로그, 소드맨, 도둑",MDEF+3
2231,Gemmed Sallet,상단헤드기어,4,1,0,50,50000,0,○,"알케미스트, 어쌔신, 블랙스미스, 크루세이더, 기사, 상인, 로그, 소드맨, 도둑",MDEF+3
2232,Circlet,상단헤드기어,3,0,0,30,7500,0,○,"복사, Mage, 몽크, 프리스트, 세이지, SoulLinker, 위저드",MDEF+3
2233,Circlet,상단헤드기어,3,1,0,30,7500,0,○,"복사, Mage, 몽크, 프리스트, 세이지, SoulLinker, 위저드",MDEF+3
2236,Santa Hat,상단헤드기어,1,0,0,10,20,0,○,전직업,"LUK+1, MDEF+1"
2244,Big Ribbon,상단헤드기어,2,0,0,20,15000,0,○,All,MDEF+3
2245,Sweet Gent,상단헤드기어,3,0,0,40,15000,0,○,All,
2247,Romantic Gent,상단헤드기어,3,0,0,40,15000,0,○,All,
2248,Western Grace,상단헤드기어,3,0,0,40,15000,0,○,All,
2249,Coronet,상단헤드기어,3,0,0,30,20,0,○,All,INT+1
2250,Cute Ribbon,상단헤드기어,1,0,0,10,500,0,×,All,MaxSP+20
2251,Monk Hat,상단헤드기어,5,0,0,10,30000,0,○,"복사, 몽크, 프리스트",MDEF+3
2252,Wizard Hat,상단헤드기어,4,0,0,30,20,0,○,"Mage, 세이지, SoulLinker, 위저드",MaxSP+100
2253,Sunflower,상단헤드기어,1,0,0,10,20,0,×,전직업,"bonus2 bSubRace,RC_Insect,10;
"
2254,Angel Wing,상단헤드기어,2,0,0,10,20,0,○,All,"AGI+1, LUK+1, MDEF+3"
2255,Evil Wing,상단헤드기어,3,0,0,10,20,0,○,All,"STR+1, MDEF+2"
2256,Majestic Goat,상단헤드기어,5,0,0,80,20,0,○,"알케미스트, 블랙스미스, 크루세이더, 기사, 상인, StarGladiator, 소드맨, Taekwon",STR+1
2257,Unicorn Horn,상단헤드기어,2,0,0,10,20,0,○,전직업,
2259,Mini Propeller,상단헤드기어,1,0,0,10,20,0,○,전직업,
2261,Army Cap,상단헤드기어,4,0,0,40,20,0,○,"알케미스트, 어쌔신, 블랙스미스, 크루세이더, 기사, 상인, 로그, 소드맨, 도둑",
2271,Jack be Dandy,상단헤드기어,1,0,0,10,45000,0,×,All,
2272,Stop Post,상단헤드기어,1,0,0,40,20,0,○,전직업,
2273,Doctor Band,상단헤드기어,3,0,0,10,20,0,○,All,INT+1
2274,Ghost Bandana,상단헤드기어,0,0,0,10,20,0,○,All,AGI+2
2275,Red Bandana,상단헤드기어,2,0,0,10,20,0,○,전직업,
2277,Nurse Cap,상단헤드기어,2,0,0,10,20,0,○,"복사, 몽크, 프리스트",INT+1
2279,Bomb Wick,상단헤드기어,1,0,0,10,20,0,×,전직업,
2280,Sakkat,상단헤드기어,3,0,0,30,20,0,○,전직업,AGI+1
2282,Halo,상단헤드기어,0,0,0,10,20,0,×,전직업,"bonus2 bSubEle,Ele_Holy,15;
"
2283,Ear Muffs,상단헤드기어,3,0,0,20,20,0,○,전직업,"bonus2 bResEff,Eff_Curse,1000;
"
2284,Antlers,상단헤드기어,4,0,0,50,20,0,○,All,
2287,Pirate Bandana,상단헤드기어,3,0,0,10,20,0,○,All,STR+1
2289,Poo Poo Hat,상단헤드기어,0,0,0,70,20,0,×,전직업,"bonus2 bSubRace,RC_DemiHuman,10;
bonus2 bSubRace,RC_Player_Human,10;
"
2290,Funeral Hat,상단헤드기어,1,0,0,10,3000,0,×,전직업,
2293,Pretend Murdered,상단헤드기어,1,0,0,10,20,0,×,전직업,
2294,Stellar,상단헤드기어,1,0,0,10,20,0,○,전직업,
2298,Green Feeler,상단헤드기어,2,0,0,10,20,0,×,전직업,
2299,Orc Helm,상단헤드기어,5,0,0,50,20,0,○,"알케미스트, 어쌔신, 블랙스미스, 크루세이더, 기사, 상인, 로그, 소드맨, 도둑",
5003,Joker Jester,상단헤드기어,1,0,0,10,20,0,○,All,"LUK+2, MDEF+5"
5008,Puppy Love,상단헤드기어,1,0,0,10,20,0,×,All,
5009,Safety Helmet,상단헤드기어,3,0,0,50,20,0,○,All,MDEF+3
5010,Indian Fillet,상단헤드기어,3,0,0,10,20,0,○,전직업,
5011,Aerial,상단헤드기어,3,0,0,10,20,0,○,전직업,
5012,Ph.D Hat,상단헤드기어,3,0,0,20,20,0,○,All,
5013,Lord Kaho's Horn,상단헤드기어,5,0,0,10,20,0,○,전직업,"STR+5, AGI+10, VIT+10, INT+5, LUK+20, MDEF+10"
5015,Egg Shell,상단헤드기어,3,0,0,20,20,0,×,전직업,
5016,Boy's Cap,상단헤드기어,2,0,0,10,20,0,○,All,
5018,Feather Bonnet,상단헤드기어,4,0,0,30,20,0,○,"궁수, BardDancer, 헌터",AGI+1
5019,Corsair,상단헤드기어,5,0,0,50,20,0,○,All,VIT+1
5020,Kafra Band,상단헤드기어,3,0,0,50,20,0,○,전직업,MDEF+3
5023,Parcel Hat,상단헤드기어,0,0,0,100,20,0,○,"알케미스트, 블랙스미스, 상인",
5024,Cake Hat,상단헤드기어,1,0,0,100,20,0,○,전직업,
5027,Mage Hat,상단헤드기어,1,0,0,30,20,0,○,"Mage, 세이지, SoulLinker, 위저드","INT+2, MaxSP+150"
5028,Candle,상단헤드기어,0,0,0,15,20,0,○,전직업,
5032,Sunday Hat,상단헤드기어,1,0,0,80,20,0,○,All,
5034,Bulb Band,상단헤드기어,0,0,0,50,20,0,○,All,
5041,Heart Hairpin,상단헤드기어,0,0,0,10,20,0,○,전직업,
5047,Fashionable Glasses,상단헤드기어,0,0,0,10,20,0,○,All,
5048,Cresent Hairpin,상단헤드기어,0,0,0,10,20,0,○,전직업,
5049,Striped Hairband,상단헤드기어,1,0,0,15,20,0,×,전직업,
5052,Blue Hairband,상단헤드기어,1,0,0,15,20,0,○,전직업,
5055,Novice False Eggshell,상단헤드기어,3,0,0,0.1,1,0,×,"노비스, 슈퍼노비스",
5056,Fruit of Love,상단헤드기어,0,0,0,10,1,0,×,전직업,
5058,Drooping Cat,상단헤드기어,1,0,0,50,250000,0,○,All,MDEF+15
5060,Party Hat,상단헤드기어,3,0,0,30,20,0,○,전직업,LUK+1
5061,Flower Hairpin,상단헤드기어,1,0,0,10,20,0,○,전직업,
5063,Giant Band Aid,상단헤드기어,1,0,0,10,20,0,○,All,
5064,Smokie Leaf,상단헤드기어,1,0,0,10,20,0,○,전직업,
5067,Sombrero,상단헤드기어,4,0,0,35,20,0,○,All,AGI+1
5069,Kitsune Mask,상단헤드기어,1,0,0,30,20,0,○,All,"AGI+1, LUK+1"
5070,Hot-blooded Headband,상단헤드기어,1,0,0,10,20,0,○,All,STR+2
5071,Indian Headband,상단헤드기어,1,0,0,20,20,0,○,All,DEX+1
5073,Model Training Hat,상단헤드기어,2,0,0,70,20,0,○,All,DEX+2
5075,Cowboy Hat,상단헤드기어,4,0,0,50,20,0,○,전직업,
5076,Beanie,상단헤드기어,2,0,0,35,20,0,○,전직업,LUK+1
5077,Tulip Hairpin,상단헤드기어,1,0,0,10,20,0,○,전직업,
5079,X Hairpin,상단헤드기어,1,0,0,10,20,0,○,전직업,
5082,Decorative Mushroom,상단헤드기어,2,0,0,10,20,0,○,전직업,
5084,Lazy Smokie,상단헤드기어,1,0,0,50,20,0,○,All,"bonus2 bResEff,Eff_Sleep,2000;
"
5097,Holiday Hat,상단헤드기어,0,0,0,40,0,0,○,전직업,
5099,Neko Mimi,상단헤드기어,1,0,0,30,20,0,○,전직업,"LUK+2, MDEF+10"
5108,Renown Detective's Cap,상단헤드기어,3,1,0,35,20,0,○,전직업,
5109,Red Bonnet,상단헤드기어,2,0,0,40,20,0,○,전직업,
5114,Bucket Hat,상단헤드기어,3,0,0,30,6000,0,○,전직업,
5115,Winter Hat,상단헤드기어,3,0,0,50,20,0,○,전직업,"bonus2 bResEff,Eff_Freeze,1000;
"
5116,Banana Hat,상단헤드기어,1,0,0,20,20,0,○,전직업,"bonus3 bAutoSpell,""SM_PROVOKE"",3,30;
"
5117,Mystic Rose,상단헤드기어,0,0,0,10,20,0,○,전직업,"bonus2 bSubRace,RC_Plant,2;
"
5118,Puppy Headband,상단헤드기어,2,0,0,10,20,0,○,전직업,
5120,Bucket Hat,상단헤드기어,3,1,0,30,6000,0,○,전직업,
5132,Angeling Hat,상단헤드기어,2,0,0,70,20,0,×,전직업,"bonus2 bSubRace,RC_DemiHuman,10;
bonus2 bSubRace,RC_Player_Human,10;
"
5133,Sheep Hat,상단헤드기어,1,0,0,15,20,0,×,"복사, 몽크, 프리스트","bonus bShortWeaponDamageReturn,5;
"
5134,Pumpkin-Head,상단헤드기어,2,0,0,20,20,0,○,전직업,"bonus2 bSubRace,RC_Demon,5;
"
5136,Antonio's Santa Hat,상단헤드기어,2,0,0,10,20,0,○,전직업,
5144,Gambler Hat,상단헤드기어,2,0,0,20,20,0,○,전직업,LUK+5
5145,Carnival Joker Jester,상단헤드기어,0,0,0,10,10,0,○,전직업,
5146,Elephant Hat,상단헤드기어,0,0,0,50,0,0,○,전직업,VIT+1
5147,Baseball Cap,상단헤드기어,3,1,0,20,0,0,○,전직업,
5148,Phrygian Cap,상단헤드기어,0,0,0,50,0,0,○,전직업,INT+2
5149,Silver Tiara,상단헤드기어,0,0,0,10,0,0,○,전직업,INT+2
5150,Joker Jester,상단헤드기어,1,0,0,10,20,0,×,전직업,"bonus bSpeedRate,25;
"
5153,Angeling Hairpin,상단헤드기어,3,0,0,70,20,0,○,전직업,FLEE+5
5157,Orc Helm,상단헤드기어,5,1,0,50,20,0,○,"알케미스트, 어쌔신, 블랙스미스, 크루세이더, 기사, 상인, 로그, 소드맨, 도둑",
5158,Monk Hat,상단헤드기어,5,1,0,10,30000,0,○,"복사, 몽크, 프리스트",MDEF+3
5160,Majestic Goat,상단헤드기어,5,1,0,80,20,0,○,"알케미스트, 블랙스미스, 크루세이더, 기사, 상인, StarGladiator, 소드맨, Taekwon",STR+1
5163,Corsair,상단헤드기어,5,1,0,50,20,0,○,All,VIT+1
5170,Feather Beret,상단헤드기어,1,0,0,60,30000,0,○,All,MDEF+1
5171,Valkyrie Helm,상단헤드기어,5,1,0,100,100000,0,○,All,MDEF+5
5172,Beret,상단헤드기어,0,0,0,70,30000,0,×,전직업,"bonus2 bSubRace,RC_DemiHuman,10;
bonus2 bSubRace,RC_Player_Human,10;
"
5178,Candle,상단헤드기어,0,0,0,15,20,0,○,전직업,전스탯+1
5179,Golden Tiara,상단헤드기어,0,0,0,10,0,0,○,전직업,INT+2
5180,France Holiday Hat,상단헤드기어,1,0,0,10,20,0,○,전직업,VIT+1
5189,Autumn Leaves,상단헤드기어,0,0,0,10,20,0,○,전직업,"MaxHP+40, MaxSP+40"
5190,Independence Memorial Hat,상단헤드기어,3,1,0,2,20,0,○,전직업,
5191,Black Ribbon,상단헤드기어,1,1,0,10,800,0,○,전직업,"INT+1, MDEF+3"
5192,Yellow Ribbon,상단헤드기어,1,1,0,10,800,0,○,전직업,MDEF+3
5193,Green Ribbon,상단헤드기어,1,1,0,10,800,0,○,전직업,MDEF+3
5194,Pink Ribbon,상단헤드기어,1,1,0,10,800,0,○,전직업,MDEF+3
5195,Red Ribbon,상단헤드기어,1,1,0,10,800,0,○,전직업,MDEF+3
5196,Orange Ribbon,상단헤드기어,1,1,0,10,800,0,○,전직업,MDEF+3
5197,White Ribbon,상단헤드기어,1,1,0,10,800,0,○,전직업,MDEF+3
5198,Drooping Bunny,상단헤드기어,1,0,0,10,10,0,○,전직업,"DEX+1, FLEE+2"
5199,Baseball Cap,상단헤드기어,3,0,0,20,0,0,○,전직업,
5200,Coppola,상단헤드기어,0,0,0,30,10,0,○,전직업,
5201,Party Hat,상단헤드기어,3,0,0,30,20,0,○,전직업,
5202,Fantastic Pumpkin-Head,상단헤드기어,2,0,0,20,20,0,○,전직업,"bonus2 bSubRace,RC_Demon,5;
"
5207,Angel Blessing,상단헤드기어,0,0,0,10,20,0,×,전직업,LUK+1
5209,Love Dad Cap,상단헤드기어,2,0,0,30,20,0,○,전직업,
5215,Evolved Angel Wing,상단헤드기어,2,0,0,10,20,0,○,All,"INT+1, DEX+1, MDEF+3"
5216,Evolved Evil Wing,상단헤드기어,3,0,0,10,20,0,○,All,"STR+1, AGI+1, FLEE+3"
5217,Evolved Majestic Goat,상단헤드기어,5,0,0,80,20,0,○,"알케미스트, 블랙스미스, 크루세이더, 기사, 상인, StarGladiator, 소드맨, Taekwon",STR+2
5218,Evolved Bunny Band,상단헤드기어,2,0,0,10,20,0,○,전직업,INT+2
5219,Evolved Drooping Cat,상단헤드기어,1,0,0,50,250000,0,○,All,"MDEF+18, FLEE+3"
5226,Mini Propeller,상단헤드기어,2,0,0,20,20,0,○,전직업,"AGI+2, DEX+1, FLEE+10"
5230,Gray Drooping Cat,상단헤드기어,1,0,0,50,250000,0,○,All,MDEF+15
5231,Brown Drooping Cat,상단헤드기어,1,0,0,50,250000,0,○,All,MDEF+15
5232,Pink Drooping Cat,상단헤드기어,1,0,0,50,250000,0,○,All,MDEF+15
5233,Blue Drooping Cat,상단헤드기어,1,0,0,50,250000,0,○,All,MDEF+15
5234,Yellow Drooping Cat,상단헤드기어,1,0,0,50,250000,0,○,All,MDEF+15
5235,Brown Beanie,상단헤드기어,2,0,0,35,20,0,○,전직업,LUK+1
5236,Blue Beanie,상단헤드기어,2,0,0,35,20,0,○,전직업,LUK+1
5237,Pink Beanie,상단헤드기어,2,0,0,35,20,0,○,전직업,LUK+1
5238,Red Mage Hat,상단헤드기어,1,0,0,30,20,0,○,"Mage, 세이지, SoulLinker, 위저드","INT+2, MaxSP+150"
5239,Gray Mage Hat,상단헤드기어,1,0,0,30,20,0,○,"Mage, 세이지, SoulLinker, 위저드","INT+2, MaxSP+150"
5240,Brown Mage Hat,상단헤드기어,1,0,0,30,20,0,○,"Mage, 세이지, SoulLinker, 위저드","INT+2, MaxSP+150"
5241,Blue Mage Hat,상단헤드기어,1,0,0,30,20,0,○,"Mage, 세이지, SoulLinker, 위저드","INT+2, MaxSP+150"
5242,Yellow Mage Hat,상단헤드기어,1,0,0,30,20,0,○,"Mage, 세이지, SoulLinker, 위저드","INT+2, MaxSP+150"
5246,Angelic Helm,상단헤드기어,3,0,0,70,20,0,○,전직업,"AGI+1, LUK+1, MDEF+3"
5247,Satanic Helm,상단헤드기어,4,0,0,70,20,0,○,전직업,"AGI+1, LUK+1, MDEF+3"
5259,Elephant Hat,상단헤드기어,3,0,0,50,20,0,○,전직업,VIT+1
5260,Cookie Hat,상단헤드기어,2,0,0,50,20,0,○,전직업,AGI+1
5261,Silver Tiara,상단헤드기어,2,0,0,50,20,0,○,전직업,INT+2
5262,Golden Tiara,상단헤드기어,2,0,0,50,20,0,○,전직업,STR+2
5264,Australian Flag Hat,상단헤드기어,4,0,0,50,20,0,○,전직업,전스탯+2
5267,Sakkat,상단헤드기어,10,0,0,0,1,0,×,전직업,AGI+3
5270,Autumn Leaves,상단헤드기어,1,1,0,10,20,0,○,전직업,"bonus bFlee2,5;
"
5279,Refined Drooping Cat,상단헤드기어,1,0,0,0,2,0,×,All,MDEF+15
5280,Baphomet Horns,상단헤드기어,5,0,0,0,2,0,×,전직업,STR+1
5281,Refined Deviruchi Hat,상단헤드기어,2,0,0,0,2,0,×,All,"STR+1, INT+1"
5282,Europe Baseball Cap,상단헤드기어,3,1,0,20,0,0,○,전직업,
5290,Drooping Bunny,상단헤드기어,1,0,0,10,20,0,○,전직업,"DEX+1, FLEE+2"
5293,Ramen Hat,상단헤드기어,1,0,0,0,20,0,×,전직업,DEX+4
5296,Drooping Nine Tail,상단헤드기어,1,1,0,30,20,0,○,전직업,"AGI+1, CRIT+1"
5297,Soul Wing,상단헤드기어,2,1,0,30,20,0,○,전직업,전스탯+1
5301,Victory Hairband,상단헤드기어,0,0,0,10,0,0,○,전직업,
5303,Flower Crown,상단헤드기어,1,0,0,30,20,0,○,전직업,"MDEF+3, MaxHP+50"
5306,Freya's Crown,상단헤드기어,12,0,0,50,0,0,×,All,"bonus2 bSubRace,RC_DemiHuman,5;
bonus2 bSubRace,RC_Player_Human,5;
"
5307,Carmen Miranda's Hat,상단헤드기어,3,0,0,40,20,0,○,전직업,MDEF+3
5308,Brazil National Flag Hat,상단헤드기어,3,1,0,30,20,0,○,전직업,"bonus bSpeedAddRate,25;
"
5310,Shining Electric Bulb Hairband,상단헤드기어,3,1,0,10,20,0,○,전직업,"bonus2 bSubEle,Ele_Dark,10;
skill ""MG_SIGHT"",1;
"
5311,Large Hisbiscus,상단헤드기어,1,1,0,10,20,0,○,전직업,MDEF+15
5312,Ayothaya King's Hat,상단헤드기어,5,1,0,10,20,0,○,"알케미스트, 어쌔신, 블랙스미스, 크루세이더, 기사, 상인, 로그, 소드맨, 도둑",STR+1
5318,Poring Party Hat,상단헤드기어,2,0,0,0,20,0,○,전직업,전스탯+3
5320,Champion Wreath,상단헤드기어,4,0,0,50,20,0,○,All,전스탯+2
5321,Bandana Merah Putih,상단헤드기어,2,0,0,50,20,0,○,전직업,
5323,Misstrance Crown,상단헤드기어,10,0,0,0,20,0,×,전직업,전스탯+2
5330,kRO Drooping Kitty C,상단헤드기어,6,0,0,0,1,0,×,All,MDEF+15
5331,Corsair C,상단헤드기어,10,0,0,0,1,0,×,All,"VIT+3, INT+3"
5335,Jumping Poring,상단헤드기어,2,0,0,30,0,0,×,전직업,LUK+1
5347,Ph.D Hat,상단헤드기어,3,1,0,20,20,0,○,All,
5348,Big Ribbon,상단헤드기어,2,1,0,20,15000,0,○,All,MDEF+3
5349,Boy's Cap,상단헤드기어,2,1,0,10,20,0,○,All,
5350,Pirate Bandana,상단헤드기어,3,1,0,10,20,0,○,All,STR+1
5351,Sunflower,상단헤드기어,1,1,0,10,20,0,×,전직업,"bonus2 bSubRace,RC_Insect,10;
"
5354,Muslim Hat M,상단헤드기어,2,0,0,10,0,0,×,전직업,"bonus bCastrate,-5;
"
5355,Selendang,상단헤드기어,2,0,0,10,0,0,×,전직업,"bonus bCastrate,-5;
"
5356,Festival Pumpkin Hat,상단헤드기어,2,0,0,20,20,0,○,전직업,"bonus2 bSubRace,RC_Demon,5;
bonus2 bAddRace,RC_Demon,5;
"
5366,Love Dad Bandana,상단헤드기어,3,0,0,20,20,0,○,전직업,전스탯+5
5368,White Wing,상단헤드기어,2,0,0,10,20,0,○,전직업,"bonus2 bAddMonsterDropItem,12280,300;
"
5369,Dark Wing,상단헤드기어,1,0,0,10,20,0,○,전직업,"bonus2 bAddMonsterDropItem,12279,300;
"
5370,Orchid Hairband,상단헤드기어,1,0,0,20,20,0,○,전직업,INT+1
5372,Koneko Hat,상단헤드기어,1,0,0,50,20,0,○,전직업,"INT+1, MDEF+3"
5374,Gigantic Majestic Goat,상단헤드기어,5,0,0,80,20,0,○,전직업,"bonus2 bAddRace,RC_DemiHuman,12;
bonus2 bAddRace,RC_Player_Human,12;
bonus bBase"
5376,Flying Evil Wing,상단헤드기어,3,1,0,10,20,0,○,전직업,MaxSP+120
5378,Bunny Top Hat,상단헤드기어,0,0,0,30,20,0,○,전직업,AGI+3
5380,Fish Head Hat,상단헤드기어,1,0,0,40,20,0,○,전직업,"bonus3 bAutoSpell,""SA_FROSTWEAPON"",1,5;
"
5381,Santa Poring Hat,상단헤드기어,2,1,0,10,20,0,×,전직업,MDEF+2
5382,Bell Ribbon,상단헤드기어,3,1,0,20,20,0,○,전직업,VIT+1
5390,Frozen Twin Pompom,상단헤드기어,2,0,0,10,20,0,○,전직업,"bonus2 bResEff, Eff_Freeze, 3000;
"
5392,Luoyang NewYear Hat,상단헤드기어,3,1,0,30,20,0,○,전직업,LUK+2
5393,Love Valentine's Hat,상단헤드기어,2,0,0,20,20,0,×,전직업,"bonus bMaxSPrate, 7;
bonus bMaxHPrate, 7;
"
5396,Jasper Crest,상단헤드기어,2,1,0,70,20,0,○,전직업,"VIT+1, DEX+3"
5406,Academy Freshman Hat,상단헤드기어,2,0,0,50,0,0,○,전직업,"MaxHP+80, MaxSP+10"
5407,Academy Completion Hat,상단헤드기어,2,1,0,20,0,0,○,전직업,MaxSP+30
5408,Old Bandana,상단헤드기어,5,0,0,0,0,0,×,전직업,"INT+2, MaxSP+50"
5409,Purple Cowboy Hat,상단헤드기어,4,1,0,50,20,0,○,전직업,"VIT+2, INT+2, MaxSP+50"
5411,White Snake Hat,상단헤드기어,2,0,0,50,20,0,○,전직업,DEX+2
5413,Pop Corn Hat,상단헤드기어,2,0,0,30,20,0,×,전직업,"bonus2 bSubEle,Ele_Wind, 10;
"
5414,Camp Fire Hat,상단헤드기어,2,0,0,30,20,0,×,전직업,"bonus2 bSubEle,Ele_Fire,10;
bonus4 bAutoSpellWhenHit,""MG_FIREBALL"",5,100,1;
"
5417,Crown Parrots,상단헤드기어,1,1,0,20,20,0,×,전직업,INT+1
5418,Legionnaire Hat,상단헤드기어,4,1,0,40,20,0,○,전직업,STR+1
5422,Linguistic Book Hat,상단헤드기어,0,0,0,7,20,0,○,전직업,"INT+1, MDEF+2"
5423,I Love China,상단헤드기어,5,0,0,25,20,0,×,전직업,DEX+3
5424,Fanta Orange Can Hat,상단헤드기어,2,1,0,10,20,0,○,전직업,
5425,Fanta Grape Can Hat,상단헤드기어,2,1,0,10,20,0,○,전직업,
5426,Karada Meguricha Hat,상단헤드기어,2,1,0,10,20,0,○,전직업,LUK+1
5427,Black Tea Kochakaden Hat,상단헤드기어,2,1,0,10,20,0,○,전직업,AGI+1
5429,Bogy Cap,상단헤드기어,2,1,0,10,20,0,○,전직업,"bonus bHPrecovRate, 5;
bonus bSPrecovRate, 5;
"
5430,Torch Cap,상단헤드기어,3,0,0,0,20,0,×,전직업,"bonus2 bSubEle,Ele_Fire,20;
skill ""MG_FIREBOLT"",5;
"
5432,bRO 4th Anniversary Hat,상단헤드기어,0,0,0,10,20,0,○,전직업,if (gettime(DT_MONTH) == SEPTEMBER && gettime(DT_DAYOFMONTH)>=10 && gettime(DT_D
5433,Golden Laurel,상단헤드기어,0,0,0,10,20,0,○,전직업,
5436,Bride's Corolla,상단헤드기어,1,0,0,20,20,0,○,전직업,"LUK+3, MDEF+2"
5437,Fairy Flower,상단헤드기어,1,1,0,20,20,0,○,전직업,"INT+1, MDEF+1"
5438,Cute Green Ribbon,상단헤드기어,1,0,0,10,500,0,×,All,MaxSP+20
5439,Cute Red Ribbon,상단헤드기어,1,0,0,10,500,0,×,All,MaxSP+20
5440,Cute Blue Ribbon,상단헤드기어,1,0,0,10,500,0,×,All,MaxSP+20
5441,Cute White Ribbon,상단헤드기어,1,0,0,10,500,0,×,All,MaxSP+20
5444,Hair Brush,상단헤드기어,0,0,0,10,20,0,○,전직업,CRIT+6
5446,Catfoot Hairpin,상단헤드기어,0,1,0,20,20,0,○,전직업,FLEE+5
5454,Puppy Hat,상단헤드기어,3,1,0,50,20,0,○,전직업,"STR+1, INT+1, CRIT+100"
5455,Decorative Geographer,상단헤드기어,1,1,0,50,20,0,○,전직업,INT+1
5456,Summer Hat,상단헤드기어,0,1,0,20,20,0,○,전직업,VIT+5
5458,Pinwheel Hat,상단헤드기어,2,0,0,20,20,0,○,전직업,"bonus bMaxHPrate,5;
bonus bMaxSPrate,5;
"
5459,Drooping Bunny,상단헤드기어,1,0,0,10,0,0,○,전직업,"DEX+1, FLEE+2"
5464,Zaha Doll Hat,상단헤드기어,1,0,0,0,20,0,×,전직업,INT+2
5478,Classic Hat,상단헤드기어,3,0,0,50,20,0,○,전직업,"STR+2, MaxHP+300"
5486,Anniversary Hat,상단헤드기어,3,0,0,30,20,0,○,전직업,"bonus bAllStats, 2;
"
5487,Poring Cake Hat,상단헤드기어,1,0,0,50,20,0,○,전직업,LUK+2
5488,Twin Santa Hat,상단헤드기어,1,0,0,10,20,0,○,전직업,"LUK+1, MDEF+1"
5489,Love Daddy Hat,상단헤드기어,0,0,0,10,20,0,○,전직업,DEX+2
5491,Bandit Hat,상단헤드기어,3,1,0,80,20,0,○,전직업,STR+2
5492,Student Cap,상단헤드기어,5,0,0,0,0,0,×,All,MDEF+3
5493,Ulle's Cap,상단헤드기어,3,0,0,0,0,0,×,All,"AGI+1, DEX+2"
5499,Pizza Hat,상단헤드기어,0,0,0,60,20,0,×,전직업,"skill ""SM_PROVOKE"", 1;
"
5503,Magic Rabit Hat,상단헤드기어,2,0,0,80,0,0,○,전직업,"AGI+2, DEX+2, MDEF+1, MaxSP+50"
5506,Blue Night Cap,상단헤드기어,4,0,0,10,0,0,○,전직업,"bonus bBaseAtk,5;
bonus bMatkRate,5;
"
5507,Pink Night Cap,상단헤드기어,4,0,0,10,0,0,○,전직업,"bonus bBaseAtk,5;
bonus bMatkRate,5;
"
5508,Shark Hat,상단헤드기어,3,0,0,50,20,0,○,전직업,"STR+1, AGI+2, MDEF+1"
5509,Sting hat,상단헤드기어,5,0,0,100,20,0,○,전직업,"STR+2, VIT+1, MDEF+3"
5510,Shower Cap,상단헤드기어,4,0,0,0,20,0,○,전직업,"MDEF+3, FLEE+3"
5522,Fanta Zero Lemon Hat,상단헤드기어,4,1,0,10,20,0,○,전직업,
5523,Sakura Mist Hat,상단헤드기어,4,1,0,10,20,0,○,전직업,DEX+1
5524,Sakura Milk Tea Hat,상단헤드기어,4,1,0,10,20,0,○,전직업,VIT+1
5525,Flower Hat,상단헤드기어,4,1,0,10,20,0,○,전직업,"MaxHP+80, MaxSP+20"
5531,Baby Dragon Hat,상단헤드기어,1,1,0,10,45000,0,○,전직업,DEX+2
5535,Side Cap,상단헤드기어,3,0,0,50,0,0,○,전직업,"VIT+1, DEX+1, MDEF+3"
5547,RJC Katusa Flower,상단헤드기어,1,1,0,20,20,0,○,전직업,"bonus2 bSkillAtk, ""WZ_HEAVENDRIVE"", 15 + getequiprefinerycnt(EQI_HAND_R);
bonus2"
5552,Festival Grand Circlet,상단헤드기어,8,0,0,0,0,0,×,전직업,"STR+3, INT+3, MDEF+3"
5553,Festival Bunny Band,상단헤드기어,7,0,0,0,0,0,×,전직업,MDEF+4
5555,Leaf Cat Hat,상단헤드기어,3,0,0,10,20,0,○,전직업,AGI+1
5559,Piece Of White Cloth,상단헤드기어,1,0,0,0,0,0,○,전직업,
5561,Magic Rabbit Hat,상단헤드기어,1,0,0,80,0,0,○,전직업,"INT+1, MaxSP+50"
5573,Dokebi Horn,상단헤드기어,1,1,0,10,20,0,○,전직업,
5578,Voyage_Hat,상단헤드기어,1,0,0,1,200,0,○,전직업,AGI+2
5590,Poring Cake Hat,상단헤드기어,1,0,0,20,20,0,○,전직업,
5681,Green Ribbon,상단헤드기어,1,0,0,10,800,0,○,전직업,MDEF+3
5781,Persika,상단헤드기어,0,1,0,10,20,0,×,전직업,
5801,Red Tailed Ribbon,상단헤드기어,5,0,0,10,20,0,○,전직업,전스탯+2
5802,Upgraded Elephant Hat,상단헤드기어,3,1,0,50,0,0,○,전직업,
5803,Love Flower Hat,상단헤드기어,2,0,0,10,20,0,○,전직업,"bonus2 bAddMonsterDropItem,608,100;
"
5806,Poet Natalie's Hat,상단헤드기어,5,0,0,30,20,0,×,전직업,
5809,Boom Boom Hat,상단헤드기어,6,0,0,10,0,0,×,전직업,전스탯+5
5810,Ph.D Hat V,상단헤드기어,3,0,0,10,20,0,○,All,"VIT+3, INT+5, DEX+3"
5812,Hat Of Expert,상단헤드기어,2,0,0,0,0,0,○,전직업,
5815,Classic Hat,상단헤드기어,2,0,0,50,20,0,○,전직업,STR+1
5816,Purple Cowboy Hat,상단헤드기어,0,0,0,50,20,0,○,전직업,FLEE+-5
5818,Carnival Hat,상단헤드기어,6,0,0,0,0,0,○,전직업,"bonus bAllStats, 3;
"
5819,Carnival Circlet,상단헤드기어,6,0,0,0,0,0,○,전직업,"bonus bAllStats, 3;
"
5821,Gold Tulip Hairpin,상단헤드기어,2,0,0,10,10,0,○,전직업,"bonus2 bExpAddClass,Class_All,5;
"
5822,Love Chick Hat,상단헤드기어,4,0,0,10,10000,0,○,전직업,"LUK+4, MaxHP+100, MaxSP+100"
5826,Valkyrie Helmet,상단헤드기어,10,0,0,0,0,0,×,전직업,"STR+2, AGI+2, INT+2, DEX+2, MDEF+5"
18597,Mercury Riser,상단헤드기어,10,1,0,20,40,0,○,전직업,"ASPD+3%, CRIT+3"
18600,Cat Ear Beret,상단헤드기어,5,0,0,10,20,0,○,전직업,"bonus2 bAddClass,Class_All,5;
if (getrefine() > 5) {
   bonus2 bAddRace,RC_DemiH"
18612,White Musang Hat,상단헤드기어,3,1,0,20,40,0,○,전직업,"STR+2, VIT+2, LUK+1"
18613,Black Musang Hat,상단헤드기어,3,1,0,20,40,0,○,전직업,"AGI+1, INT+2, DEX+2"
5001,Headset,상단헤드기어,3,0,1,20,20,0,○,All,"bonus2 bResEff,Eff_Curse,1000;
"
5106,2nd Anniversary Hat,상단헤드기어,3,0,1,30,20,0,×,전직업,LUK+1
5213,Sheila Hairnet,상단헤드기어,2,0,1,20,0,0,○,전직업,"AGI+2, MDEF+3"
5265,Apple of Archer,상단헤드기어,7,0,1,0,1,0,×,All,DEX+4
5266,Bunny Band,상단헤드기어,9,0,1,0,1,0,×,전직업,MDEF+5
5268,Grand Circlet,상단헤드기어,10,0,1,0,1,0,×,All,"STR+3, INT+3, LUK+3, MDEF+4"
5365,Magnolia Hat,상단헤드기어,3,1,1,10,20,0,×,전직업,"bonus2 bResEff,Eff_Stun,500;
skill ""HT_FLASHER"",1;
"
5386,Ayam,상단헤드기어,7,0,1,7,0,0,×,전직업,"MDEF+7, FLEE+7"
5451,RWC 2008 Dragon Helm Gold,상단헤드기어,7,1,1,250,20,0,×,전직업,"ASPD+10%, 전스탯+3"
5452,RWC 2008 Dragon Helm Silver,상단헤드기어,5,1,1,250,20,0,×,전직업,"ASPD+7%, 전스탯+2"
5453,RWC 2008 Dragon Helm Copper,상단헤드기어,0,1,1,250,20,0,×,전직업,"ASPD+5%, 전스탯+2"
5457,Moon Rabbit Hat,상단헤드기어,2,1,1,30,20,0,○,전직업,AGI+3
5481,Hermode Cap,상단헤드기어,1,1,1,100,20,0,○,전직업,ASPD+10%
5519,Peacock Feather,상단헤드기어,4,1,1,80,20,0,○,전직업,INT+2
5527,Lunatic Hat,상단헤드기어,2,0,1,30,20,0,○,전직업,"LUK+5, MDEF+2"
5544,Time Keeper Hat,상단헤드기어,6,0,1,0,30000,0,○,전직업,"INT+2, MaxSP+50"
5567,Bright Fury,상단헤드기어,1,1,1,30,20,0,○,전직업,"STR+1, ASPD+2%"
5572,Savage Babe Hat,상단헤드기어,1,1,1,10,20,0,○,전직업,VIT+2
5584,Majestic Evil Horns,상단헤드기어,1,0,1,40,0,0,○,전직업,"bonus2 bSubRace,RC_Demon,3;
bonus2 bHPDrainRate,3,15;
bonus2 bSPDrainRate,1,7;
"
5586,Mosquito Coil,상단헤드기어,1,1,1,10,20,0,○,전직업,
5587,Mosquito Coil,상단헤드기어,1,0,1,10,0,0,○,전직업,
5600,Brazil Twin Ribbon,상단헤드기어,1,0,1,10,20,0,○,전직업,"MDEF+1, 전스탯+3"
5603,RTC First Place,상단헤드기어,8,1,1,25,0,0,○,전직업,"bonus bAllStats, 3;
"
5604,RTC Second Place,상단헤드기어,6,1,1,25,0,0,○,전직업,"bonus bAllStats, 2;
"
5605,RTC Third Place,상단헤드기어,4,1,1,25,0,0,○,전직업,"bonus bAllStats, 1;
"
5658,Imp Hat,상단헤드기어,1,0,1,40,20,0,○,전직업,"bonus3 bAutoSpell,""SA_FLAMELAUNCHER"",1,5;
"
5659,Sleeper Hat,상단헤드기어,1,0,1,40,20,0,○,전직업,"bonus3 bAutoSpell,""SA_SEISMICWEAPON"",1,5;
"
5660,Gryphon Hat,상단헤드기어,1,0,1,40,20,0,○,전직업,"bonus3 bAutoSpell,""SA_LIGHTNINGLOADER"",1,5;
"
5665,Shaman Hat,상단헤드기어,1,1,1,40,20,0,○,전직업,"bonus2 bSubEle,Ele_Neutral,3;
bonus2 bSubEle,Ele_Water,3;
bonus2 bSubEle,Ele_Ear"
5666,Golden Crown,상단헤드기어,8,1,1,50,20,0,○,전직업,"INT+1, DEX+1, LUK+1"
5668,Weird Pumpkin Hat,상단헤드기어,5,0,1,0,20,0,○,전직업,MDEF+5
5682,Triangle Rune Cap,상단헤드기어,5,1,1,30,20,0,○,전직업,MATK+10
5683,Baphomet Horns,상단헤드기어,5,0,1,10,20,0,○,전직업,
5684,Ornate Crown,상단헤드기어,5,0,1,10,20,0,○,전직업,
5685,Army Cap,상단헤드기어,5,0,1,10,20,0,○,전직업,
5686,Nice Hat Feather,상단헤드기어,5,0,1,10,20,0,○,전직업,
5687,Orc Helm,상단헤드기어,5,0,1,10,20,0,○,전직업,
5691,Sailor's Bandana,상단헤드기어,1,0,1,1,20,0,○,전직업,DEX+1
5692,Sea Cat Hat,상단헤드기어,1,0,1,1,20,0,○,전직업,DEX+1
5738,Snowman Hat,상단헤드기어,4,1,1,30,20,0,○,전직업,"STR+1, INT+1, MDEF+3"
5770,Splash Hat,상단헤드기어,3,1,1,10,20,0,○,전직업,"autobonus ""{ sc_start SC_WINDWEAPON, 180000, 1; }"", 3, 180000, BF_WEAPON, ""{ spe"
5771,Family Hat,상단헤드기어,3,1,1,10,20,0,○,전직업,"DEX+1, MDEF+1"
5792,Fish Pin,상단헤드기어,3,0,1,10,20,0,○,전직업,
5827,Book File Hat,상단헤드기어,1,0,1,10,20,0,○,전직업,
5856,Passion FB Hat,상단헤드기어,2,1,1,60,20,0,○,전직업,"STR+2, DEX+2"
5857,Cool FB Hat,상단헤드기어,2,1,1,60,20,0,○,전직업,"VIT+2, INT+2"
5858,Victory FB Hat,상단헤드기어,2,1,1,60,20,0,○,전직업,"INT+2, DEX+2"
5859,Glory FB Hat,상단헤드기어,2,1,1,60,20,0,○,전직업,전스탯+1
5037,Nut Shell,상단헤드기어,4,0,5,15,20,0,×,전직업,
5036,Cross Hat,상단헤드기어,1,0,10,25,20,0,○,All,
5139,Hibiscus,상단헤드기어,0,0,10,20,20,0,×,전직업,"INT+1, DEX+1, MDEF+5"
5140,Charming Ribbon,상단헤드기어,1,1,10,40,20,0,○,전직업,"bonus2 bSubRace,RC_Undead,5;
bonus2 bSubRace,RC_Demon,5;
"
5183,Bird Nest Hat,상단헤드기어,2,0,10,50,20,0,○,전직업,"AGI+1, DEX+1"
5185,Laurel Wreath,상단헤드기어,1,1,10,10,20,0,○,전직업,LUK+3
5210,Flapping Angel Wing,상단헤드기어,1,0,10,30,20,0,○,전직업,"AGI+1, INT+1, ASPD+3%"
5225,Parade Hat,상단헤드기어,2,1,10,20,20,0,○,전직업,"STR+2, MDEF+2"
5269,Flapping Angel Wing,상단헤드기어,1,0,10,30,20,0,○,전직업,"AGI+1, INT+1, ASPD+3%"
5283,Chick Hat,상단헤드기어,1,0,10,10,20,0,×,전직업,"LUK+2, MaxHP+50, MaxSP+50"
5319,Hello Mother Hat,상단헤드기어,2,0,10,20,20,0,○,All,LUK+3
5324,Little Angel Doll,상단헤드기어,2,0,10,30,20,0,○,전직업,DEX+3
5336,Guildsman Recruiter Hat,상단헤드기어,2,0,10,0,0,0,○,전직업,
5337,Party Recruiter Hat,상단헤드기어,2,0,10,0,0,0,○,전직업,
5338,Bf Recruiter Hat,상단헤드기어,2,0,10,0,0,0,○,전직업,
5339,Friend Recruiter Hat,상단헤드기어,2,0,10,0,0,0,○,전직업,
5346,Gf Recruiter Hat,상단헤드기어,2,0,10,0,0,0,○,전직업,
5501,Pirate's Pride,상단헤드기어,6,0,10,10,0,0,×,전직업,"bonus2 bAddRace2,RC2_Ninja,5;
bonus2 bSubRace2,RC2_Ninja,5;
"
5654,Holy Marching Hat,상단헤드기어,2,1,10,20,20,0,○,전직업,STR+2
5741,Eternal Egg Shell,상단헤드기어,1,0,10,0,20,0,○,전직업,
5742,Rudolph Santa Hat,상단헤드기어,5,0,10,40,20,0,○,전직업,LUK+1
18539,Skull Cap,상단헤드기어,5,1,10,20,40,0,○,전직업,"bonus bMatkRate,2;
if (getrefine() >= 5) {
   bonus bMatkRate,3;
}
if (getrefine"
5583,Eden Team Hat,상단헤드기어,1,0,12,0,0,0,○,전직업,
5042,Bao Bao,상단헤드기어,0,0,14,15,20,0,○,All,
5416,Beer Hat,상단헤드기어,2,0,18,60,20,0,○,All,"bonus bFlee2,5;
skill ""SM_RECOVERY"",3;
skill ""MG_SRECOVERY"",3;
"
5039,Rainbow Eggshell,상단헤드기어,4,0,19,40,20,0,×,전직업,
5029,Spore Hat,상단헤드기어,3,0,20,90,20,0,○,All,
5211,Dress Hat,상단헤드기어,2,1,20,20,0,0,○,전직업,"STR+1, INT+1, MDEF+7"
5252,Drooping Ninetail,상단헤드기어,1,0,20,30,20,0,○,전직업,"AGI+1, DEX+1"
5253,Lif Doll Hat,상단헤드기어,1,1,20,20,20,0,○,전직업,INT+1
5254,Deviling Hat,상단헤드기어,1,1,20,50,20,0,○,전직업,"STR+1, CRIT+3"
5255,Triple Poring Hat,상단헤드기어,3,0,20,60,20,0,×,전직업,LUK+3
5256,Valkyrie Feather Band,상단헤드기어,1,1,20,10,20,0,○,전직업,INT+1
5257,Soul Ring,상단헤드기어,2,0,20,30,20,0,○,All,MDEF+2
5277,Yellow Bandana,상단헤드기어,1,0,20,10,20,0,○,All,"VIT+2, LUK+2"
5278,Yellow Ribbon,상단헤드기어,1,0,20,10,20,0,○,All,"VIT+2, LUK+2"
5384,Twin Pompom By JB,상단헤드기어,1,1,20,20,20,0,○,전직업,LUK+3
5385,Yoyo Hat,상단헤드기어,1,0,20,30,20,0,○,전직업,"skill ""TF_HIDING"", 1;
"
5450,Solar Hat,상단헤드기어,0,0,20,100,20,0,○,All,
5540,Freyja SCirclet7,상단헤드기어,8,0,20,70,20,0,×,전직업,"STR+1, INT+1, DEX+1"
5541,Freyja SCirclet30,상단헤드기어,8,0,20,70,20,0,×,전직업,"STR+1, INT+1, DEX+1"
5542,Freyja SCirclet60,상단헤드기어,8,0,20,70,20,0,×,전직업,"STR+1, INT+1, DEX+1"
5543,Freyja SCirclet90,상단헤드기어,8,0,20,70,20,0,×,전직업,"STR+1, INT+1, DEX+1"
5554,Octopus Hat,상단헤드기어,3,0,20,20,20,0,○,전직업,"bonus3 bAutoSpell,""SM_PROVOKE"",5,10;
bonus bUnbreakableHelm;
"
5557,Wild Rose Hat,상단헤드기어,6,1,20,50,20,0,○,All,AGI+3
18656,Witch's Pumpkin Hat,상단헤드기어,10,0,20,30,20,0,○,전직업,"STR+2, INT+2, MDEF+10"
5105,2nd Anniversary Hat,상단헤드기어,1,0,24,100,20,0,○,전직업,"DEX+1, MaxSP+80"
5322,Kerchief,상단헤드기어,2,0,24,10,20,0,○,전직업,"MDEF+2, FLEE+5"
2285,Apple of Archer,상단헤드기어,0,0,30,20,20,0,○,All,DEX+3
5050,Wonder Nutshell,상단헤드기어,5,0,30,30,20,0,×,전직업,
5103,Sunflower Hairpin,상단헤드기어,1,0,30,60,20,0,×,All,"AGI+2, CRIT+5"
5137,Alice Doll,상단헤드기어,0,1,30,50,20,0,×,All,STR+1
5138,Magic Eyes,상단헤드기어,1,0,30,30,20,0,○,"Mage, 세이지, SoulLinker, 위저드",MDEF+5
5141,Marionette Doll,상단헤드기어,0,1,30,40,20,0,○,All,STR+1
5182,Puppy Hat,상단헤드기어,2,0,30,50,20,0,×,전직업,AGI+1
5184,Captain's Hat,상단헤드기어,4,0,30,50,20,0,○,All,"bonus2 bSubEle,Ele_Water,5;
"
5186,Geographer Band,상단헤드기어,1,0,30,50,20,0,×,전직업,INT+1
5187,Twin Ribbon,상단헤드기어,0,1,30,20,20,0,○,전직업,"MDEF+3, MaxSP+30"
5212,Satellite Hairband,상단헤드기어,3,1,30,100,0,0,○,전직업,"MaxHP+50, MaxSP+10"
5284,Water Lily Crown,상단헤드기어,0,1,30,20,20,0,×,전직업,"AGI+1, DEX+1"
5285,Vane Hairpin,상단헤드기어,3,1,30,30,20,0,×,전직업,AGI+2
5287,Vacation Hat,상단헤드기어,1,1,30,20,20,0,×,전직업,VIT+1
5289,Vanilmirth Hat,상단헤드기어,0,0,30,10,20,0,×,전직업,MDEF+5
5291,Kettle Hat,상단헤드기어,4,0,30,60,20,0,○,전직업,"bonus4 bAutoSpell,""SA_DELUGE"",2,10,0;
bonus3 bAutoSpell,""WZ_WATERBALL"",3,10;
"
5302,Flower Lily,상단헤드기어,1,0,30,10,0,0,○,전직업,
5387,Neko Mimi Kafra,상단헤드기어,1,1,30,20,20,0,○,전직업,MDEF+5
5388,Snake Head Hat,상단헤드기어,1,1,30,20,20,0,○,전직업,"skill ""TF_DOUBLE"",5;
"
5431,Chicken Hat,상단헤드기어,0,1,30,100,20,0,○,전직업,ASPD+5%
5477,Brazilian Flag Hat,상단헤드기어,1,1,30,10,20,0,○,전직업,"skill ""SM_BASH"", 1;
"
5479,Shaman's Hair Decoration,상단헤드기어,1,0,30,30,20,0,○,전직업,"MDEF+3, MaxHP+50"
5480,Bijofnil Wings,상단헤드기어,3,0,30,100,20,0,○,전직업,전스탯+2
5497,King Tiger Doll Hat,상단헤드기어,3,1,30,40,20,0,○,All,STR+2
5500,Icecream Hat,상단헤드기어,6,0,30,30,0,0,○,전직업,MDEF+3
5528,Frog King Hat,상단헤드기어,4,1,30,50,20,0,×,All,AGI+1
5530,Raven Cap,상단헤드기어,6,1,30,10,20,0,○,전직업,
5558,Luxury Hat,상단헤드기어,6,1,30,10,20,0,○,전직업,"bonus3 bAddMonsterDropItem,510,RC_Plant,500;
"
5575,Rice Ball Hat,상단헤드기어,6,1,30,10,20,0,×,전직업,
5824,Fools Day Hat,상단헤드기어,6,1,30,30,20,0,○,전직업,
5126,Morpheus's Hood,상단헤드기어,1,0,33,20,30000,0,○,All,INT+2
5021,Grief for Greed,상단헤드기어,4,0,38,120,20,0,○,"알케미스트, 블랙스미스, 상인","INT+1, DEX+1"
5035,Poring Hat,상단헤드기어,2,0,38,70,20,0,○,All,
5334,Flapping Angeling,상단헤드기어,0,0,38,70,0,0,×,전직업,"LUK+2, MDEF+2"
5352,Poporing Cap,상단헤드기어,2,0,38,70,20,0,○,All,
2246,Golden Gear,상단헤드기어,5,0,40,90,20,0,○,All,"bonus bUnbreakableHelm;
"
5030,Panda Hat,상단헤드기어,3,0,40,80,20,0,○,All,
5112,Super Novice Hat,상단헤드기어,4,0,40,40,8500,0,○,"노비스, 슈퍼노비스",전스탯+1
5119,Super Novice Hat,상단헤드기어,4,1,40,40,8500,0,○,"노비스, 슈퍼노비스",전스탯+1
5159,Golden Gear,상단헤드기어,5,1,40,90,20,0,○,All,"bonus bUnbreakableHelm;
"
5208,Rideword Hat,상단헤드기어,2,1,40,30,20,0,○,All,"bonus2 bHPDrainRate,50,8;
bonus2 bSPDrainRate,10,4;
bonus2 bHPLossRate,10,5000;
"
5415,Poring Cake Hat,상단헤드기어,5,0,40,100,20,0,○,전직업,"MDEF+5, FLEE+5, ASPD+5%, CRIT+5"
5435,Red Minstrel Hat,상단헤드기어,1,1,40,10,20,0,○,전직업,"INT+1, MDEF+3, MaxSP+80"
2234,Tiara,상단헤드기어,4,0,45,40,20,0,○,All,INT+2
2235,Crown,상단헤드기어,4,0,45,40,20,0,○,All,INT+2
5044,Evil Wing Ears,상단헤드기어,2,0,45,35,20,0,○,전직업,VIT+1
5057,Black Cat Ears,상단헤드기어,2,0,45,20,16000,0,○,전직업,
5080,Crown of Ancient Queen,상단헤드기어,4,0,45,40,20,0,○,전직업,
5083,Red Ribbon,상단헤드기어,1,0,45,20,20,0,○,전직업,MDEF+10
5164,Tiara,상단헤드기어,4,1,45,40,20,0,○,All,INT+1
5165,Crown,상단헤드기어,4,1,45,40,20,0,○,All,INT+1
5300,Bullock Helm,상단헤드기어,2,0,45,80,20,0,○,All,MaxHP+100
5360,Hyuke's Black Cat Ears,상단헤드기어,2,0,45,20,20,0,○,전직업,"FLEE+10, CRIT+3"
5404,Blue Ribbon,상단헤드기어,1,1,45,10,10,0,○,전직업,"bonus4 bAutoSpellWhenHit,""AC_CONCENTRATION"",2,7,0;
"
5537,Kwati Hat,상단헤드기어,2,1,45,70,20,0,×,전직업,AGI+3
2258,Spiky Band,상단헤드기어,6,0,50,100,20,0,○,"복사, 알케미스트, 어쌔신, 블랙스미스, 크루세이더, 기사, 상인, 몽크, 프리스트, 로그, StarGladiator, 소드맨, Taekwon, 도둑",
5026,Chef Hat,상단헤드기어,1,0,50,30,20,0,○,All,DEX+1
5033,Raccoon Hat,상단헤드기어,3,0,50,90,20,0,○,All,
5045,Magician Hat,상단헤드기어,3,0,50,50,20,0,○,"복사, Mage, 몽크, 프리스트, 세이지, SoulLinker, 위저드","AGI+1, DEX+1, MaxSP+50"
5059,Teddybear Hat,상단헤드기어,3,0,50,80,20,0,○,전직업,
5062,Straw Hat,상단헤드기어,3,0,50,20,20,0,○,전직업,AGI+1
5065,Blue Fish,상단헤드기어,2,0,50,50,20,0,○,전직업,"bonus2 bAddRace,RC_Fish,10;
"
5078,Sea-Otter Hat,상단헤드기어,3,0,50,80,20,0,○,전직업,VIT+1
5125,Angel's Kiss,상단헤드기어,3,1,50,30,10000,0,○,"노비스, 슈퍼노비스","bonus bSPrecovRate,5;
"
5129,Bird Nest,상단헤드기어,1,0,50,40,20,0,×,전직업,AGI+2
5161,Spiky Band,상단헤드기어,6,1,50,100,20,0,○,"복사, 알케미스트, 어쌔신, 블랙스미스, 크루세이더, 기사, 상인, 몽크, 프리스트, 로그, StarGladiator, 소드맨, Taekwon, 도둑",
5188,Wandering Minstrel Hat,상단헤드기어,2,0,50,50,20,0,○,전직업,"INT+1, DEX+1"
5222,Evolved Blue Fish,상단헤드기어,2,0,50,50,20,0,○,전직업,"AGI+1, DEX+1"
5292,Dragon Skull,상단헤드기어,5,0,50,80,20,0,○,전직업,"bonus2 bSubRace,RC_Dragon,5;
"
5316,Umbrella Hat,상단헤드기어,2,0,50,10,20,0,○,전직업,"bonus2 bSubEle,Ele_Water,3;
"
5317,Fisherman's Hat,상단헤드기어,2,0,50,10,20,0,○,전직업,"bonus3 bAutoSpell,""WZ_WATERBALL"",3,50;
"
5333,Radio Antenna,상단헤드기어,2,0,50,150,0,0,○,전직업,"MDEF+5, FLEE+5, CRIT+5"
5379,Tam,상단헤드기어,3,1,50,80,0,0,○,전직업,MDEF+2
5383,Hunter's Cap,상단헤드기어,3,1,50,25,20,0,○,All,LUK+1
5395,Striped Hat,상단헤드기어,2,1,50,50,20,0,○,전직업,"LUK+3, MaxHP+100"
5496,Dice Hat,상단헤드기어,3,0,50,30,20,0,×,전직업,LUK+4
5518,Gigantic Majestic Goat,상단헤드기어,5,0,50,80,20,0,○,전직업,"bonus2 bSubRace,RC_DemiHuman,12;
bonus2 bSubRace,RC_Player_Human,12;
bonus bBase"
5690,Red Wing Hat,상단헤드기어,2,1,50,60,20,0,○,전직업,"if (getrefine()>6) {
   bonus2 bAddClass,Class_All,2;
   bonus bMatkRate,2;
}
if"
5807,October Fest Cap,상단헤드기어,1,0,50,10,20,0,○,All,
18595,Horn of Ancient,상단헤드기어,8,1,50,20,40,0,○,전직업,"autobonus ""{ bonus bBaseAtk,100; }"",5,10000,0,""{ specialeffect2 EF_POTION_BERSER"
5128,Goibne's Helm,상단헤드기어,5,0,54,50,30000,0,○,All,"VIT+3, MDEF+3"
5007,Grand Circlet,상단헤드기어,3,0,55,20,20,0,○,All,"STR+1, INT+1, LUK+1, MDEF+4"
5031,Mine Hat,상단헤드기어,4,0,55,150,20,0,○,"복사, 알케미스트, 어쌔신, 블랙스미스, 크루세이더, 기사, 상인, 몽크, 프리스트, 로그, 소드맨, 도둑",DEX+2
5111,Galapago Cap,상단헤드기어,2,0,55,50,20,0,○,전직업,"bonus2 bAddMonsterDropItem,605,100;
"
5002,Jewel Crown,상단헤드기어,4,0,60,60,20,0,○,"알케미스트, 어쌔신, 블랙스미스, 크루세이더, 기사, 상인, 로그, 소드맨, 도둑","INT+2, LUK+1, MDEF+3"
5173,Magistrate Hat,상단헤드기어,3,1,60,40,30000,0,○,전직업,AGI+1
5174,Ayam,상단헤드기어,3,1,60,40,30000,0,○,전직업,INT+1
5340,Defolty Doll Hat,상단헤드기어,0,1,60,50,0,0,×,전직업,STR+2
5341,Glaris Doll Hat,상단헤드기어,0,1,60,50,0,0,×,전직업,INT+2
5342,Sorin Doll Hat,상단헤드기어,0,1,60,50,0,0,×,전직업,DEX+2
5343,Telling Doll Hat,상단헤드기어,0,1,60,50,0,0,×,전직업,AGI+2
5344,Bennit Doll Hat,상단헤드기어,0,1,60,50,0,0,×,전직업,"VIT+2, ASPD+5%"
5345,W Doll Hat,상단헤드기어,0,1,60,50,0,0,×,전직업,LUK+2
5359,Ship Captain Hat,상단헤드기어,3,1,60,30,20,0,○,전직업,"DEX+1, MaxHP+100"
5364,Evil Snake Lord Hat,상단헤드기어,2,1,60,50,20,0,○,전직업,"STR+1, AGI+2, INT+1"
5460,Evolved Dragon Skull Hat,상단헤드기어,7,0,60,100,20,0,○,전직업,"bonus bAllStats, 2;
bonus bMaxHPrate, 3;
"
5526,Tanigumi Girl Doll,상단헤드기어,4,0,60,30,20,0,×,전직업,"AGI+2, FLEE+3"
5127,Morrigane's Helm,상단헤드기어,4,0,61,50,30000,0,○,All,LUK+2
5038,Deviruchi Hat,상단헤드기어,2,0,64,80,20,0,○,All,"STR+1, INT+1"
5227,Red Deviruchi Hat,상단헤드기어,2,0,64,80,20,0,○,All,"STR+1, INT+1"
5228,Gray Deviruchi Hat,상단헤드기어,2,0,64,80,20,0,○,All,"STR+1, INT+1"
5229,Brown Deviruchi Hat,상단헤드기어,2,0,64,80,20,0,○,All,"STR+1, INT+1"
5122,Magni's Cap,상단헤드기어,5,0,65,100,30000,0,○,All,STR+2
5123,Ulle's Cap,상단헤드기어,3,1,65,50,30000,0,○,All,"AGI+1, DEX+2"
5124,Fricca's Circlet,상단헤드기어,3,0,65,30,30000,0,○,All,"INT+2, MDEF+10, MaxSP+50"
5017,Bone Helm,상단헤드기어,7,0,70,80,20,0,○,"알케미스트, 블랙스미스, 크루세이더, 기사, 상인, 소드맨","bonus2 bSubEle,Ele_Dark,-15;
"
5066,Succubus Horn,상단헤드기어,4,0,70,80,20,0,○,All,"INT+1, MDEF+10"
5072,Incubus Horn,상단헤드기어,4,0,70,80,20,0,○,All,"AGI+1, MDEF+10"
5162,Bone Helm,상단헤드기어,7,1,70,80,20,0,○,"알케미스트, 블랙스미스, 크루세이더, 기사, 상인, 소드맨","bonus2 bSubEle,Ele_Dark,-15;
"
5286,Pecopeco Hairband,상단헤드기어,3,0,70,0,20,0,×,전직업,ASPD+-10%
5363,Helm Of Abyss,상단헤드기어,2,1,70,100,20,0,○,"알케미스트, 어쌔신, 블랙스미스, 크루세이더, 기사, 상인, 로그, 소드맨, 도둑","bonus2 bSubRace,RC_DemiHuman,-10;
bonus2 bSubRace,RC_Player_Human,-10;
bonus2 bS"
5442,Necktie,상단헤드기어,3,1,70,10,20,0,○,전직업,"VIT+1, HIT+-5"
5443,Statue Of Baby Angel,상단헤드기어,3,1,70,60,20,0,○,전직업,MDEF+2
5447,Frog Hat,상단헤드기어,3,0,70,50,20,0,○,전직업,MDEF+1
5490,Anubis Helm,상단헤드기어,3,0,70,0,20,0,×,전직업,MDEF+5
5512,Aquarius Diadem,상단헤드기어,6,0,70,30,20,0,○,전직업,"STR+2, FLEE+10"
5513,Aquarius Crown,상단헤드기어,6,0,70,30,20,0,○,전직업,"STR+2, FLEE+10"
5514,Pisces Diadem,상단헤드기어,6,0,70,30,20,0,○,전직업,"INT+2, MDEF+5"
5515,Pisces Crown,상단헤드기어,6,0,70,30,20,0,○,전직업,"INT+2, MDEF+5"
5545,Aries Diadem,상단헤드기어,3,0,70,40,20,0,○,전직업,"VIT+2, DEF+1"
5546,Aries Crown,상단헤드기어,3,0,70,40,20,0,○,전직업,"VIT+2, DEF+1"
5549,Taurus Diadem,상단헤드기어,3,0,70,30,20,0,○,전직업,DEX+2
5550,Taurus Crown,상단헤드기어,3,0,70,30,20,0,○,전직업,DEX+2
5569,Gemini Diadem,상단헤드기어,4,0,70,30,20,0,○,전직업,"AGI+2, MDEF+7"
5570,Gemini Crown,상단헤드기어,4,0,70,30,20,0,○,전직업,"AGI+2, MATK+15, DEF+1, MDEF+5, FLEE+10"
5581,Cancer Diadem,상단헤드기어,3,0,70,30,20,0,○,전직업,"INT+2, MDEF+1"
5582,Cancer Crown,상단헤드기어,3,0,70,30,20,0,○,전직업,"STR+2, FLEE+10"
5653,Darkness Helm,상단헤드기어,3,1,70,50,20,0,○,전직업,
5671,Drooping Morocc Minion,상단헤드기어,0,1,70,30,20,0,×,전직업,
5805,Victorious Coronet,상단헤드기어,1,0,70,15,0,0,×,전직업,"bonus bMaxHPrate,15;
bonus bSPrecovRate,5;
"
18596,Sprout Hat,상단헤드기어,4,0,70,20,20,0,○,전직업,"skill ""WZ_HEAVENDRIVE"",3;
"
5025,Helm of Angel,상단헤드기어,5,0,74,160,20,0,○,"알케미스트, 어쌔신, BardDancer, 블랙스미스, 크루세이더, 헌터, 기사, 몽크, 프리스트, 로그, 세이지, SoulLinker, StarGladiator, 위저드","AGI+1, LUK+1, MDEF+3"
5081,Crown of Mistress,상단헤드기어,0,0,75,10,20,0,○,All,"INT+2, MaxSP+100"
5100,Sales Banner,상단헤드기어,0,0,75,80,20,0,○,전직업,"STR+1, AGI+1, LUK+1"
5495,Power Of Thor,상단헤드기어,6,1,75,10,20,0,○,전직업,"INT+1, DEX+1, MDEF+3, FLEE+5"
5560,Bullock Helm,상단헤드기어,3,0,75,300,20,0,○,전직업,MaxHP+100
5405,Filir Hat,상단헤드기어,0,0,80,20,10,0,×,전직업,"bonus bShortWeaponDamageReturn, 1;
"
5533,Emperor Wreath,상단헤드기어,3,1,80,80,20,0,○,전직업,전스탯+1
5398,Bone Head,상단헤드기어,5,1,85,120,20,0,○,"알케미스트, 블랙스미스, 크루세이더, 기사, 상인, 소드맨","STR+2, MDEF+5"
5399,Mandragora Cap,상단헤드기어,1,1,85,30,20,0,×,"알케미스트, 어쌔신, BardDancer, 블랙스미스, 크루세이더, 헌터, 기사, 몽크, 프리스트, 로그, 세이지, SoulLinker, StarGladiator, 위저드",VIT+3
2201,Sunglasses,중단헤드기어,0,0,0,10,5000,0,×,전직업,"bonus2 bResEff,Eff_Blind,500;
"
2202,Sunglasses,중단헤드기어,0,1,0,10,5000,0,×,전직업,"bonus2 bResEff,Eff_Blind,500;
"
2203,Glasses,중단헤드기어,0,0,0,10,4000,0,×,전직업,
2204,Glasses,중단헤드기어,0,1,0,10,4000,0,×,전직업,
2205,Diver Goggles,중단헤드기어,0,0,0,10,3500,0,×,전직업,
2212,Eye Patch,중단헤드기어,0,0,0,10,1000,0,×,전직업,
2239,Monocle,중단헤드기어,0,0,0,10,10000,0,×,전직업,
2242,Purple Glasses,중단헤드기어,1,0,0,10,24000,0,×,전직업,"bonus2 bResEff,Eff_Blind,1000;
"
2243,Geek Glasses,중단헤드기어,1,0,0,10,20000,0,×,전직업,"bonus2 bResEff,Eff_Blind,1500;
"
2260,Mini Glasses,중단헤드기어,1,0,0,10,28000,0,×,All,
2263,Zorro Masque,중단헤드기어,0,0,0,10,20,0,×,All,
2276,Angled Glasses,중단헤드기어,1,0,0,10,20,0,×,전직업,
2291,Masquerade,중단헤드기어,0,0,0,10,20,0,×,All,"bonus2 bAddRace,RC_DemiHuman,3;
bonus2 bAddRace,RC_Player_Human,3;
"
2295,Blinker,중단헤드기어,0,0,0,10,1500,0,×,All,"bonus2 bResEff,Eff_Blind,10000;
"
5006,Machoman's Glasses,중단헤드기어,1,0,0,10,36000,0,×,All,
5040,Blush,중단헤드기어,0,0,0,10,20,0,×,전직업,
5101,Takius's Blindfold,중단헤드기어,0,0,0,10,20,0,×,전직업,
5102,Blank Eyes,중단헤드기어,0,0,0,10,20,0,×,전직업,
5104,Dark Blinder,중단헤드기어,0,0,0,10,20,0,×,All,"bonus2 bResEff,Eff_Blind,10000;
bonus2 bResEff,Eff_Stun,200;
"
5154,Father's Sunglasses,중단헤드기어,3,0,0,10,20,0,×,전직업,
5175,Censor Bar,중단헤드기어,0,0,0,10,30000,0,×,전직업,"MDEF+1, HIT+-5"
5244,Elven Blindfold,중단헤드기어,1,0,0,20,20,0,×,전직업,"bonus2 bResEff,Eff_Blind,10000;
"
5245,Elven Sunglasses,중단헤드기어,1,0,0,20,20,0,×,전직업,"bonus2 bResEff,Eff_Blind,500;
"
5248,Robotic Blindfold,중단헤드기어,1,0,0,20,20,0,×,전직업,"bonus2 bResEff,Eff_Blind,10000;
"
5249,Human Blindfold,중단헤드기어,1,0,0,20,20,0,×,전직업,"bonus2 bResEff,Eff_Blind,10000;
"
5250,Robotic Ears,중단헤드기어,0,0,0,1,20,0,×,전직업,
5251,Round Ears,중단헤드기어,0,0,0,1,20,0,×,전직업,
5288,Red Glasses,중단헤드기어,1,0,0,0,20,0,×,전직업,INT+1
5326,Masquerade C,중단헤드기어,1,0,0,0,1,0,×,전직업,"bonus2 bAddRace,RC_DemiHuman,7;
bonus2 bAddRace,RC_Player_Human,7;
"
5328,Evil Wing Ears C,중단헤드기어,2,0,0,0,1,0,×,전직업,STR+1
5329,Dark Blindfold C,중단헤드기어,1,0,0,0,1,0,×,전직업,"bonus2 bResEff,Eff_Blind,10000;
bonus2 bResEff,Eff_Stun,500;
"
5397,Scuba Gear,중단헤드기어,0,0,0,10,20,0,×,전직업,"bonus2 bSubEle,Ele_Water, 10;
bonus bUnbreakableHelm, 0;
"
5800,Blush of Groom,중단헤드기어,0,0,0,5,20,0,×,전직업,"bonus2 bSubRace,RC_DemiHuman,3;
bonus2 bSubRace,RC_Player_Human,3;
"
5804,Pirate Eye Bandage,중단헤드기어,0,0,0,10,1000,0,×,전직업,
2686,Elven Ears,중단헤드기어,2,0,1,0,1,0,×,All,INT+1
5786,Ancient Elven Ear,중단헤드기어,1,0,1,20,10,0,×,전직업,LUK+1
5788,3D Glasses,중단헤드기어,1,0,1,10,20,0,×,전직업,
5793,Ribbon Of Life,중단헤드기어,2,0,1,0,20,0,×,전직업,"INT+1, MDEF+2"
5794,3D Glasses,중단헤드기어,1,0,1,0,20,0,×,전직업,
18503,Small Devil Horns,중단헤드기어,2,0,1,10,20,0,×,전직업,"bonus2 bAddClass,Class_All,5;
bonus bMatkRate,5;
bonus bMaxHPRate,10;
bonus bMax"
5325,Robo Eye,중단헤드기어,2,0,10,20,20,0,×,전직업,DEX+1
5043,Opera Phantom Mask,중단헤드기어,1,0,20,20,20,0,×,All,
18620,Heart Eyepatch,중단헤드기어,2,0,20,20,5,0,×,전직업,
5389,Angel Spirit,중단헤드기어,0,0,30,20,20,0,×,전직업,"STR+2, HIT+15"
5315,Observer,중단헤드기어,1,0,35,10,20,0,×,전직업,"skill ""WZ_ESTIMATION"",1;
"
5085,Small Ribbons,중단헤드기어,1,0,45,10,20,0,×,전직업,
5221,Evolved Pair of Red Ribbon,중단헤드기어,1,0,45,10,20,0,×,전직업,FLEE+5
2296,Binoculars,중단헤드기어,1,0,50,10,20,0,×,"궁수, BardDancer, 헌터",DEX+1
5516,hawk Eyes,중단헤드기어,0,0,60,10,10,0,×,헌터,DEX+1
5517,Hawk Eyes,중단헤드기어,0,0,60,10,10,0,×,"궁수, BardDancer, 헌터",DEX+1
5014,Fin Helm,중단헤드기어,2,0,65,30,20,0,×,"크루세이더, 기사, 소드맨",
2286,Elven Ears,중단헤드기어,0,0,70,10,20,0,×,All,
5068,Evil Wing Ears,중단헤드기어,1,0,70,10,20,0,×,전직업,STR+1
5074,Angel Wing Ears,중단헤드기어,1,0,70,10,20,0,×,전직업,STR+1
5358,Peco Ears,중단헤드기어,1,0,70,10,20,0,×,전직업,"AGI+1, MDEF+2"
5401,Black Frame Glasses,중단헤드기어,1,0,70,20,20,0,×,전직업,"INT+1, MDEF+2"
5402,Mischievous Fairy,중단헤드기어,1,0,70,20,10,0,×,전직업,"bonus bUnbreakableHelm, 0;
bonus bFlee2, 3;
"
5421,Ears Of Ifrit,중단헤드기어,0,0,70,0,20,0,×,All,"STR+1, MDEF+3"
5664,Filir's Pinions,중단헤드기어,1,0,70,10,20,0,×,전직업,ASPD+2%
18507,Elven Ears,중단헤드기어,0,1,70,10,20,0,×,All,
5135,Cyclop's Eye,중단헤드기어,0,0,75,20,0,0,×,All,MaxSP+50
5592,Sigrun's Wings,중단헤드기어,2,0,80,10,20,0,×,전직업,"STR+1, INT+1, DEX+1, MaxHP+80, MaxSP+30"
2218,Flu Mask,하단헤드기어,0,0,0,10,300,0,×,전직업,"bonus2 bResEff,Eff_Silence,1000;
"
2219,Flu Mask,하단헤드기어,0,0,0,10,300,0,×,전직업,"bonus2 bResEff,Eff_Silence,1000;
"
2237,Bandit Beard,하단헤드기어,0,0,0,10,2,0,×,전직업,
2240,Beard,하단헤드기어,0,0,0,10,2,0,×,전직업,
2241,Grampa Beard,하단헤드기어,0,0,0,10,5000,0,×,전직업,
2262,Clown Nose,하단헤드기어,0,0,0,10,20,0,×,전직업,
2265,Gangster Mask,하단헤드기어,0,0,0,10,20,0,×,전직업,"bonus2 bResEff,Eff_Silence,1500;
"
2267,Cigarette,하단헤드기어,0,0,0,10,20,0,×,All,"bonus2 bSubRace,RC_Insect,3;
"
2268,Pipe,하단헤드기어,0,0,0,10,20,0,×,All,"bonus2 bSubRace,RC_Insect,3;
"
2269,Romantic Flower,하단헤드기어,0,0,0,10,20,0,×,All,"bonus2 bSubRace,RC_Plant,3;
"
2270,Romantic Leaf,하단헤드기어,0,0,0,10,20,0,×,All,"bonus2 bSubRace,RC_Plant,3;
"
5004,Oxygen Mask,하단헤드기어,0,0,0,20,20,0,×,All,"bonus2 bResEff,Eff_Poison,2000;
"
5051,Pussy Cat Bell,하단헤드기어,0,0,0,10,20,0,×,전직업,
5107,Crunch Toast,하단헤드기어,0,0,0,5,20,0,×,전직업,
5110,Baby Pacifier,하단헤드기어,0,0,0,5,20,0,×,전직업,
5113,Angry Snarl,하단헤드기어,0,0,0,5,20,0,×,전직업,
5155,Father's White Moustache,하단헤드기어,0,0,0,10,20,0,×,전직업,"bonus bBaseAtk,20;
"
5156,Father's Mask,하단헤드기어,0,0,0,10,20,0,×,전직업,"bonus bMatkRate,1;
"
5204,Rudolph's Nose,하단헤드기어,0,0,0,10,20,0,×,전직업,"bonus2 bResEff,Eff_Blind,3000;
bonus2 bAddMonsterDropItem,12130,30;
"
5206,Romantic White Flower,하단헤드기어,0,0,0,10,20,0,×,All,"bonus2 bSubRace,RC_Plant,3;
"
5220,Evolved Pipe,하단헤드기어,0,0,0,10,20,0,×,All,VIT+1
5305,Pirate Dagger,하단헤드기어,0,0,0,10,20,0,×,전직업,"bonus bBaseAtk,5;
"
5377,Gentleman's Pipe,하단헤드기어,0,0,0,10,20,0,×,전직업,"bonus2 bSubRace,RC_DemiHuman,2;
bonus2 bSubRace,RC_Player_Human,2;
"
5391,Toast,하단헤드기어,0,0,0,0,20,0,×,전직업,MaxHP+100
5394,Bubblegum,하단헤드기어,0,0,0,0,0,0,×,전직업,
5412,Sweet Candy,하단헤드기어,1,0,0,10,20,0,×,전직업,"bonus bUnbreakableHelm, 0;
"
5419,Leaves Of Grass,하단헤드기어,0,0,0,10,20,0,×,전직업,VIT+1
5445,Candy Cane In Mouth,하단헤드기어,0,0,0,10,20,0,×,전직업,MaxSP+5
5521,Angry Mouth,하단헤드기어,0,0,0,0,0,0,×,전직업,"bonus bDelayRate,-3;
"
5532,Pirate Dagger,하단헤드기어,0,0,0,10,20,0,○,전직업,"bonus bShortWeaponDamageReturn,1;
"
5811,Santa's Beard,하단헤드기어,5,0,0,10,20,0,×,전직업,
2687,Steel Flower,하단헤드기어,1,0,1,0,1,0,×,All,"bonus2 bSubRace,RC_Plant,3;
"
5536,Spare Card,하단헤드기어,1,0,1,1,20,0,×,전직업,"bonus2 bAddMonsterDropItem,6187,1000;
"
5594,Donut In Mouth,하단헤드기어,1,0,1,5,20,0,×,전직업,
5596,4Leaf Clover In Mouth,하단헤드기어,2,0,1,0,20,0,×,전직업,MDEF+2
5597,Bubble Gum In Mouth,하단헤드기어,2,0,1,0,20,0,×,전직업,MDEF+2
5775,Choco Donut In Mouth,하단헤드기어,1,0,1,5,20,0,×,전직업,
5796,Cheer Scarf,하단헤드기어,0,0,1,0,0,0,×,전직업,
5797,Cheer Scarf2,하단헤드기어,0,0,1,0,0,0,×,전직업,
5798,Cheer Scarf3,하단헤드기어,0,0,1,0,0,0,×,전직업,
5799,Cheer Scarf4,하단헤드기어,0,0,1,0,0,0,×,전직업,
5846,Buzzy Ball Gum,하단헤드기어,1,0,1,10,50,0,×,전직업,MDEF+5
18500,Cheer Scarf6,하단헤드기어,0,0,1,0,0,0,×,전직업,
18501,Cheer Scarf8,하단헤드기어,0,0,1,0,0,0,×,전직업,
18502,Cheer Scarf10,하단헤드기어,0,0,1,0,0,0,×,전직업,
5574,Well-Chewed Pencil,하단헤드기어,0,0,10,10,20,0,×,전직업,"bonus bdex,2;
bonus bHitRate,3;
"
5403,Fish In Mouth,하단헤드기어,0,0,30,20,10,0,×,전직업,"bonus2 bAddMonsterDropItem,579,500;
bonus2 bAddItemHealRate,579,25;
"
18505,Umbala Spirit,하단헤드기어,1,1,30,20,0,0,×,전직업,VIT+1
2266,Iron Cain,하단헤드기어,1,0,50,30,20,0,×,"크루세이더, 기사, 소드맨",
5548,Scarlet Rose,하단헤드기어,0,0,50,10,20,0,○,전직업,LUK+1
5361,Gangster Scarf,하단헤드기어,0,0,60,10,20,0,×,전직업,"bonus bBaseAtk,5;
if (BaseJob == Job_Rogue)
   skill ""RG_GANGSTER"",1;
"
5362,Ninja Scroll,하단헤드기어,0,0,60,20,20,0,×,전직업,"bonus bMatkRate,1;
"
5054,Assassin Mask,하단헤드기어,0,0,70,10,20,0,×,"어쌔신, 프리스트",
5096,Assassin Mask,하단헤드기어,0,0,70,10,20,0,×,"어쌔신, 프리스트",
5462,Spiked Scarf,하단헤드기어,1,0,90,10,20,0,×,전직업,VIT+1
5463,Rainbow Scarf,하단헤드기어,1,0,90,10,20,0,×,전직업,"INT+1, MDEF+2"
2224,Goggles,중단헤드기어+상단헤드기어,5,0,0,30,20,0,○,"알케미스트, 궁수, 어쌔신, BardDancer, 블랙스미스, 크루세이더, 헌터, 기사, 상인, 로그, 소드맨, 도둑",
2225,Goggles,중단헤드기어+상단헤드기어,5,1,0,30,20,0,○,"알케미스트, 궁수, 어쌔신, BardDancer, 블랙스미스, 크루세이더, 헌터, 기사, 상인, 로그, 소드맨, 도둑",
2264,Munak Hat,하단헤드기어+중단헤드기어+상단헤드기어,5,0,0,30,20,0,×,전직업,"bonus2 bSubRace,RC_Undead,10;
"
2278,Mr. Smile,하단헤드기어+중단헤드기어,1,0,0,10,60,0,×,전직업,
2281,Opera Masque,하단헤드기어+중단헤드기어,2,0,0,20,20,0,×,All,
2288,Mr. Scream,하단헤드기어+중단헤드기어,1,0,0,10,20,0,×,All,
2297,Goblin Mask,하단헤드기어+중단헤드기어,1,0,0,10,20,0,×,All,
5005,Gas Mask,하단헤드기어+중단헤드기어,1,0,0,10,20,0,×,All,"bonus2 bResEff,Eff_Poison,3000;
"
5022,Hat of the Sun God,중단헤드기어+상단헤드기어,4,0,0,240,20,0,○,"알케미스트, 어쌔신, BardDancer, 블랙스미스, 크루세이더, 헌터, 기사, 몽크, 프리스트, 로그, 세이지, SoulLinker, StarGladiator, 위저드","STR+3, INT+2"
5046,Bongun Hat,하단헤드기어+중단헤드기어+상단헤드기어,5,0,0,30,20,0,×,전직업,
5086,Alarm Mask,하단헤드기어+중단헤드기어,2,0,0,10,20,0,×,All,"bonus2 bResEff,Eff_Blind,5000;
"
5087,Poker Face,하단헤드기어+중단헤드기어,1,0,0,10,20,0,×,전직업,
5088,Surprised Mask,하단헤드기어+중단헤드기어,1,0,0,10,20,0,×,전직업,
5089,Annoyed Mask,하단헤드기어+중단헤드기어,1,0,0,10,20,0,×,전직업,
5090,Goblin Leader Mask,하단헤드기어+중단헤드기어,2,0,0,10,20,0,×,전직업,
5151,Note Headphones,중단헤드기어+상단헤드기어,4,1,0,20,20,0,○,전직업,MDEF+3
5167,Munak Hat,하단헤드기어+중단헤드기어+상단헤드기어,5,1,0,30,20,0,×,전직업,"bonus2 bSubRace,RC_Undead,10;
"
5168,Bongun Hat,하단헤드기어+중단헤드기어+상단헤드기어,5,1,0,30,20,0,×,전직업,
5203,Smiling Mask,하단헤드기어+중단헤드기어,2,0,0,20,20,0,×,전직업,"bonus bSpeedRate,25;
"
5205,Emperor's Laurel Crown,중단헤드기어+상단헤드기어,3,0,0,100,20,0,○,전직업,"MDEF+3, 전스탯+1"
5243,Shafka,중단헤드기어+상단헤드기어,2,1,0,80,20,0,○,전직업,"bonus2 bResEff,Eff_Freeze,1000;
"
5271,Phoenix Crown,중단헤드기어+상단헤드기어,4,1,0,50,20,0,○,전직업,MDEF+3
5272,Tongue Mask,하단헤드기어+중단헤드기어,2,0,0,10,20,0,×,전직업,"bonus3 bAutoSpell,""SM_PROVOKE"",5,50;
"
5273,Happy Wig,중단헤드기어+상단헤드기어,1,0,0,10,20,0,○,전직업,DEF+4
5274,Shiny Wig,중단헤드기어+상단헤드기어,1,0,0,10,20,0,○,전직업,DEF+4
5275,Marvelous Wig,중단헤드기어+상단헤드기어,1,0,0,10,20,0,○,전직업,DEF+4
5276,Fantastic Wig,중단헤드기어+상단헤드기어,1,0,0,10,20,0,○,전직업,DEF+4
5294,Whisper Mask,하단헤드기어+중단헤드기어+상단헤드기어,0,0,0,0,20,0,×,전직업,AGI+3
5295,Golden Bandana,중단헤드기어+상단헤드기어,4,0,0,240,20,0,×,전직업,MDEF+4
5298,Dokebi's Wig,중단헤드기어+상단헤드기어,1,1,0,10,20,0,○,전직업,"bonus2 bSubEle,Ele_Neutral,5;
bonus2 bSubEle,Ele_Fire,-5;
bonus2 bSubEle,Ele_Wat"
5299,Pagdayaw,하단헤드기어+중단헤드기어+상단헤드기어,1,1,0,10,20,0,×,전직업,"bonus3 bAutoSpell,""DC_SCREAM"",1,50;
"
5309,Wool Mask,하단헤드기어+중단헤드기어+상단헤드기어,1,0,0,20,20,0,○,전직업,"skill ""RG_GRAFFITI"",1;
"
5313,Diadem,중단헤드기어+상단헤드기어,3,1,0,10,20,0,○,전직업,INT+1
5327,Refined Helmet of Orc Hero,중단헤드기어+상단헤드기어,10,0,0,0,1,0,×,All,"STR+5, VIT+3"
5353,Hat of the Sun God,중단헤드기어+상단헤드기어,4,1,0,240,20,0,○,"알케미스트, 어쌔신, BardDancer, 블랙스미스, 크루세이더, 헌터, 기사, 몽크, 프리스트, 로그, 세이지, SoulLinker, StarGladiator, 위저드","STR+3, INT+2"
5357,Wings Of Victory,중단헤드기어+상단헤드기어,10,0,0,20,20,0,×,전직업,MDEF+10
5371,Judge Hat,중단헤드기어+상단헤드기어,2,0,0,30,20,0,○,전직업,"LUK+1, MaxSP+30"
5373,Dark Randgris Helm,중단헤드기어+상단헤드기어,2,1,0,30,20,0,○,전직업,"DEX+3, MDEF+1"
5375,Orc Hero Headdress,중단헤드기어+상단헤드기어,5,1,0,90,20,0,○,전직업,STR+2
5400,Fox Hat,하단헤드기어+중단헤드기어+상단헤드기어,0,0,0,20,20,0,×,전직업,LUK+1
5410,Brown Paperbag Hat,하단헤드기어+중단헤드기어+상단헤드기어,6,0,0,20,20,0,×,전직업,MaxHP+100
5428,RWC Anniversary Bread Envelope,하단헤드기어+중단헤드기어+상단헤드기어,0,0,0,10,0,0,○,전직업,"bonus2 bSubRace,RC_DemiHuman,12;
bonus2 bSubRace,RC_Player_Human,12;
"
5448,Soloplay Box1,하단헤드기어+중단헤드기어+상단헤드기어,0,1,0,30,0,0,○,전직업,
5449,Soloplay Box2,하단헤드기어+중단헤드기어+상단헤드기어,0,1,0,30,0,0,○,전직업,
5494,Sphinx Hat,하단헤드기어+상단헤드기어,5,0,0,0,0,0,×,"크루세이더, 기사, 소드맨",STR+5
5568,Rabbit Bonnet,중단헤드기어+상단헤드기어,1,1,0,100,20,0,○,전직업,INT+2
5808,Dark Bacilium,하단헤드기어+중단헤드기어+상단헤드기어,5,1,0,25,20,0,○,"알케미스트, 어쌔신, BardDancer, 블랙스미스, 크루세이더, 헌터, 기사, 몽크, 프리스트, 로그, 세이지, 위저드","bonus2 bResEff,Eff_Stone,2000+(getrefine()*200);
bonus2 bResEff,Eff_Freeze,2000+"
9001,Poring Egg,,0,0,0,0,20,0,×,전직업,
9002,Drops Egg,,0,0,0,0,20,0,×,전직업,
9003,Poporing Egg,,0,0,0,0,20,0,×,전직업,
9004,Lunatic Egg,,0,0,0,0,20,0,×,전직업,
9005,Picky Egg,,0,0,0,0,20,0,×,전직업,
9006,Chonchon Egg,,0,0,0,0,20,0,×,전직업,
9007,Steel Chonchon Egg,,0,0,0,0,20,0,×,전직업,
9008,Hunter Fly Egg,,0,0,0,0,20,0,×,전직업,
9009,Savage Babe Egg,,0,0,0,0,20,0,×,전직업,
9010,Baby Desert Wolf Egg,,0,0,0,0,20,0,×,전직업,
9011,Rocker Egg,,0,0,0,0,20,0,×,전직업,
9012,Spore Egg,,0,0,0,0,20,0,×,전직업,
9013,Poison Spore Egg,,0,0,0,0,20,0,×,전직업,
9014,Peco Peco Egg,,0,0,0,0,20,0,×,전직업,
9015,Smokie Egg,,0,0,0,0,20,0,×,전직업,
9016,Yoyo Egg,,0,0,0,0,20,0,×,전직업,
9017,Orc Warrior Egg,,0,0,0,0,20,0,×,전직업,
9018,Munak Egg,,0,0,0,0,20,0,×,전직업,
9019,Dokebi Egg,,0,0,0,0,20,0,×,전직업,
9020,Sohee Egg,,0,0,0,0,20,0,×,전직업,
9021,Isis Egg,,0,0,0,0,20,0,×,전직업,
9022,Green Petite Egg,,0,0,0,0,20,0,×,전직업,
9023,Deviruchi Egg,,0,0,0,0,20,0,×,전직업,
9024,Bapho Jr. Egg,,0,0,0,0,20,0,×,전직업,
9025,Bongun Egg,,0,0,0,0,20,0,×,전직업,
9026,Zealotus Egg,,0,0,0,0,20,0,×,전직업,
9027,Alice Egg,,0,0,0,0,20,0,×,전직업,
9028,Hard Rice Cake,,0,0,0,0,20,0,×,전직업,
9029,Christmas Goblin's Egg,,0,0,0,0,20,0,×,전직업,
9030,Green Maiden Egg,,0,0,0,0,20,0,×,전직업,
9031,Spring Rabbit Egg,,0,0,0,0,20,0,×,전직업,
9032,Knife Goblin Egg,,0,0,0,0,20,0,×,전직업,
9033,Flail Goblin Egg,,0,0,0,0,20,0,×,전직업,
9034,Hammer Goblin Egg,,0,0,0,0,20,0,×,전직업,
9035,Red Deleter Egg,,0,0,0,0,20,0,×,전직업,
9036,Diabolic Egg,,0,0,0,0,20,0,×,전직업,
9037,Wanderer Egg,,0,0,0,0,20,0,×,전직업,
9038,New Year Doll Egg,,0,0,0,0,20,0,×,전직업,
9039,Bacsojin Egg,,0,0,0,0,20,0,×,전직업,
9040,Civil Servant Egg,,0,0,0,0,20,0,×,전직업,
9041,Leaf Cat Egg,,0,0,0,0,20,0,×,전직업,
9042,Loli Ruri Egg,,0,0,0,0,20,0,×,전직업,
9043,Marionette Egg,,0,0,0,0,20,0,×,전직업,
9044,Shinobi Egg,,0,0,0,0,20,0,×,전직업,
9045,Whisper Egg,,0,0,0,0,20,0,×,전직업,
9046,Goblin Leader Egg,,0,0,0,0,20,0,×,전직업,
9047,Wicked Nymph Egg,,0,0,0,0,20,0,×,전직업,
9048,Miyabi Ningyo Egg,,0,0,0,0,20,0,×,전직업,
9049,Dullahan Egg,,0,0,0,0,20,0,×,전직업,
9050,Medusa Egg,,0,0,0,0,20,0,×,전직업,
9051,Stone Shooter Egg,,0,0,0,0,20,0,×,전직업,
9052,Incubus Egg,,0,0,0,0,20,0,×,전직업,
9053,Golem Egg,,0,0,0,0,20,0,×,전직업,
9054,Nightmare Terror Egg,,0,0,0,0,20,0,×,전직업,
9055,Succubus Egg,,0,0,0,0,20,0,×,전직업,
9056,Imp Egg,,0,0,0,0,20,0,×,전직업,
10001,Skull Helm,,0,0,0,0,20,0,×,전직업,
10002,Monster Oxygen Mask,,0,0,0,0,20,0,×,전직업,
10003,Transparent Head Protector,,0,0,0,0,20,0,×,전직업,
10004,Pacifier,,0,0,0,0,20,0,×,전직업,
10005,Wig,,0,0,0,0,20,0,×,전직업,
10006,Queen's Hair Ornament,,0,0,0,0,20,0,×,전직업,
10007,Silk Ribbon,,0,0,0,0,20,0,×,전직업,
10008,Punisher,,0,0,0,0,20,0,×,전직업,
10009,Wild Flower,,0,0,0,0,20,0,×,전직업,
10010,Battered Pot,,0,0,0,0,20,0,×,전직업,
10011,Stellar Hairpin,,0,0,0,0,20,0,×,전직업,
10012,Tiny Egg Shell,,0,0,0,0,20,0,×,전직업,
10013,Backpack,,0,0,0,0,1500,0,×,전직업,
10014,Rocker Glasses,,0,0,0,0,2000,0,×,전직업,
10015,Green Lace,,0,0,0,0,20,0,×,전직업,
10016,Golden Bell,,0,0,0,0,20,0,×,전직업,
10017,Bark Shorts,,0,0,0,0,20,0,×,전직업,
10018,Monkey Circlet,,0,0,0,0,20,0,×,전직업,
10019,Red Scarf,,0,0,0,0,20,0,×,전직업,
10020,Grave Keeper's Sword,,0,0,0,0,20,0,×,전직업,
10021,Circular Headgear,,0,0,0,0,20,0,×,전직업,
10022,Gold Earring,,0,0,0,0,20,0,×,전직업,
10023,Green Jewel Bag,,0,0,0,0,20,0,×,전직업,
10024,Fashion Glasses,,0,0,0,0,20,0,×,전직업,
10025,Hairband Of Stars,,0,0,0,0,20,0,×,전직업,
10026,Tassel for Durumagi,,0,0,0,0,20,0,×,전직업,
10027,Pet Soul Ring,,0,0,0,0,20,0,×,전직업,
10028,Beautiful Badges,,0,0,0,0,20,0,×,전직업,
10029,Jade Trinket,,0,0,0,0,20,0,×,전직업,
10030,Summer Fan,,0,0,0,0,20,0,×,전직업,
10031,Ring Of Death,,0,0,0,0,20,0,×,전직업,
10032,Queen's Coronet,,0,0,0,0,20,0,×,전직업,
10033,Afro,,0,0,0,0,20,0,×,전직업,
10034,Masked Ball,,0,0,0,0,20,0,×,전직업,
10035,Spring,,0,0,0,0,20,0,×,전직업,
10036,Horn Of Hell,,0,0,0,0,20,0,×,전직업,
10037,Black Butterfly Mask,,0,0,0,0,20,0,×,전직업,
10038,Horn Barrier,,0,0,0,0,20,0,×,전직업,
19500,T Mr Smile,Costume_Head_Mid+Costume_Head_Low,0,0,0,0,0,0,×,전직업,STR+2
19501,T Spinx Helm,Costume_Head_Top+Costume_Head_Low,0,1,0,0,0,0,×,전직업,
19504,T Sunglasses,Costume_Head_Mid,0,0,0,0,0,0,×,전직업,
19505,T Cigarette,Costume_Head_Low,0,0,0,0,0,0,×,전직업,
19506,T Valkyrie Feather Band,Costume_Head_Top,0,0,0,0,0,0,○,전직업,
5152,Chinese Crown,중단헤드기어+상단헤드기어,2,0,1,200,20,0,○,전직업,INT+1
5214,Moonlight Flower Hat,중단헤드기어+상단헤드기어,3,0,1,20,0,0,○,전직업,DEX+2
5502,Necromancer's Hood,중단헤드기어+상단헤드기어,2,0,1,50,0,0,○,전직업,"bonus5 bAutoSpellWhenHit,""NPC_DARKSTRIKE"",5,5,BF_WEAPON|BF_MAGIC,1;
"
5520,Rabbit Earplugs,중단헤드기어+상단헤드기어,0,1,1,40,0,0,○,전직업,"bonus2 bAddClass,Class_All,4;
bonus bMatkRate,4;
"
5565,Dragon Arhat Mask,하단헤드기어+중단헤드기어,5,0,1,0,0,0,×,전직업,"bonus2 bAddRace,RC_DemiHuman,10;
bonus2 bAddRace,RC_Player_Human,10;
"
5566,Tiger Arhat Mask,하단헤드기어+중단헤드기어,1,0,1,0,0,0,×,전직업,"bonus2 bAddRace,RC_DemiHuman,2;
bonus2 bAddRace,RC_Player_Human,2;
"
5585,Rune Cloth Circlet,중단헤드기어+상단헤드기어,1,1,1,40,20,0,○,전직업,
5593,Rabbit Bonnet,중단헤드기어+상단헤드기어,1,1,1,20,20,0,○,전직업,
18506,Hattah Black,하단헤드기어+중단헤드기어+상단헤드기어,2,1,1,400,12000,0,○,전직업,
19507,Clear Sun,Costume_Head_Top,0,0,1,0,0,0,×,전직업,
5258,Afro Wig,중단헤드기어+상단헤드기어,0,1,10,10,20,0,○,전직업,"bonus3 bAutoSpellWhenHit,""NV_FIRSTAID"",1,300;
bonus2 bSubEle,Ele_Neutral,1;
"
5367,Hyegun Hat,하단헤드기어+중단헤드기어+상단헤드기어,5,1,10,10,20,0,×,전직업,MDEF+3
5263,Pagdayaw,하단헤드기어+중단헤드기어+상단헤드기어,1,0,20,10,20,0,○,All,"bonus2 bSubEle,Ele_Water,1;
bonus2 bSubEle,Ele_Earth,1;
bonus2 bSubEle,Ele_Fire,"
5332,Loki Mask,하단헤드기어+중단헤드기어,0,0,20,20,0,0,×,전직업,"bonus bFlee2,3;
"
5539,Jaguar Hat,하단헤드기어+중단헤드기어+상단헤드기어,4,1,25,40,20,0,○,전직업,MDEF+2
5143,Kabuki Mask,하단헤드기어+중단헤드기어+상단헤드기어,5,1,30,100,20,0,○,All,"bonus2 bResEff,Eff_Silence,3000;
"
5176,Hahoe Mask,하단헤드기어+중단헤드기어,2,0,30,10,30000,0,×,전직업,LUK+1
5476,Grand Peco Hairband,중단헤드기어+상단헤드기어,2,0,30,80,20,0,○,전직업,STR+2
5511,Samambaia,중단헤드기어+상단헤드기어,5,1,30,20,20,0,○,전직업,"bonus bSPrecovRate,8;
"
5667,Skull Hood,중단헤드기어+상단헤드기어,1,1,30,10,20,0,○,전직업,
5091,Decorative Golden Bell,중단헤드기어+상단헤드기어,2,0,35,20,20,0,○,All,
5223,Evolved Big Golden Bell,중단헤드기어+상단헤드기어,2,0,35,20,20,0,○,All,AGI+2
5169,Bride Mask,중단헤드기어+상단헤드기어,4,1,40,50,30000,0,○,전직업,"LUK+2, CRIT+5"
5177,Mythical Lion Mask,중단헤드기어+상단헤드기어,5,1,40,50,30000,0,○,전직업,DEX+2
5538,Tucan Hat,중단헤드기어+상단헤드기어,2,1,45,60,20,0,×,전직업,DEX+3
5562,Luxurious Wedding Veil,중단헤드기어+상단헤드기어,0,1,45,50,0,0,×,전직업,MDEF+10
2292,Welding Mask,하단헤드기어+중단헤드기어,2,0,50,30,20,0,×,"알케미스트, 블랙스미스, 상인","bonus2 bSubEle,Ele_Fire,10;
"
5098,Tiger Mask,중단헤드기어+상단헤드기어,2,0,50,40,20,0,×,전직업,"STR+3, MaxHP+100"
5142,Crescent Helm,중단헤드기어+상단헤드기어,8,0,50,300,20,0,○,"알케미스트, 블랙스미스, 크루세이더, 기사, 상인, 소드맨",VIT+1
5181,Helm of Darkness,중단헤드기어+상단헤드기어,3,1,50,200,20,0,○,"알케미스트, 어쌔신, 블랙스미스, 크루세이더, 기사, 상인, 로그, 소드맨, 도둑",STR+2
5304,Cap Of Blindness,하단헤드기어+중단헤드기어+상단헤드기어,4,1,50,80,20,0,○,전직업,"bonus2 bResEff,Eff_Curse,700;
bonus2 bResEff,Eff_Blind,10000;
"
5314,Hockey Mask,하단헤드기어+중단헤드기어,1,0,50,10,20,0,×,전직업,"bonus2 bAddRace,RC_DemiHuman,5;
bonus2 bAddRace,RC_Player_Human,5;
"
5461,Evolved Whisper Mask,하단헤드기어+중단헤드기어+상단헤드기어,1,0,50,30,20,0,○,전직업,DEX+3
5483,Odin Mask,하단헤드기어+중단헤드기어,1,0,50,10,20,0,×,전직업,HIT+-10
5498,Wandering Wolf Helm,중단헤드기어+상단헤드기어,5,0,50,60,20,0,○,All,"VIT+5, FLEE+10"
5505,Asara Fairy Hat,중단헤드기어+상단헤드기어,2,0,50,50,0,0,○,전직업,"DEX+2, LUK+2"
5094,Helmet of Orc Hero,중단헤드기어+상단헤드기어,5,0,55,90,500000,0,○,All,"STR+2, VIT+1"
5224,Evolved Orc Hero Helm,중단헤드기어+상단헤드기어,5,0,55,90,500000,0,○,All,"STR+2, VIT+1"
5556,Seal Hat,하단헤드기어+중단헤드기어+상단헤드기어,3,0,55,50,20,0,○,전직업,INT+1
5485,Tiger Face,하단헤드기어+중단헤드기어+상단헤드기어,3,0,60,100,20,0,○,전직업,"bonus2 bSubRace,RC_Brute,5;
bonus2 bAddRace,RC_Brute,5;
bonus2 bMagicAddRace,RC_"
5851,Summer Knight,중단헤드기어+상단헤드기어,1,0,60,0,20,0,×,전직업,
5053,Sphinx Hat,하단헤드기어+상단헤드기어,5,0,65,300,20,0,×,"크루세이더, 기사, 소드맨",STR+2
5092,Coif,중단헤드기어+상단헤드기어,5,0,65,30,150000,0,○,"어쌔신, 프리스트",
5093,Coif,중단헤드기어+상단헤드기어,5,1,65,30,150000,0,○,"어쌔신, 프리스트",MaxSP+100
5166,Sphinx Hat,하단헤드기어+상단헤드기어,5,1,65,300,20,0,×,"크루세이더, 기사, 소드맨",STR+2
5121,Zealotus Mask,중단헤드기어+상단헤드기어,3,0,70,40,20,0,○,All,"bonus2 bAddRace,RC_DemiHuman,5;
bonus2 bAddRace,RC_Player_Human,5;
bonus2 bSubRa"
5420,Mask Of Ifrit,하단헤드기어+중단헤드기어+상단헤드기어,8,0,70,0,0,0,×,All,"STR+1, INT+1, MDEF+5"
5504,Wedding Weil,중단헤드기어+상단헤드기어,5,0,70,50,20,0,○,전직업,MDEF+10
5529,Satanic Bone Helm,중단헤드기어+상단헤드기어,6,1,70,60,20,0,○,전직업,DEX+3
5579,Wanderer's Sakkat,중단헤드기어+상단헤드기어,2,1,70,30,20,0,○,전직업,AGI+2
5130,Lion Mask,중단헤드기어+상단헤드기어,0,0,75,70,20,0,○,"알케미스트, 어쌔신, BardDancer, 블랙스미스, 크루세이더, 헌터, 기사, 몽크, 프리스트, 로그, 세이지, SoulLinker, StarGladiator, 위저드",MDEF+1
5131,Close Helmet,하단헤드기어+중단헤드기어+상단헤드기어,8,0,75,120,20,0,○,"크루세이더, 기사, 소드맨",VIT+3
5482,Dark Knight Mask,하단헤드기어+중단헤드기어+상단헤드기어,5,0,80,300,0,0,○,전직업,STR+3
5577,Dark Knight Mask,하단헤드기어+중단헤드기어+상단헤드기어,5,0,80,300,0,0,○,전직업,STR+3
5564,Crown of Deceit,중단헤드기어+상단헤드기어,3,1,85,30,20,0,○,전직업,INT+4
